,ask12qty,ask12tomid,ask1qty,ask1tomid,bid12qty,bid12tomid,bid1qty,bid1tomid,twspr1,twspr2
6EU5_20150821,149.36276694467657,1.3123224836307288,40.36882794657471,0.5546419347372232,155.7149179085028,1.3076320102913246,42.48356440870518,0.5546419347372232,1.1092838694744465,3.1098140487187123
