,chgavg,dt_alt,dt_avg,dt_cont,duration,eta1,ndfpr,rvp,rvxe,spot_avg,M
6EU5_20150818,1.0103007828594974,10.094369552,11.866391429,15.828600532000001,12.908007207664655,0.22462553075483888,2427.0,0.00454035498045362,0.0030432271147848283,11034.51112026359,13360
