,chgavg,dt_alt,dt_avg,dt_cont,duration,eta1,ndfpr,rvp,rvx,rvxe,spot_avg,M,S1,Volume
6EU5_20150806,1.0058163689239719,10.326656133,11.964573327,15.31438005,13.229924856551463,0.24559626863870657,2407.0,0.004531532337137308,0.0031862606240204414,0.0031759303054406164,10920.656146179403,11240.0,0.9843318660001492,55838.0
