,Trade Qty,Avg_Cost
0,1.0,0.5407063753367255
1,2.0,0.5522807748385753
2,3.0,0.5136574861158336
3,4.0,0.5095996732026143
4,5.0,0.5113954905545399
5,6.0,0.5470355731225297
6,7.0,0.6094051327696187
7,8.0,0.5716472520908005
8,9.0,0.5112242973023958
9,10.0,0.6731756756756755
10,11.0,0.5221130221130221
11,12.0,0.524769101595298
12,13.0,0.512087912087912
13,14.0,0.5169491525423728
14,15.0,0.5438914027149322
15,16.0,0.517078488372093
16,17.0,0.5181660899653979
17,18.0,1.160763888888889
18,19.0,0.5245901639344263
19,20.0,0.56859375
20,21.0,0.5380152060824329
21,22.0,0.5414141414141415
22,23.0,0.5942028985507247
23,24.0,0.5769557823129251
24,25.0,0.6167441860465117
25,26.0,0.5744147157190636
26,27.0,0.5820624546114742
27,28.0,0.5658866995073891
28,29.0,0.7134203168685928
29,30.0,0.6408045977011495
30,31.0,0.60734149054505
31,32.0,0.5643382352941176
32,33.0,0.7922979797979797
33,34.0,0.7379679144385026
34,35.0,0.6244897959183674
35,36.0,4.330128205128205
36,37.0,0.5691573926868044
37,38.0,0.7648026315789473
38,39.0,0.8214285714285714
39,40.0,1.5725806451612905
40,41.0,0.9441056910569104
41,42.0,0.7316017316017316
42,43.0,0.9289405684754521
43,44.0,1.2142857142857142
44,45.0,0.7622222222222221
45,46.0,0.5
46,47.0,1.041033434650456
47,48.0,1.115740740740741
48,49.0,0.7693877551020408
49,50.0,5.196
50,51.0,0.8865546218487396
51,52.0,1.0384615384615385
52,53.0,0.7688679245283019
53,54.0,1.2083333333333333
54,55.0,0.8545454545454545
55,56.0,1.0416666666666667
56,57.0,1.7105263157894737
57,58.0,0.6810344827586207
58,59.0,1.5
59,60.0,2.1166666666666667
60,61.0,1.6502732240437157
61,62.0,1.088709677419355
62,63.0,1.25
63,64.0,1.58203125
64,65.0,1.9
65,66.0,2.296969696969697
66,67.0,0.5895522388059702
67,70.0,1.217857142857143
68,71.0,1.2732394366197184
69,72.0,0.9444444444444444
70,73.0,1.052511415525114
71,74.0,2.0
72,76.0,1.013157894736842
73,77.0,1.5
74,78.0,1.1794871794871795
75,79.0,1.0949367088607596
76,81.0,1.5061728395061729
77,83.0,1.3072289156626506
78,84.0,0.7261904761904762
79,85.0,1.111764705882353
80,88.0,1.9659090909090908
81,89.0,1.651685393258427
82,92.0,2.4456521739130435
83,93.0,2.524193548387097
84,94.0,0.5
85,95.0,2.5
86,99.0,1.2272727272727273
87,100.0,0.98
88,102.0,1.5392156862745099
89,105.0,1.1571428571428573
90,107.0,1.294392523364486
91,111.0,2.31981981981982
92,113.0,50.756637168141594
93,114.0,1.4385964912280702
94,123.0,3.272357723577236
