,Trade Qty,Avg_Cost
0,1.0,0.5102227647238328
1,2.0,0.5073308897034322
2,3.0,0.5059709241952233
3,4.0,0.5072228773584906
4,5.0,0.5122623574144486
5,6.0,0.5086918730986528
6,7.0,0.5101668404588112
7,8.0,0.5054704595185996
8,9.0,0.521043771043771
9,10.0,0.5207831325301205
10,11.0,0.9586038961038961
11,12.0,0.5086805555555556
12,13.0,0.5071428571428571
13,14.0,0.5040816326530612
14,15.0,0.5045751633986928
15,16.0,0.5058823529411764
16,17.0,0.5218600953895072
17,18.0,0.5742971887550201
18,19.0,0.505176876617774
19,20.0,0.57
20,21.0,0.5518433179723501
21,22.0,0.5359848484848485
22,23.0,0.5337528604118993
23,24.0,0.5
24,25.0,0.58625
25,26.0,0.5124434389140271
26,27.0,0.5
27,28.0,0.6089285714285715
28,29.0,0.560344827586207
29,30.0,0.5729166666666666
30,31.0,0.5
31,32.0,0.5597826086956522
32,33.0,0.5774410774410774
33,34.0,0.5
34,35.0,0.5
35,36.0,0.6818181818181818
36,37.0,0.6412776412776413
37,38.0,0.5620300751879699
38,39.0,0.5036630036630036
39,40.0,0.5
40,41.0,0.5
41,42.0,9.333333333333334
42,43.0,0.751937984496124
43,44.0,0.6666666666666666
44,45.0,0.5
45,46.0,0.7391304347826086
46,48.0,1.0
47,49.0,0.7602040816326531
48,50.0,15.105714285714285
49,51.0,1.0
50,52.0,0.6923076923076923
51,53.0,0.7012578616352201
52,54.0,0.9777777777777779
53,55.0,0.7636363636363637
54,56.0,0.5
55,57.0,0.8786549707602339
56,58.0,1.0086206896551724
57,59.0,0.8
58,61.0,0.819672131147541
59,62.0,1.4596774193548385
60,63.0,1.0396825396825395
61,64.0,0.5
62,65.0,0.5
63,66.0,0.9015151515151515
64,67.0,0.5
65,68.0,0.5
66,69.0,0.9601449275362319
67,70.0,1.9571428571428573
68,72.0,0.8101851851851851
69,73.0,0.5
70,76.0,1.4736842105263157
71,80.0,0.5
72,83.0,0.5
73,87.0,1.6494252873563218
74,91.0,1.0714285714285714
75,100.0,0.9333333333333332
76,103.0,0.9757281553398058
77,104.0,0.5
78,116.0,1.5086206896551724
79,118.0,0.5
80,121.0,0.5
81,125.0,0.5
82,134.0,0.5
83,135.0,0.5
84,140.0,0.5
85,160.0,0.5
