,chgavg,dt_alt,dt_avg,dt_cont,duration,eta1,ndfpr,rvp,rvx,rvxe,spot_avg,M,S1,Volume
6EU5_20150630,1.0198195533205148,3.742508436,4.259418577,5.292998226,4.477849405360363,0.250027564507671,6761.0,0.007609221977311324,0.0054768905789890085,0.005380829074991237,11178.859804791482,26825.0,0.9722694174757281,118680.0
