,ask12qty,ask12tomid,ask1qty,ask1tomid,bid12qty,bid12tomid,bid1qty,bid1tomid,twspr1,twspr2
6EU5_20150724,129.80867687835905,1.3016191096780083,32.754114627130264,0.5343316322487962,129.31648075153183,1.308412165867791,31.648205465419547,0.5343316322487962,1.0686632644975924,3.068718854663418
