,Li,lamb,Co,Al,u,eta
0,1.0,0.9920877998979071,1405.0,2481.0,0.2831519548569125,0.28091159993078585
1,2.0,0.007912200102092905,4.0,27.0,-0.35185185185185186,-0.0027839222581438
