,Trade Qty,Avg_Cost
0,1.0,0.5220187486374537
1,2.0,0.5094339622641509
2,3.0,0.5064237327727167
3,4.0,0.5052847282139775
4,5.0,0.5134638922888617
5,6.0,0.5892972275950998
6,7.0,0.5191944619257395
7,8.0,0.5143323657474601
8,9.0,0.5170454545454546
9,10.0,0.5402877697841726
10,11.0,0.7313829787234043
11,12.0,0.5164529914529914
12,13.0,0.514957264957265
13,14.0,0.5131428571428571
14,15.0,0.5108974358974359
15,16.0,0.5114795918367347
16,17.0,0.5215894868585732
17,18.0,0.5284391534391535
18,19.0,0.5197368421052632
19,20.0,0.5314285714285715
20,21.0,0.5416666666666666
21,22.0,1.5
22,23.0,1.720496894409938
23,24.0,0.5
24,25.0,0.5538888888888889
25,26.0,0.500620347394541
26,27.0,0.5470679012345679
27,28.0,0.5689655172413793
28,29.0,2.775
29,30.0,0.5527777777777777
30,31.0,0.6304347826086957
31,32.0,0.53125
32,33.0,0.5
33,34.0,0.5607843137254902
34,35.0,0.7204081632653061
35,36.0,0.6607142857142857
36,37.0,0.6666666666666666
37,38.0,0.5
38,39.0,0.5
39,40.0,5.75
40,41.0,0.6428571428571429
41,42.0,0.6768707482993197
42,43.0,0.5
43,44.0,0.5170454545454546
44,45.0,0.707936507936508
45,46.0,0.9782608695652174
46,47.0,0.8404255319148936
47,48.0,0.5
48,49.0,0.5
49,50.0,0.5
50,52.0,0.7115384615384616
51,53.0,0.5
52,54.0,0.5
53,55.0,0.5
54,56.0,1.6190476190476193
55,58.0,0.7758620689655172
56,59.0,1.0
57,60.0,0.5
58,61.0,1.2254098360655736
59,62.0,3.032258064516129
60,64.0,0.5
61,65.0,1.4615384615384615
62,66.0,0.5
63,68.0,0.8897058823529411
64,69.0,0.5
65,70.0,0.5
66,71.0,1.4859154929577465
67,72.0,1.2291666666666667
68,76.0,1.019736842105263
69,77.0,1.4610389610389611
70,79.0,0.6645569620253164
71,81.0,0.5
72,86.0,0.5
73,87.0,0.5
74,91.0,1.5
75,93.0,0.5
76,97.0,0.5
77,100.0,9.57
78,101.0,1.6287128712871286
79,102.0,0.5
80,104.0,0.5
81,110.0,0.5
82,114.0,0.5
83,119.0,0.5
84,125.0,0.5
85,126.0,0.5
86,140.0,0.5
87,148.0,0.5
88,159.0,0.5
