,Li,lamb,Co,Al,u,eta
0,1.0,0.9928525016244314,1198.0,1857.0,0.32256327409800756,0.32025775362037395
1,2.0,0.00649772579597141,3.0,17.0,-0.32352941176470584,-0.002102205404578985
2,3.0,0.000649772579597141,2.0,0.0,inf,inf
