,chgavg,dt_alt,dt_avg,dt_cont,duration,eta1,ndfpr,rvp,rvxe,spot_avg
6EU5_20150904,1.0235033259423503,5.751042995000001,6.384587583,7.417274155,5.860194152425524,0.30570016834719077,4510.0,0.006680261852782663,0.0052234365431527065,11130.713810684992
