,Trade Qty,Avg_Cost
0,1.0,0.5112743856093236
1,2.0,0.5108276475823198
2,3.0,0.5111482720178372
3,4.0,0.5110216934919524
4,5.0,0.5187606112054329
5,6.0,0.508100445524504
6,7.0,0.5056672369546622
7,8.0,0.5127190847127556
8,9.0,0.5051647124511446
9,10.0,0.6214446952595937
10,11.0,0.5155062328975372
11,12.0,0.5088300220750551
12,13.0,0.5120663650075414
13,14.0,0.5173745173745173
14,15.0,0.5064516129032258
15,16.0,0.5122340425531915
16,17.0,0.5011204481792717
17,18.0,0.5489078822412157
18,19.0,0.5164473684210527
19,20.0,0.5949152542372882
20,21.0,0.5389000670690811
21,22.0,0.562316715542522
22,23.0,0.5189723320158103
23,24.0,0.50625
24,25.0,0.608148148148148
25,26.0,0.545054945054945
26,27.0,0.5340501792114696
27,28.0,0.5517241379310345
28,29.0,0.5590386624869385
29,30.0,0.5705128205128205
30,31.0,0.5596774193548387
31,32.0,2.4655172413793105
32,33.0,0.7704545454545455
33,34.0,0.6258169934640523
34,35.0,0.6194805194805194
35,36.0,0.5541666666666667
36,37.0,0.524948024948025
37,38.0,0.5
38,39.0,0.6111111111111112
39,40.0,0.6117647058823529
40,41.0,0.6853658536585365
41,42.0,0.5714285714285714
42,43.0,0.5
43,44.0,0.625
44,45.0,0.8746031746031745
45,46.0,0.7318840579710145
46,47.0,0.6656534954407294
47,48.0,0.5
48,49.0,0.5
49,50.0,1.2066666666666668
50,51.0,0.5
51,52.0,0.7307692307692308
52,53.0,0.6540880503144654
53,54.0,0.5
54,55.0,0.5
55,56.0,0.5
56,57.0,0.5
57,58.0,0.5
58,59.0,0.5
59,60.0,0.5
60,61.0,0.7131147540983607
61,62.0,1.2580645161290323
62,63.0,0.5793650793650793
63,64.0,0.9921875
64,66.0,0.75
65,67.0,0.5
66,69.0,0.5
67,70.0,1.5
68,73.0,0.5
69,74.0,0.5
70,82.0,4.030487804878049
71,83.0,0.5
72,85.0,0.5
73,86.0,0.5
74,87.0,0.5
75,88.0,0.6534090909090909
76,89.0,0.5
77,91.0,0.554945054945055
78,92.0,0.5
79,93.0,0.5
80,94.0,1.3297872340425532
81,98.0,1.2346938775510203
82,103.0,0.5
83,111.0,0.5
84,128.0,0.5
85,134.0,0.5
86,138.0,0.5
87,158.0,0.5
