,Li,lamb,Co,Al,u,eta
0,1.0,0.987293863206272,1234.0,2417.0,0.25527513446421185,0.25203157368567225
1,2.0,0.011895106785617735,2.0,42.0,-0.45238095238095233,-0.00538111973635088
2,3.0,0.0005406866720735334,0.0,2.0,-1.0,-0.0005406866720735334
3,4.0,0.0002703433360367667,1.0,0.0,inf,inf
