,chgavg,dt_alt,dt_avg,dt_cont,duration,eta1,ndfpr,rvp,rvxe,spot_avg
6EU5_20150908,1.0067365269461077,9.057551897,10.778306137000001,14.298308304,11.876990480458792,0.24519422747077593,2672.0,0.004668599540159655,0.0032693148075945777,11187.490460157127
