,Li,lamb,Co,Al,u,eta
0,1.0,0.8373382624768947,641.0,717.0,0.44700139470013944,0.37429137116296335
1,2.0,0.13493530499075784,78.0,141.0,0.05319148936170215,0.007177409839933931
2,3.0,0.02279728897104128,10.0,27.0,-0.4444444444444444,-0.010132128431573902
3,4.0,0.0024645717806531116,1.0,3.0,-0.8333333333333335,-0.0020538098172109267
4,5.0,0.0012322858903265558,0.0,2.0,-2.0,-0.0024645717806531116
5,11.0,0.0006161429451632779,0.0,1.0,-5.0,-0.0030807147258163897
6,12.0,0.0006161429451632779,0.0,1.0,-5.5,-0.0033887861983980284
