,Li,lamb,Co,Al,u,eta
0,1.0,0.9955411430887718,873.0,1582.0,0.2759165613147914,0.27468628884845064
1,2.0,0.004053506282934738,0.0,10.0,-0.5,-0.002026753141467369
2,3.0,0.00040535062829347385,1.0,0.0,inf,inf
