,chgavg,dt_alt,dt_avg,dt_cont,duration,eta1,ndfpr,rvp,rvxe,spot_avg
6EU5_20150901,1.0510024621878298,4.472137283,5.064487513,5.950017574,4.418409270350912,0.33142589272443973,5686.0,0.007595935527361945,0.0061842848499267,11273.486899947247
