,Li,lamb,Co,Al,u,eta
0,1.0,0.9904982023626091,1280.0,2576.0,0.24844720496894412,0.24608650990375383
1,2.0,0.009501797637390858,3.0,34.0,-0.4117647058823529,-0.003912504909513882
