,chgavg,dt_alt,dt_avg,dt_cont,duration,eta1,ndfpr,rvp,rvx,rvxe,spot_avg,M,S1,Volume
6EU5_20150618,1.0221646982688886,4.115988877,4.659191231,5.627516636,4.79563198993196,0.28146749467196575,6181.0,0.007208420867167124,0.005517455180575972,0.005408405637241726,11402.74587512132,25434.0,0.9809877622377622,114425.0
