,Li,lamb,Co,Al,u,eta
0,1.0,0.9948207171314741,889.0,1607.0,0.27660236465463595,0.2751697627659864
1,2.0,0.0051792828685258965,1.0,12.0,-0.41666666666666663,-0.0021580345285524567
