,chgavg,dt_alt,dt_avg,dt_cont,duration,eta1,ndfpr,rvp,rvxe,spot_avg
6EU5_20150714,1.0122679045092837,8.499326581,9.547408488,11.696847628,10.354704752173173,0.24515492128370772,3016.0,0.005071657015859879,0.003551282173170065,11029.447795823666
