,Li,lamb,Co,Al,u,eta
0,1.0,0.9880636604774535,988.0,1991.0,0.24811652435961828,0.24515492128370772
1,2.0,0.011604774535809019,2.0,33.0,-0.43939393939393945,-0.0050990675990676
2,3.0,0.0003315649867374005,1.0,0.0,inf,inf
