,Trade Qty,Avg_Cost
0,1.0,0.5457594276345208
1,2.0,0.5671040151754664
2,3.0,0.5506974248927039
3,4.0,0.5073148148148148
4,5.0,0.5628181818181819
5,6.0,0.6150848234754699
6,7.0,0.5134155184916607
7,8.0,0.5455792682926829
8,9.0,0.5038829151732378
9,10.0,0.7868493150684933
10,11.0,0.5181818181818182
11,12.0,0.5263653483992468
12,13.0,0.5116625310173697
13,14.0,0.5330882352941176
14,15.0,0.5124610591900312
15,16.0,0.5413602941176471
16,17.0,0.5268056589724497
17,18.0,1.4975845410628021
18,19.0,0.5671321160042965
19,20.0,1.115753424657534
20,21.0,0.5308880308880309
21,22.0,1.1158357771260998
22,23.0,0.5434782608695653
23,24.0,0.5218253968253967
24,25.0,0.5841666666666666
25,26.0,0.6031468531468532
26,27.0,0.686026936026936
27,28.0,0.5577731092436975
28,29.0,1.9379310344827587
29,30.0,0.6088888888888888
30,31.0,3.747983870967742
31,32.0,0.5375
32,33.0,0.5865800865800865
33,34.0,0.915032679738562
34,35.0,0.6228571428571429
35,36.0,0.7
36,37.0,0.7216216216216216
37,38.0,0.7368421052631579
38,39.0,7.6506410256410255
39,40.0,0.9700000000000001
40,41.0,0.8810975609756098
41,42.0,0.5
42,43.0,0.6007751937984497
43,44.0,0.5
44,45.0,12.75
45,46.0,1.0543478260869565
46,47.0,0.75
47,48.0,1.0
48,49.0,0.9770408163265306
49,50.0,2.837777777777778
50,51.0,29.0
51,52.0,1.0737179487179487
52,53.0,0.5
53,54.0,1.425925925925926
54,55.0,0.6
55,57.0,0.5526315789473684
56,58.0,0.6551724137931034
57,59.0,2.8220338983050848
58,60.0,1.4583333333333335
59,61.0,1.0204918032786885
60,62.0,25.0
61,64.0,0.5
62,66.0,25.0
63,67.0,1.5
64,68.0,1.9558823529411766
65,69.0,1.8043478260869565
66,70.0,1.55
67,73.0,0.5
68,76.0,24.5
69,86.0,0.5
70,99.0,0.5
71,101.0,1.113861386138614
72,122.0,0.5
73,131.0,2.0572519083969465
74,140.0,29.0
75,160.0,0.61875
76,510.0,25.0
