,Trade Qty,Avg_Cost
0,1.0,0.5173124484748557
1,2.0,0.5069304071614207
2,3.0,0.5036549707602339
3,4.0,0.5080922865013774
4,5.0,0.5092557251908396
5,6.0,0.5110963160230804
6,7.0,0.6037219485495346
7,8.0,0.5085346638655462
8,9.0,0.5072886297376092
9,10.0,0.5225961538461538
10,11.0,0.8530017152658662
11,12.0,0.5059754521963824
12,13.0,0.5131169408626056
13,14.0,0.861545988258317
14,15.0,0.5120805369127517
15,16.0,0.7352216748768473
16,17.0,0.5118726389638424
17,18.0,0.5468540829986613
18,19.0,0.5078947368421053
19,20.0,0.5676470588235295
20,21.0,0.5024630541871921
21,22.0,0.5411931818181819
22,23.0,0.5194099378881988
23,24.0,0.5358796296296295
24,25.0,0.566875
25,26.0,0.5035778175313059
26,27.0,0.6244212962962963
27,28.0,0.5
28,29.0,0.5494752623688156
29,30.0,4.304166666666666
30,31.0,0.5796676441837733
31,32.0,0.5322916666666667
32,33.0,0.5252525252525253
33,34.0,0.6066176470588236
34,35.0,0.5825396825396826
35,36.0,0.5
36,37.0,0.5965250965250964
37,38.0,0.5
38,39.0,0.5
39,40.0,0.5611111111111111
40,41.0,0.6666666666666666
41,42.0,0.6952380952380952
42,43.0,0.5
43,44.0,0.5
44,45.0,0.5
45,46.0,0.6521739130434783
46,47.0,0.5
47,48.0,0.5
48,49.0,0.9693877551020408
49,50.0,0.7026666666666668
50,51.0,0.5
51,52.0,0.5
52,53.0,0.6433962264150944
53,54.0,0.6666666666666666
54,55.0,0.5
55,56.0,0.5
56,57.0,1.5
57,58.0,0.75
58,59.0,0.8050847457627118
59,60.0,0.5
60,61.0,0.8333333333333334
61,62.0,0.5
62,63.0,1.8333333333333333
63,64.0,0.51875
64,66.0,0.5
65,67.0,1.1965174129353233
66,68.0,1.0772058823529411
67,69.0,1.0072463768115942
68,70.0,1.1857142857142857
69,71.0,0.5
70,72.0,0.5
71,73.0,1.0890410958904109
72,74.0,0.9459459459459459
73,76.0,0.793859649122807
74,77.0,0.5
75,78.0,0.6025641025641026
76,80.0,0.5
77,81.0,0.5
78,89.0,0.5
79,94.0,1.5
80,112.0,2.5
81,114.0,1.4824561403508771
