,chgavg,dt_alt,dt_avg,dt_cont,duration,eta1,ndfpr,rvp,rvxe,spot_avg
6EU5_20150910,1.0226082817705855,6.235078423,6.853181818,7.823286324000001,6.897910253750031,0.31926791396720705,4202.0,0.006089403010995596,0.004865946759405744,11254.83202474423
