,ask12qty,ask12tomid,ask1qty,ask1tomid,bid12qty,bid12tomid,bid1qty,bid1tomid,twspr1,twspr2
6EU5_20150731,117.60081202804102,1.4275244703822287,29.467245947816952,0.64892767340638,114.7521132887202,1.403322734851957,28.892152185964104,0.64892767340638,1.29785534681276,3.343015471368817
