,ask12qty,ask12tomid,ask1qty,ask1tomid,bid12qty,bid12tomid,bid1qty,bid1tomid,twspr1,twspr2
6EU5_20150618,82.98939722038025,1.3504245023771009,20.7970448445048,0.6305994202691696,90.80979155137615,1.3476769916703535,24.467064681879467,0.6305994202691696,1.2611988405383392,3.34702846997232
