,chgavg,dt_alt,dt_avg,dt_cont,duration,eta1,ndfpr,rvp,rvxe,spot_avg,M
6EU5_20150723,1.0074750830564785,6.67436466,7.972962624000001,10.281927803,8.77336058431974,0.2817798211270103,3612.0,0.0055288699351629415,0.0041505563631486185,10991.403265983947,18906
