,Li,lamb,Co,Al,u,eta
0,1.0,0.9843484819913256,1940.0,3279.0,0.2958218969197926,0.29119183517279223
1,2.0,0.013954365453516877,13.0,61.0,-0.28688524590163933,-0.00400330156453353
2,3.0,0.0003771450122572129,1.0,1.0,0.5,0.00018857250612860644
3,4.0,0.0003771450122572129,0.0,2.0,-1.5,-0.0005657175183858194
4,5.0,0.0005657175183858194,1.0,2.0,-0.75,-0.00042428813878936454
5,6.0,0.00018857250612860644,1.0,0.0,inf,inf
6,11.0,0.00018857250612860644,0.0,1.0,-5.0,-0.0009428625306430322
