,chgavg,dt_alt,dt_avg,dt_cont,duration,eta1,ndfpr,rvp,rvx,rvxe,spot_avg,M,S1,Volume
6EU5_20150907,1.023076923076923,20.039920199,22.140075384000003,25.529588709000002,46.621063680191206,0.3096946867565424,650.0,0.002361565596294753,0.0018738737785728304,0.0018585826916231846,11163.012288786482,2862.0,0.9731481481481481,11571.0
