,chgavg,dt_alt,dt_avg,dt_cont,duration,eta1,ndfpr,rvp,rvxe,spot_avg,M
6EU5_20150824,1.0676488898111642,1.082097294,1.1942478520000002,1.360346371,1.1020690347541524,0.3367825070892294,24095.0,0.014759625188514343,0.012113372978289495,11616.967546480744,72210
