,ask12qty,ask12tomid,ask1qty,ask1tomid,bid12qty,bid12tomid,bid1qty,bid1tomid,twspr1,twspr2
6EU5_20150706,87.33998713743964,1.4258787889815463,23.15066826729403,0.7197782266328114,84.87072095180592,1.465561044596013,21.830620638829757,0.7197782266328114,1.4395564532656229,3.4395792550490074
