,ask12qty,ask12tomid,ask1qty,ask1tomid,bid12qty,bid12tomid,bid1qty,bid1tomid,twspr1,twspr2
6EU5_20150623,105.73167590444938,1.463397056631736,27.244374476368503,0.7048217438341228,100.77796103856797,1.4703763755584385,25.20288306927331,0.7048217438341228,1.4096434876682455,3.4096769874068555
