,chgavg,dt_alt,dt_avg,dt_cont,duration,eta1,ndfpr,rvp,rvx,rvxe,spot_avg,M,S1,Volume
6EU5_20150624,1.0068511198945982,7.116420798,7.588612911,8.303825082000001,8.365771166843524,0.33207590986695235,3795.0,0.005555884492892353,0.004538863753511174,0.004527796418575453,11201.245258166491,18083.0,0.9919524895640573,82699.0
