,Li,lamb,Co,Al,u,eta
0,1.0,0.9806248486316299,1375.0,2673.0,0.257201646090535,0.2522183252653369
1,2.0,0.016711068055219182,5.0,64.0,-0.421875,-0.007049981835795593
2,3.0,0.0016953257447323807,2.0,5.0,-0.3999999999999999,-0.0006781302978929522
3,4.0,0.0004843787842092516,2.0,0.0,inf,inf
4,5.0,0.0002421893921046258,1.0,0.0,inf,inf
5,11.0,0.0002421893921046258,1.0,0.0,inf,inf
