,chgavg,dt_alt,dt_avg,dt_cont,duration,eta1,ndfpr,rvp,rvxe,spot_avg,M
6EU5_20150708,1.0098969905069684,5.37921067,5.816118359000001,6.4482043430000004,6.355375613728161,0.3473955177405238,4951.0,0.006449521043223251,0.00537594190975863,11070.683360258481,21946
