,chgavg,dt_alt,dt_avg,dt_cont,duration,eta1,ndfpr,rvp,rvxe,spot_avg,M
6EU5_20150720,1.0128359406337746,10.422500301000001,11.550043321,13.815273164,12.514284373044687,0.2495096429120264,2493.0,0.004687993078971081,0.003311659119696643,10853.817963111467,13273
