,Li,lamb,Co,Al,u,eta
0,1.0,0.9916092943201377,1516.0,3092.0,0.24514877102199223,0.24309179983656673
1,2.0,0.007314974182444062,2.0,32.0,-0.4375,-0.003200301204819277
2,4.0,0.0002151462994836489,1.0,0.0,inf,inf
3,5.0,0.0002151462994836489,1.0,0.0,inf,inf
4,6.0,0.0002151462994836489,0.0,1.0,-2.5,-0.0005378657487091223
5,7.0,0.0002151462994836489,1.0,0.0,inf,inf
6,8.0,0.0002151462994836489,0.0,1.0,-3.5,-0.0007530120481927711
