,Li,lamb,Co,Al,u,eta
0,1.0,0.9854393305439331,2261.0,3626.0,0.31177606177606176,0.30723639359622623
1,2.0,0.014393305439330545,14.0,72.0,-0.3055555555555556,-0.004397954439795445
2,3.0,0.00016736401673640169,1.0,0.0,inf,inf
