,Li,lamb,Co,Al,u,eta
0,1.0,0.9950074887668497,1340.0,2645.0,0.2533081285444234,0.2520434848672171
1,2.0,0.004992511233150275,1.0,19.0,-0.44736842105263164,-0.0022334918674619653
