,Trade Qty,Avg_Cost
0,1.0,0.6189817724701445
1,2.0,0.512031768610716
2,3.0,0.5089930709125756
3,4.0,0.5582434733257662
4,5.0,0.514178544636159
5,6.0,0.5762300762300763
6,7.0,0.5062191329796963
7,8.0,0.509125344352617
8,9.0,0.5121597501115573
9,10.0,2.1995183044316
10,11.0,0.8345191040843215
11,12.0,0.5156581740976646
12,13.0,0.5235732009925558
13,14.0,0.5085106382978724
14,15.0,0.5204166666666666
15,16.0,0.5155709342560554
16,17.0,0.5155038759689923
17,18.0,0.5348943985307623
18,19.0,0.553763440860215
19,20.0,0.53875
20,21.0,0.5491854636591479
21,22.0,0.5469497607655501
22,23.0,0.5370843989769821
23,24.0,0.5342105263157895
24,25.0,4.553731343283583
25,26.0,0.5993589743589743
26,27.0,0.5446859903381643
27,28.0,0.5703463203463203
28,29.0,0.5535880708294502
29,30.0,0.6546666666666665
30,31.0,0.6290322580645161
31,32.0,0.5330357142857143
32,33.0,0.5
33,34.0,0.6405228758169934
34,35.0,0.6085714285714285
35,36.0,0.6833333333333333
36,37.0,1.084942084942085
37,38.0,0.6376518218623481
38,39.0,0.6651583710407241
39,40.0,0.7260000000000001
40,41.0,0.625
41,42.0,0.5238095238095238
42,43.0,0.5139534883720931
43,44.0,8.6875
44,45.0,0.6955555555555556
45,46.0,0.5
46,47.0,0.8465045592705167
47,48.0,0.8151041666666667
48,49.0,0.6326530612244898
49,50.0,9.282666666666668
50,51.0,0.5
51,52.0,0.5480769230769231
52,53.0,0.5833333333333334
53,54.0,0.5
54,55.0,0.5
55,56.0,0.8333333333333334
56,57.0,0.5350877192982456
57,58.0,10.201149425287356
58,59.0,0.8305084745762712
59,60.0,0.6041666666666666
60,61.0,1.0
61,62.0,0.967741935483871
62,63.0,0.5
63,64.0,0.9114583333333334
64,65.0,0.5
65,66.0,1.484848484848485
66,67.0,0.5
67,68.0,0.5
68,70.0,1.138095238095238
69,71.0,0.8333333333333334
70,72.0,2.0
71,73.0,2.5
72,74.0,1.4504504504504503
73,75.0,0.8822222222222221
74,76.0,0.8223684210526316
75,77.0,0.5
76,78.0,0.5
77,80.0,0.7375
78,81.0,1.0
79,82.0,1.2926829268292683
80,83.0,0.5
81,84.0,1.0
82,85.0,0.5
83,91.0,0.5
84,92.0,0.5
85,97.0,0.5
86,98.0,1.0
87,99.0,0.5
88,100.0,1.3733333333333333
89,103.0,0.912621359223301
90,104.0,0.9471153846153846
91,108.0,0.5
92,109.0,0.5
93,110.0,0.5
94,124.0,3.2419354838709675
95,128.0,1.5
96,138.0,0.5
97,151.0,64.5
98,156.0,1.5320512820512822
99,158.0,1.3101265822784811
