,ask12qty,ask12tomid,ask1qty,ask1tomid,bid12qty,bid12tomid,bid1qty,bid1tomid,twspr1,twspr2
6EU5_20150709,89.79584644797545,1.6432004130080886,23.34387843218215,0.8772851502081502,89.35874894430476,1.6116553865887822,23.118399812892132,0.8772851502081502,1.7545703004163005,3.75477454894279
