,chgavg,dt_alt,dt_avg,dt_cont,duration,eta1,ndfpr,rvp,rvxe,spot_avg,M
6EU5_20150827,1.018662771827329,4.176266925,4.673104024000001,5.51346137,4.968685592659781,0.2966719623268319,6162.0,0.0071819393534507765,0.005532163200453955,11243.719779328248,28000
