,Li,lamb,Co,Al,u,eta
0,1.0,0.9913950456323337,1456.0,2345.0,0.31044776119402984,0.30777637237541106
1,2.0,0.008083441981747066,2.0,29.0,-0.43103448275862066,-0.003484242233511666
2,3.0,0.0005215123859191656,1.0,1.0,0.5,0.0002607561929595828
