,Trade Qty,Avg_Cost
0,1.0,0.5581770518249647
1,2.0,0.5308628791114908
2,3.0,0.5058497536945813
3,4.0,0.5153105861767279
4,5.0,0.516891064871481
5,6.0,0.5157977883096366
6,7.0,0.5157563025210085
7,8.0,0.5199032738095238
8,9.0,0.5118542108987969
9,10.0,0.536031746031746
10,11.0,0.5208677685950412
11,12.0,0.524904214559387
12,13.0,0.5075757575757576
13,14.0,0.5180023228803716
14,15.0,0.5244094488188976
15,16.0,0.5163793103448275
16,17.0,0.5239398084815322
17,18.0,0.5301932367149759
18,19.0,0.658466819221968
19,20.0,0.5962025316455697
20,21.0,0.5347619047619048
21,22.0,0.5162337662337662
22,23.0,0.6548089591567853
23,24.0,0.5238095238095238
24,25.0,0.6607999999999999
25,26.0,0.5172413793103449
26,27.0,3.1666666666666665
27,28.0,0.5267857142857143
28,29.0,0.6394984326018809
29,30.0,0.5116666666666667
30,31.0,0.5705645161290323
31,32.0,0.5245535714285714
32,33.0,0.6
33,34.0,0.5
34,35.0,0.6409523809523809
35,36.0,0.5454545454545454
36,37.0,0.6777546777546777
37,38.0,0.7
38,39.0,0.5714285714285714
39,40.0,0.68625
40,41.0,2.002439024390244
41,42.0,0.9325396825396824
42,43.0,0.5
43,44.0,0.5
44,45.0,0.5
45,47.0,1.2340425531914894
46,48.0,0.5
47,49.0,0.8163265306122449
48,50.0,0.836
49,52.0,0.5
50,53.0,1.4622641509433962
51,54.0,0.5
52,55.0,1.0727272727272728
53,56.0,0.75
54,61.0,0.9098360655737705
55,63.0,0.5
56,65.0,0.5
57,67.0,1.388059701492537
58,69.0,0.5
59,70.0,1.0
60,71.0,0.5140845070422535
61,73.0,0.5
62,74.0,3.3445945945945947
63,75.0,2.34
64,79.0,0.75
65,82.0,1.2195121951219512
66,83.0,0.5
67,84.0,2.0396825396825395
68,85.0,1.4176470588235295
69,87.0,1.5
70,88.0,1.2840909090909092
71,93.0,0.5
72,99.0,1.2727272727272727
73,105.0,1.0904761904761904
74,107.0,0.5
