,Li,lamb,Co,Al,u,eta
0,1.0,0.9823109380071405,2279.0,3773.0,0.30201431221839387,0.2966719623268319
1,2.0,0.016877637130801686,12.0,92.0,-0.3695652173913043,-0.006237387635296275
2,3.0,0.0006491398896462187,0.0,4.0,-1.0,-0.0006491398896462187
3,4.0,0.0001622849724115547,0.0,1.0,-1.5,-0.00024342745861733204
