,chgavg,dt_alt,dt_avg,dt_cont,duration,eta1,ndfpr,rvp,rvx,rvxe,spot_avg,M,S1,Volume
6EU5_20150730,1.0066827051590483,6.980837037000001,7.69743197,9.255295319,8.490652347944172,0.22946763166927928,3741.0,0.005653608317936599,0.00384470319087404,0.003830023438872501,10926.378941742383,19222.0,0.990085224875538,104821.0
