,ask12qty,ask12tomid,ask1qty,ask1tomid,bid12qty,bid12tomid,bid1qty,bid1tomid,twspr1,twspr2
6EU5_20150728,140.51765320026647,1.356194687713887,39.81028736991219,0.6333632788431719,134.86112753145986,1.4032978903521014,35.99806311312225,0.6333632788431719,1.2667265576863438,3.2667365257665826
