,Trade Qty,Avg_Cost
0,1.0,0.5131519274376417
1,2.0,0.5308092056421678
2,3.0,0.5033804548248311
3,4.0,0.5071012381646031
4,5.0,0.5064885496183206
5,6.0,0.5050825921219823
6,7.0,0.5179506357516831
7,8.0,0.5059814453125
8,9.0,0.5048030739673391
9,10.0,0.5108108108108108
10,11.0,0.5314828614008942
11,12.0,0.5916666666666668
12,13.0,0.5077422577422578
13,14.0,0.512987012987013
14,15.0,0.5092592592592593
15,16.0,0.5066176470588235
16,17.0,0.5237556561085973
17,18.0,0.5109890109890111
18,19.0,0.5116959064327485
19,20.0,0.5358024691358023
20,21.0,0.5119047619047619
21,22.0,0.5173160173160173
22,23.0,0.5652173913043478
23,24.0,0.5081300813008129
24,25.0,0.5953846153846154
25,26.0,0.556923076923077
26,27.0,0.5208333333333334
27,28.0,0.5392857142857144
28,29.0,0.5402298850574713
29,30.0,0.5190476190476191
30,31.0,0.532258064516129
31,32.0,0.5
32,33.0,0.5
33,34.0,0.5641711229946524
34,35.0,0.6551020408163265
35,36.0,0.7469135802469136
36,37.0,0.6081081081081081
37,38.0,0.5225563909774437
38,39.0,0.5
39,40.0,0.93125
40,41.0,0.5
41,42.0,0.9226190476190477
42,43.0,0.5651162790697675
43,44.0,0.7670454545454546
44,45.0,0.8333333333333334
45,46.0,1.1666666666666667
46,48.0,0.5
47,49.0,0.6836734693877551
48,50.0,0.9733333333333333
49,51.0,0.5
50,52.0,0.8653846153846154
51,53.0,0.5
52,55.0,0.5
53,56.0,1.1785714285714286
54,58.0,1.396551724137931
55,59.0,0.5
56,60.0,1.0
57,61.0,0.5
58,63.0,1.246031746031746
59,64.0,0.984375
60,65.0,0.5
61,66.0,1.0454545454545454
62,68.0,0.5
63,70.0,2.414285714285714
64,72.0,0.5
65,74.0,1.2702702702702702
66,80.0,0.8125
67,96.0,1.5
68,99.0,0.5
69,100.0,1.33
70,104.0,0.5
71,110.0,0.5
72,141.0,0.5
73,147.0,1.1802721088435375
