,Trade Qty,Avg_Cost
0,1.0,0.5107366132101114
1,2.0,0.5139303482587064
2,3.0,0.5469020422291451
3,4.0,0.5096551724137931
4,5.0,0.5090643274853801
5,6.0,0.5141690682036504
6,7.0,0.524914089347079
7,8.0,0.512400228050171
8,9.0,0.5110811620245582
9,10.0,0.534159779614325
10,11.0,0.5150853513298929
11,12.0,0.5211412151067324
12,13.0,0.5206378986866792
13,14.0,0.5134983127109112
14,15.0,0.5172161172161173
15,16.0,0.5099826388888888
16,17.0,0.5236068111455109
17,18.0,0.5293650793650794
18,19.0,0.547962648556876
19,20.0,0.6206666666666666
20,21.0,0.5202380952380953
21,22.0,0.5509977827050998
22,23.0,0.5043478260869565
23,24.0,0.5673076923076923
24,25.0,0.5528
25,26.0,0.5585284280936454
26,27.0,0.5765432098765433
27,28.0,0.7261904761904762
28,29.0,0.6081504702194358
29,30.0,0.7386666666666665
30,31.0,0.5906298003072197
31,32.0,0.5772058823529411
32,33.0,0.7247474747474748
33,34.0,0.6372549019607843
34,35.0,0.5885714285714286
35,36.0,0.5277777777777778
36,37.0,0.5202702702702703
37,38.0,0.700956937799043
38,39.0,1.0457875457875458
39,40.0,0.7222222222222222
40,41.0,0.7357723577235772
41,42.0,0.5
42,43.0,0.625
43,44.0,0.5
44,45.0,0.8472222222222222
45,46.0,0.6594202898550724
46,47.0,0.7957446808510639
47,48.0,0.75
48,49.0,0.5
49,50.0,0.7459999999999999
50,51.0,1.0
51,52.0,0.6794871794871794
52,53.0,0.5
53,54.0,1.175925925925926
54,55.0,0.5
55,56.0,0.5
56,57.0,0.5
57,60.0,0.8166666666666667
58,61.0,0.9426229508196722
59,62.0,2.040322580645161
60,65.0,0.5
61,66.0,1.0151515151515151
62,68.0,1.3088235294117647
63,70.0,0.5
64,71.0,0.5
65,72.0,0.5
66,73.0,1.3904109589041096
67,75.0,2.043333333333333
68,76.0,1.0476973684210527
69,79.0,1.2025316455696202
70,80.0,0.5
71,90.0,0.5
72,91.0,1.3131868131868132
73,93.0,0.5
74,102.0,0.5
75,106.0,0.5
76,113.0,0.5
77,146.0,0.5
