,Li,lamb,Co,Al,u,eta
0,1.0,0.991875203119922,1110.0,1941.0,0.28593508500772796,0.28361192052115236
1,2.0,0.008124796880077998,1.0,24.0,-0.45833333333333337,-0.003723865236702416
