,chgavg,dt_alt,dt_avg,dt_cont,duration,eta1,ndfpr,rvp,rvxe,spot_avg,M
6EU5_20150721,1.0095890410958903,5.022881079,5.634960469,7.040893685,6.160721701535814,0.21805186299810544,5110.0,0.006635037374973188,0.0043816559365213925,10929.828213656818,26794
