,Li,lamb,Co,Al,u,eta
0,1.0,0.9901030094930318,2021.0,2880.0,0.35086805555555556,0.3473955177405238
1,2.0,0.00989699050696829,5.0,44.0,-0.38636363636363635,-0.003823837241328657
