,ask12qty,ask12tomid,ask1qty,ask1tomid,bid12qty,bid12tomid,bid1qty,bid1tomid,twspr1,twspr2
6EU5_20150820,162.6780389807825,1.513522491544096,45.870477542109754,0.6340211687570698,165.87325661690733,1.3988146905225827,46.17368872246493,0.6340211687570698,1.2680423375141396,3.439103351670248
