,Trade Qty,Avg_Cost
0,1.0,0.5211516605632024
1,2.0,0.5144761029411765
2,3.0,0.5065211422295441
3,4.0,0.5073572689817539
4,5.0,0.5085714285714285
5,6.0,0.5073581560283688
6,7.0,0.5084612357339631
7,8.0,0.5075700227100681
8,9.0,0.6120389700765484
9,10.0,0.5181494661921708
10,11.0,0.5094394423467905
11,12.0,0.5184343434343434
12,13.0,0.7098052162429845
13,14.0,0.5108543417366948
14,15.0,0.5175355450236967
15,16.0,0.5121753246753247
16,17.0,0.5229182582123759
17,18.0,0.524390243902439
18,19.0,0.5156183140778776
19,20.0,0.8146276595744681
20,21.0,0.5287698412698413
21,22.0,0.5362485615650172
22,23.0,0.5186880244088482
23,24.0,0.5267857142857143
24,25.0,0.5809638554216867
25,26.0,0.5653846153846154
26,27.0,0.5365853658536586
27,28.0,0.5083056478405314
28,29.0,0.564176245210728
29,30.0,1.4993197278911563
30,31.0,0.5606229143492769
31,32.0,0.5261948529411765
32,33.0,0.5773809523809524
33,34.0,2.3857466063348416
34,35.0,0.5226190476190476
35,36.0,0.6766666666666667
36,37.0,0.5933660933660933
37,38.0,0.5666666666666667
38,39.0,0.611439842209073
39,40.0,0.5589285714285716
40,41.0,0.5357142857142857
41,42.0,0.6363636363636364
42,43.0,0.8575581395348837
43,44.0,0.7528409090909092
44,45.0,0.8273504273504274
45,46.0,0.7635869565217391
46,47.0,0.5709219858156028
47,48.0,0.548611111111111
48,49.0,0.7916666666666666
49,50.0,0.8266666666666667
50,51.0,0.5
51,52.0,0.7932692307692308
52,53.0,0.6509433962264151
53,54.0,0.7407407407407407
54,55.0,0.5
55,56.0,1.2
56,57.0,0.7828947368421053
57,58.0,0.5
58,59.0,0.6876513317191283
59,60.0,0.6666666666666666
60,61.0,0.625
61,62.0,1.153225806451613
62,63.0,0.5
63,64.0,1.25
64,65.0,0.5769230769230769
65,66.0,0.75
66,67.0,2.1417910447761193
67,68.0,0.5
68,69.0,0.9202898550724637
69,70.0,1.3476190476190475
70,71.0,15.5
71,72.0,0.7708333333333334
72,73.0,0.5
73,74.0,1.5
74,75.0,0.7755555555555556
75,76.0,0.5
76,77.0,0.6298701298701299
77,79.0,0.5
78,80.0,1.1125
79,81.0,0.8703703703703703
80,82.0,1.5
81,83.0,1.0
82,84.0,0.5
83,87.0,0.5
84,88.0,0.5
85,90.0,0.5
86,93.0,1.5
87,98.0,1.4285714285714286
88,101.0,0.5
89,102.0,1.9901960784313726
90,104.0,1.0
91,105.0,1.3333333333333333
92,107.0,0.5
93,108.0,0.7962962962962963
94,111.0,0.5
95,113.0,1.5
96,122.0,0.5
97,128.0,1.5
98,129.0,0.5
99,131.0,0.5
100,135.0,2.4703703703703703
101,149.0,0.5
102,161.0,3.3260869565217392
103,196.0,47.5
