,chgavg,dt_alt,dt_avg,dt_cont,duration,eta1,ndfpr,rvp,rvx,rvxe,spot_avg,M,S1,Volume
6EU5_20150615,1.0139255702280912,6.437140534,6.914227611,7.6973168880000005,7.4634218627187465,0.30550081231230664,4165.0,0.005848659297059486,0.004600083899970344,0.0045716977030843394,11265.414786365818,18439.0,0.983966025307679,77463.0
