,ask12qty,ask12tomid,ask1qty,ask1tomid,bid12qty,bid12tomid,bid1qty,bid1tomid,twspr1,twspr2
6EU5_20150722,136.0540775378259,1.348743206152229,35.366341982701684,0.5892101638900366,144.31272587714113,1.319724796360983,38.858189033904765,0.5892101638900366,1.178420327780073,3.1784225816113083
