,Trade Qty,Avg_Cost
0,1.0,0.5508039922373164
1,2.0,0.5508535879629629
2,3.0,0.5647705121389331
3,4.0,0.5048527443105756
4,5.0,0.7783542039355994
5,6.0,0.5093052109181141
6,7.0,0.5075304540420819
7,8.0,0.5530498281786942
8,9.0,0.5025373931623931
9,10.0,0.5139639639639639
10,11.0,0.8327272727272728
11,12.0,0.5084345479082321
12,13.0,0.5059171597633136
13,14.0,0.7385270170244264
14,15.0,0.5220657276995304
15,16.0,0.5204545454545455
16,17.0,0.8167420814479638
17,18.0,1.0399137001078749
18,19.0,0.5175438596491229
19,20.0,1.8275
20,21.0,0.5007936507936508
21,22.0,1.3373205741626792
22,23.0,0.5374115267947421
23,24.0,0.5443121693121693
24,25.0,0.5456
25,26.0,0.56
26,27.0,0.5398428731762066
27,28.0,1.683673469387755
28,29.0,0.5222701149425287
29,30.0,0.5377777777777778
30,31.0,0.5714285714285714
31,32.0,0.63125
32,33.0,0.5252525252525253
33,34.0,0.5
34,35.0,3.0090225563909776
35,36.0,0.5
36,37.0,0.5491400491400491
37,38.0,0.5592105263157895
38,39.0,0.5
39,40.0,1.44
40,41.0,0.5
41,42.0,0.75
42,43.0,0.5581395348837209
43,44.0,0.6954545454545455
44,45.0,0.6
45,46.0,5.0271739130434785
46,47.0,10.03191489361702
47,48.0,0.5
48,49.0,0.7079081632653061
49,50.0,0.6875000000000001
50,51.0,0.5
51,52.0,0.5
52,53.0,0.5
53,54.0,0.5
54,55.0,0.5
55,56.0,0.5
56,57.0,0.5
57,58.0,0.5862068965517241
58,59.0,0.5
59,60.0,0.5
60,61.0,0.5
61,62.0,9.693548387096774
62,63.0,0.5
63,64.0,21.0
64,65.0,0.5051282051282051
65,66.0,0.5
66,67.0,0.6865671641791045
67,68.0,0.5
68,70.0,0.5357142857142857
69,71.0,0.5
70,74.0,0.5810810810810811
71,75.0,0.9266666666666666
72,78.0,0.5
73,79.0,0.5
74,80.0,0.5
75,82.0,1.1422764227642277
76,87.0,0.5
77,89.0,1.4887640449438202
78,91.0,0.7637362637362637
79,92.0,1.5
80,93.0,0.5
81,100.0,37.25
82,101.0,1.0
83,104.0,1.3365384615384615
84,110.0,1.1227272727272728
85,112.0,1.5089285714285714
86,118.0,2.2711864406779663
87,120.0,18.5
88,124.0,0.5
89,126.0,1.8571428571428572
90,131.0,0.5
91,147.0,1.1598639455782314
92,150.0,19.5
93,160.0,1.24375
94,178.0,46.5
95,200.0,36.5
96,202.0,0.5
97,222.0,37.5
98,315.0,48.5
99,501.0,28.5
