,ask12qty,ask12tomid,ask1qty,ask1tomid,bid12qty,bid12tomid,bid1qty,bid1tomid,twspr1,twspr2
6EU5_20150707,98.44771339215546,1.7152716744258936,24.035530679400615,0.765710588667413,96.92779092855264,1.5091960580089012,24.92324925250107,0.765710588667413,1.531421177334826,3.702861980038441
