,chgavg,dt_alt,dt_avg,dt_cont,duration,eta1,ndfpr,rvp,rvxe,spot_avg,M
6EU5_20150810,1.0095017976373908,6.6275172410000005,7.393961992,8.94840452,8.090492361239308,0.24608650990375383,3894.0,0.005752245836123276,0.004035490597088059,11001.390757381258,18347
