,Li,lamb,Co,Al,u,eta
0,1.0,0.9913473423980222,750.0,1655.0,0.22658610271903323,0.22462553075483888
1,2.0,0.007004532344458179,0.0,17.0,-0.5,-0.0035022661722290895
2,3.0,0.0016481252575195715,1.0,3.0,-0.5,-0.0008240626287597857
