,ask12qty,ask12tomid,ask1qty,ask1tomid,bid12qty,bid12tomid,bid1qty,bid1tomid,twspr1,twspr2
6EU5_20150708,83.97557158620403,1.5185615587154435,21.125513719319923,0.7510649537640522,85.98933522232772,1.5207896932882619,21.553227004188184,0.7510649537640522,1.5021299075281045,3.502180229270601
