,Li,lamb,Co,Al,u,eta
0,1.0,0.9884765040407064,2399.0,4205.0,0.2852556480380499,0.2819685057305178
1,2.0,0.01032624962586052,7.0,62.0,-0.3870967741935484,-0.003997257919687944
2,3.0,0.000598623166716552,0.0,4.0,-1.0,-0.000598623166716552
3,4.0,0.000299311583358276,2.0,0.0,inf,inf
4,5.0,0.000149655791679138,0.0,1.0,-2.0,-0.000299311583358276
5,7.0,0.000149655791679138,1.0,0.0,inf,inf
