,chgavg,dt_alt,dt_avg,dt_cont,duration,eta1,ndfpr,rvp,rvxe,spot_avg
6EU5_20150713,1.0091264667535853,6.909505263000001,7.509091264,8.489713502,8.214656881317062,0.30777637237541106,3835.0,0.005692309203945818,0.004466024681168512,11032.890510948906
