,ask12qty,ask12tomid,ask1qty,ask1tomid,bid12qty,bid12tomid,bid1qty,bid1tomid,twspr1,twspr2
6EU5_20150710,95.89960248802366,1.3085252963855032,25.22519050161551,0.5542958380357534,97.81556028327472,1.3184265681022638,24.686287137168282,0.5542958380357534,1.1085916760715069,3.1121730095677114
