,chgavg,dt_alt,dt_avg,dt_cont,duration,eta1,ndfpr,rvp,rvx,rvxe,spot_avg,M,S1,Volume
6EU5_20150817,1.005179282868526,10.562514515,11.471964940000001,13.139193258,12.710806466192148,0.2751697627659864,2510.0,0.004553517148175881,0.0033855699423846974,0.0033780208745208813,11087.636399840701,13289.0,0.9912302070645554,70030.0
