,chgavg,dt_alt,dt_avg,dt_cont,duration,eta1,ndfpr,rvp,rvx,rvxe,spot_avg,M,S1,Volume
6EU5_20150707,1.0147280334728033,4.3818345050000005,4.819857071,5.5334775920000006,5.192238645224079,0.30723639359622623,5975.0,0.007195164780198667,0.00567525982329312,0.005640168406688228,10978.788989290495,24959.0,0.9828380075345333,118794.0
