,ask12qty,ask12tomid,ask1qty,ask1tomid,bid12qty,bid12tomid,bid1qty,bid1tomid,twspr1,twspr2
6EU5_20150715,93.37768740286796,1.5803532437510994,23.60644298414546,0.8419769431764788,93.40763664631555,1.6115499476803348,22.189770815717317,0.8419769431764788,1.6839538863529575,3.6850634463133547
