,ask12qty,ask12tomid,ask1qty,ask1tomid,bid12qty,bid12tomid,bid1qty,bid1tomid,twspr1,twspr2
6EU5_20150812,120.41743289221242,1.4495196639054022,31.686917012996865,0.7020950374404219,130.40545563325972,1.4609826444883147,34.93941815280627,0.7020950374404219,1.4041900748808438,3.404190230645709
