,Li,lamb,Co,Al,u,eta
0,1.0,0.9884175927375176,2372.0,3942.0,0.3008625063419584,0.29737779426349464
1,2.0,0.0109563311942401,6.0,64.0,-0.40625,-0.00445100954766004
2,3.0,0.00015651901706057285,1.0,0.0,inf,inf
3,4.0,0.0003130380341211457,1.0,1.0,0.5,0.00015651901706057285
4,7.0,0.00015651901706057285,1.0,0.0,inf,inf
