,chgavg,dt_alt,dt_avg,dt_cont,duration,eta1,ndfpr,rvp,rvxe,spot_avg,M
6EU5_20150731,1.0139179886261598,3.608792837,4.306775067,5.54630469,4.613446816549062,0.2819685057305178,6682.0,0.007576813827991846,0.005689864386553453,11060.458476732007,29733
