,ask12qty,ask12tomid,ask1qty,ask1tomid,bid12qty,bid12tomid,bid1qty,bid1tomid,twspr1,twspr2
6EU5_20150821,149.36276694467657,0.13123224025140684,40.36882794657471,0.05546419347372233,155.7149179085028,0.13076319292732763,42.48356440870518,0.05546419347372233,0.11092838694744465,0.3109814048718365
