,Li,lamb,Co,Al,u,eta
0,1.0,0.9901565273519445,2068.0,4067.0,0.25424145561839195,0.2517388368040105
1,2.0,0.009197999031789576,6.0,51.0,-0.38235294117647056,-0.003516881982743073
2,3.0,0.00048410521219945134,0.0,3.0,-1.0,-0.00048410521219945134
3,5.0,0.00016136840406648378,1.0,0.0,inf,inf
