,ask12qty,ask12tomid,ask1qty,ask1tomid,bid12qty,bid12tomid,bid1qty,bid1tomid,twspr1,twspr2
6EU5_20150911,127.73019495231664,1.4884893216007653,35.60221897369212,0.7230916843609317,141.53647099674123,1.4671230554960442,41.54176958854974,0.7230916843609317,1.4461833687218635,3.4489619383770815
