,chgavg,dt_alt,dt_avg,dt_cont,duration,eta1,ndfpr,rvp,rvxe,spot_avg,M
6EU5_20150813,1.0070671378091873,7.654036492,9.249446835,12.016992098000001,10.192160682871851,0.28983868017307424,3113.0,0.00506515906239408,0.0038564371484198653,11131.310211946051,16964
