,ask12qty,ask12tomid,ask1qty,ask1tomid,bid12qty,bid12tomid,bid1qty,bid1tomid,twspr1,twspr2
6EU5_20150701,87.43407491345705,1.512199262417276,23.22549853213786,0.6766705661757516,84.93454860527999,1.410762668989062,22.57102588734488,0.6766705661757516,1.3533411323515032,3.437230690024722
