,Li,lamb,Co,Al,u,eta
0,1.0,0.986062070247166,1921.0,3384.0,0.2838356973995272,0.2798796153878259
1,2.0,0.012637056309236202,4.0,64.0,-0.4375,-0.005528712135290838
2,3.0,0.0005575171901133618,1.0,2.0,-0.25,-0.00013937929752834045
3,4.0,0.0005575171901133618,1.0,2.0,-0.5,-0.0002787585950566809
4,5.0,0.00018583906337112061,0.0,1.0,-2.0,-0.00037167812674224123
