,Li,lamb,Co,Al,u,eta
0,1.0,0.9941902687000727,947.0,1790.0,0.26452513966480445,0.2629883196812762
1,2.0,0.005809731299927378,1.0,15.0,-0.43333333333333335,-0.0025175502299685307
