,ask12qty,ask12tomid,ask1qty,ask1tomid,bid12qty,bid12tomid,bid1qty,bid1tomid,twspr1,twspr2
6EU5_20150619,111.05443466692056,1.3065648195695108,26.601900565088982,0.5299593063432563,109.59141069329495,1.3063421306520964,25.871195191011022,0.5299593063432563,1.0599186126865126,3.060075626215579
