,ask12qty,ask12tomid,ask1qty,ask1tomid,bid12qty,bid12tomid,bid1qty,bid1tomid,twspr1,twspr2
6EU5_20150624,94.65881408443536,1.3709883899273996,23.599811948193036,0.6099775542129122,95.90532335387273,1.3671842768712654,23.65663349977665,0.6099775542129122,1.2199551084258244,3.2199758938948415
