,ask12qty,ask12tomid,ask1qty,ask1tomid,bid12qty,bid12tomid,bid1qty,bid1tomid,twspr1,twspr2
6EU5_20150729,114.76243124685054,1.451526179828361,32.09200898777219,0.7271742845237742,112.68455566480621,1.4448860889160207,31.1495922761182,0.7271742845237742,1.4543485690475484,3.540415928579324
