,Li,lamb,Co,Al,u,eta
0,1.0,0.9807139926138695,1575.0,3204.0,0.2457865168539326,0.24104627627447636
1,2.0,0.01600328272466147,11.0,67.0,-0.33582089552238803,-0.005374236735893777
2,3.0,0.0022568732047599507,1.0,10.0,-0.8500000000000001,-0.0019183422240459584
3,4.0,0.0004103405826836274,1.0,1.0,0.5,0.0002051702913418137
4,5.0,0.0004103405826836274,1.0,1.0,0.5,0.0002051702913418137
5,14.0,0.0002051702913418137,1.0,0.0,inf,inf
