,Li,lamb,Co,Al,u,eta
0,1.0,0.9925727866904337,1260.0,2080.0,0.30288461538461536,0.3006350267379679
1,2.0,0.0074272133095662505,4.0,21.0,-0.30952380952380953,-0.002298899357722887
