,ask12qty,ask12tomid,ask1qty,ask1tomid,bid12qty,bid12tomid,bid1qty,bid1tomid,twspr1,twspr2
6EU5_20150828,119.10056277548405,1.332823087184158,29.335806907015414,0.5589033860765933,118.71153671339368,1.329186508281249,28.942924007497005,0.5589033860765933,1.1178067721531866,3.119091643882335
