,ask12qty,ask12tomid,ask1qty,ask1tomid,bid12qty,bid12tomid,bid1qty,bid1tomid,twspr1,twspr2
6EU5_20150721,158.63888731962976,1.324158123581256,43.38026537697526,0.5694351094263962,163.76621963557392,1.3261857034325963,44.15632846283529,0.5694351094263962,1.1388702188527924,3.1389852194078296
