,Li,lamb,Co,Al,u,eta
0,1.0,0.9878724878724878,962.0,1888.0,0.2547669491525424,0.2516772598870057
1,2.0,0.010395010395010396,1.0,29.0,-0.4655172413793104,-0.004839056563194495
2,3.0,0.0017325017325017325,0.0,5.0,-1.0,-0.0017325017325017325
