,ask12qty,ask12tomid,ask1qty,ask1tomid,bid12qty,bid12tomid,bid1qty,bid1tomid,twspr1,twspr2
6EU5_20150626,126.89304729519003,1.2935637054933844,33.37073640890113,0.538254046671506,125.50283827946001,1.298610789949924,32.994522157447946,0.538254046671506,1.076508093343012,3.0781506717988245
