,Trade Qty,Avg_Cost
0,1.0,0.5171280760626398
1,2.0,0.5028562361155189
2,3.0,0.5029550827423168
3,4.0,0.5023496240601504
4,5.0,0.5045323047251687
5,6.0,0.5060449050086356
6,7.0,0.505719153078608
7,8.0,0.5237489397794741
8,9.0,0.5055152004304546
9,10.0,0.5110091743119266
10,11.0,0.5932231404958679
11,12.0,0.5024067388688327
12,13.0,0.5054443273621356
13,14.0,0.6470588235294118
14,15.0,0.659041394335512
15,16.0,0.504863813229572
16,17.0,0.5
17,18.0,0.5043149946062567
18,19.0,0.523713128976287
19,20.0,0.5750000000000001
20,21.0,0.5420918367346939
21,22.0,0.5172413793103449
22,23.0,0.5577334283677833
23,24.0,0.5153508771929826
24,25.0,0.5309677419354839
25,26.0,0.5327332242225858
26,27.0,0.5
27,28.0,0.5218253968253969
28,29.0,0.5294117647058824
29,30.0,0.5399999999999999
30,31.0,0.5506117908787542
31,32.0,0.5509868421052632
32,33.0,0.5
33,34.0,0.5473856209150327
34,35.0,0.5637362637362637
35,36.0,0.5
36,37.0,0.5635930047694754
37,38.0,0.6702786377708979
38,39.0,0.5581196581196581
39,40.0,0.5940476190476192
40,41.0,0.5625
41,42.0,0.85
42,43.0,0.5
43,44.0,0.625
44,45.0,0.8842592592592592
45,46.0,0.673913043478261
46,47.0,0.5170212765957447
47,48.0,0.6413690476190476
48,49.0,0.5
49,50.0,0.79
50,51.0,0.5
51,52.0,0.8333333333333334
52,53.0,0.75
53,54.0,0.5
54,55.0,0.7545454545454545
55,56.0,0.6666666666666666
56,58.0,0.5
57,59.0,0.5
58,60.0,0.5
59,61.0,0.5
60,63.0,0.6944444444444444
61,64.0,0.8984375
62,65.0,1.3384615384615384
63,66.0,0.5
64,67.0,0.7885572139303484
65,68.0,0.5
66,69.0,0.5
67,70.0,1.0
68,71.0,0.5
69,72.0,1.25
70,73.0,0.5
71,74.0,1.0135135135135136
72,75.0,0.5
73,76.0,0.5
74,78.0,0.7211538461538461
75,79.0,1.3860759493670887
76,80.0,0.5
77,81.0,0.5
78,82.0,0.5
79,83.0,0.5
80,84.0,0.5
81,88.0,1.1363636363636362
82,89.0,0.5
83,90.0,0.5
84,91.0,1.4413919413919414
85,92.0,0.5
86,95.0,0.5
87,100.0,12.955
88,104.0,0.5
89,109.0,0.5
90,114.0,1.4210526315789473
91,115.0,0.5
92,126.0,0.5
93,135.0,0.5
94,153.0,1.5
95,162.0,0.5
