,Li,lamb,Co,Al,u,eta
0,1.0,0.9871640593662254,826.0,1634.0,0.2527539779681763,0.2495096429120264
1,2.0,0.012835940633774568,5.0,27.0,-0.3148148148148149,-0.0040409442735956985
