,Trade Qty,Avg_Cost
0,1.0,0.5126298243364534
1,2.0,0.5586578693273254
2,3.0,0.5058745499336744
3,4.0,0.5059263880224579
4,5.0,0.5065420560747663
5,6.0,0.5063860971524288
6,7.0,0.5067385444743935
7,8.0,0.5045560747663551
8,9.0,0.5069618490671122
9,10.0,0.517351598173516
10,11.0,0.5536796536796537
11,12.0,0.5082762557077625
12,13.0,0.5083689458689459
13,14.0,0.5135400313971742
14,15.0,0.5406565656565657
15,16.0,0.518581081081081
16,17.0,0.5168797953964195
17,18.0,0.5119731800766284
18,19.0,0.5186980609418282
19,20.0,0.5494318181818182
20,21.0,0.532258064516129
21,22.0,0.544237012987013
22,23.0,0.5306122448979592
23,24.0,0.5374293785310734
24,25.0,0.6029411764705882
25,26.0,0.5303030303030303
26,27.0,0.6555555555555556
27,28.0,0.575
28,29.0,0.6724137931034482
29,30.0,0.6216666666666667
30,31.0,0.5414746543778801
31,32.0,0.6104910714285714
32,33.0,0.5861742424242424
33,34.0,0.5966386554621849
34,35.0,0.6
35,36.0,0.6275252525252526
36,37.0,0.9894894894894894
37,38.0,0.5
38,39.0,0.6185897435897436
39,40.0,0.6861111111111111
40,41.0,0.6986062717770035
41,42.0,0.5816326530612245
42,43.0,0.7267441860465116
43,44.0,0.5
44,45.0,0.7111111111111111
45,46.0,0.8152173913043479
46,47.0,0.648936170212766
47,48.0,0.59375
48,49.0,0.5
49,50.0,2.636
50,51.0,0.7058823529411764
51,52.0,1.05
52,53.0,0.5628930817610063
53,54.0,0.9666666666666666
54,55.0,1.0931818181818183
55,56.0,0.75
56,57.0,1.780701754385965
57,58.0,1.1767241379310345
58,59.0,0.5
59,61.0,0.9262295081967213
60,62.0,0.5
61,63.0,1.1793650793650794
62,64.0,0.5
63,66.0,0.9303030303030303
64,67.0,0.5
65,69.0,1.4855072463768115
66,70.0,1.2785714285714285
67,72.0,0.5
68,73.0,0.8082191780821918
69,74.0,1.054054054054054
70,75.0,1.64
71,76.0,2.0
72,77.0,1.2272727272727273
73,80.0,0.8625
74,81.0,0.5
75,87.0,0.5
76,89.0,0.5
77,91.0,1.1996336996336996
78,95.0,1.6789473684210527
79,96.0,2.5520833333333335
80,100.0,0.998
81,104.0,1.1057692307692308
82,105.0,0.5
83,111.0,0.5
84,117.0,0.5
85,126.0,0.5
86,131.0,1.316793893129771
87,134.0,2.2611940298507465
