,chgavg,dt_alt,dt_avg,dt_cont,duration,eta1,ndfpr,rvp,rvxe,spot_avg,M
6EU5_20150903,1.0108116830724545,3.884160397,4.647073261,6.16447518,5.049854103455418,0.2517388368040105,6197.0,0.00720237329656449,0.0051105275678830315,11121.348822200709,29244
