,ask12qty,ask12tomid,ask1qty,ask1tomid,bid12qty,bid12tomid,bid1qty,bid1tomid,twspr1,twspr2
6EU5_20150908,150.87963396613236,1.3875505028346375,42.3369897644658,0.6266583943084307,154.6195398510375,1.4401979159354357,43.9316733506729,0.6266583943084307,1.2533167886168615,3.3377633393262216
