,chgavg,dt_alt,dt_avg,dt_cont,duration,eta1,ndfpr,rvp,rvxe,spot_avg
6EU5_20150812,1.008468197214904,4.822740114,5.4193426790000006,6.564148656,5.928604334336143,0.2604076700002828,5314.0,0.006608364529784135,0.0047690939186648875,11186.707431796802
