,Li,lamb,Co,Al,u,eta
0,1.0,0.9906066536203523,1547.0,3514.0,0.22011952191235062,0.21805186299810544
1,2.0,0.009197651663405087,5.0,42.0,-0.38095238095238093,-0.003503867300344795
2,3.0,0.00019569471624266145,0.0,1.0,-1.0,-0.00019569471624266145
