,chgavg,dt_alt,dt_avg,dt_cont,duration,eta1,ndfpr,rvp,rvxe,spot_avg
6EU5_20150716,1.013787510137875,6.6405518080000006,7.785522032,10.069318512,8.390000121831541,0.25203157368567225,3699.0,0.005700487988822047,0.00404719852712941,10901.33
