,Trade Qty,Avg_Cost
0,1.0,0.5181088314005352
1,2.0,0.5146034816247582
2,3.0,0.5086404330626692
3,4.0,0.51592287694974
4,5.0,0.5262500000000001
5,6.0,0.5123792270531401
6,7.0,0.5133607399794451
7,8.0,0.5182054616384916
8,9.0,0.5057915057915058
9,10.0,0.538047138047138
10,11.0,0.5115332428765265
11,12.0,0.5262172284644194
12,13.0,0.5162087912087913
13,14.0,0.5242346938775511
14,15.0,0.6981884057971015
15,16.0,0.5079365079365079
16,17.0,0.5136986301369864
17,18.0,0.5181818181818182
18,19.0,0.5190369540873461
19,20.0,0.5595238095238095
20,21.0,0.5404761904761904
21,22.0,0.5970515970515972
22,23.0,0.563454759106933
23,24.0,0.6167763157894738
24,25.0,0.6318367346938776
25,26.0,0.6244343891402716
26,27.0,0.7654320987654322
27,28.0,0.5032467532467533
28,29.0,0.7252155172413793
29,30.0,0.6710526315789473
30,31.0,0.5
31,32.0,0.53125
32,33.0,0.5606060606060607
33,34.0,0.5452488687782806
34,35.0,0.5909090909090909
35,36.0,0.9861111111111112
36,37.0,0.5
37,38.0,0.5827067669172933
38,39.0,0.5256410256410257
39,40.0,0.9
40,41.0,1.5
41,42.0,0.5
42,43.0,0.6209302325581396
43,45.0,4.822222222222222
44,46.0,1.5398550724637683
45,47.0,0.8404255319148937
46,48.0,0.5
47,49.0,0.9693877551020408
48,50.0,1.0625
49,51.0,0.5
50,52.0,0.75
51,53.0,1.4622641509433962
52,54.0,1.0
53,56.0,0.75
54,59.0,0.5
55,60.0,0.75
56,62.0,0.5
57,64.0,0.8125
58,65.0,0.6128205128205129
59,68.0,1.3676470588235294
60,73.0,1.5
61,77.0,0.8701298701298701
62,81.0,1.4506172839506173
63,92.0,0.5
64,98.0,0.5
65,110.0,0.5
66,148.0,0.5
67,164.0,0.5
