,ask12qty,ask12tomid,ask1qty,ask1tomid,bid12qty,bid12tomid,bid1qty,bid1tomid,twspr1,twspr2
6EU5_20150907,126.24547812329158,1.4570962537163192,29.68904817874376,0.6989040844288278,131.29330407358123,1.4765713182047966,34.85200283023694,0.6989040844288278,1.3978081688576556,3.502422404234508
