,chgavg,dt_alt,dt_avg,dt_cont,duration,eta1,ndfpr,rvp,rvx,rvxe,spot_avg,M,S1,Volume
6EU5_20150616,1.012548800892359,6.735142129000001,8.029979085,10.521352605,7.7228076253686595,0.2617546994365707,3586.0,0.005431150757912974,0.003954090262360047,0.003929652069324083,11243.894898243658,17654.0,0.9847300655071154,81195.0
