,chgavg,dt_alt,dt_avg,dt_cont,duration,eta1,ndfpr,rvp,rvx,rvxe,spot_avg,M,S1,Volume
6EU5_20150831,1.0079122001020928,6.338194577,7.349381572,9.154444286,8.077877990609524,0.28091159993078585,3918.0,0.005646211197296173,0.0042481402703994095,0.00423211006018797,11216.742281194181,20731.0,0.9885829928595975,103319.0
