,ask12qty,ask12tomid,ask1qty,ask1tomid,bid12qty,bid12tomid,bid1qty,bid1tomid,twspr1,twspr2
6EU5_20150615,84.89535557141463,1.3029163293881283,21.446648810117196,0.5401514025391467,86.37293149742754,1.3015421637573643,21.80073988740853,0.5401514025391467,1.0803028050782935,3.08030346481158
