,chgavg,dt_alt,dt_avg,dt_cont,duration,eta1,ndfpr,rvp,rvxe,spot_avg
6EU5_20150622,1.0066592674805772,5.573655925000001,6.388845283,7.721519579000001,7.047863653881699,0.3057805807426165,4505.0,0.005958275933670187,0.0046595133498355855,11379.499112294718
