,Trade Qty,Avg_Cost
0,1.0,0.5185663764961915
1,2.0,0.5269128113879004
2,3.0,0.5086338242762823
3,4.0,0.5139619883040936
4,5.0,0.5615927419354838
5,6.0,0.5713615023474179
6,7.0,0.5356628982528263
7,8.0,0.5221647164716472
8,9.0,0.5588888888888889
9,10.0,0.5854663774403471
10,11.0,0.5099862258953167
11,12.0,0.5245559038662486
12,13.0,0.5122835279903343
13,14.0,0.516042780748663
14,15.0,0.7668845315904139
15,16.0,0.5164473684210527
16,17.0,0.5
17,18.0,0.531578947368421
18,19.0,0.5279010779961953
19,20.0,0.6201271186440678
20,21.0,0.5525321239606954
21,22.0,0.5392156862745098
22,23.0,0.5341614906832298
23,24.0,0.5164728682170543
24,25.0,0.5657627118644067
25,26.0,0.5699300699300699
26,27.0,0.5262843488649941
27,28.0,0.5941558441558441
28,29.0,0.5224887556221889
29,30.0,0.9824561403508772
30,31.0,0.5571236559139785
31,32.0,0.5546875
32,33.0,0.548951048951049
33,34.0,0.5
34,35.0,2.108695652173913
35,36.0,0.6037037037037037
36,37.0,0.5727650727650727
37,38.0,0.7078947368421054
38,39.0,0.5
39,40.0,0.5696428571428571
40,41.0,0.5536585365853659
41,42.0,0.6336996336996337
42,43.0,0.5
43,44.0,0.8661616161616161
44,45.0,2.862222222222222
45,46.0,0.6268115942028986
46,47.0,0.7695035460992908
47,48.0,0.7708333333333334
48,49.0,0.5
49,50.0,0.8076923076923078
50,51.0,0.7436974789915967
51,52.0,0.5
52,53.0,0.5
53,54.0,0.5601851851851851
54,55.0,6.833333333333333
55,56.0,0.5
56,58.0,0.8477011494252874
57,59.0,0.5
58,60.0,0.5333333333333333
59,61.0,0.5
60,62.0,3.2419354838709675
61,63.0,0.5
62,64.0,1.103125
63,66.0,1.4166666666666667
64,67.0,0.9776119402985075
65,68.0,1.2647058823529413
66,69.0,0.75
67,70.0,3.919047619047619
68,72.0,0.5
69,73.0,0.5
70,75.0,1.0
71,79.0,0.9873417721518988
72,80.0,0.5
73,82.0,0.8902439024390244
74,83.0,0.5
75,89.0,2.202247191011236
76,90.0,4.238888888888889
77,93.0,0.5
78,94.0,2.0
79,98.0,0.5
80,100.0,13.74
81,109.0,0.5
82,111.0,0.5
83,132.0,2.6893939393939394
84,134.0,1.791044776119403
85,148.0,0.5
86,149.0,0.5
87,179.0,1.5502793296089385
88,1377.0,21.5
89,1500.0,20.5
