,Li,lamb,Co,Al,u,eta
0,1.0,0.9970493562231759,1314.0,2402.0,0.27352206494587844,0.2727149987671218
1,2.0,0.0029506437768240345,1.0,10.0,-0.4,-0.0011802575107296139
