,ask12qty,ask12tomid,ask1qty,ask1tomid,bid12qty,bid12tomid,bid1qty,bid1tomid,twspr1,twspr2
6EU5_20150617,91.92417204000327,1.4367253677534022,23.499954179107093,0.679752302923555,94.4143055777773,1.420454558835941,24.15948033960437,0.679752302923555,1.35950460584711,3.3600427502654004
