,ask12qty,ask12tomid,ask1qty,ask1tomid,bid12qty,bid12tomid,bid1qty,bid1tomid,twspr1,twspr2
6EU5_20150810,152.66947518546138,1.3844783661806885,40.51567216846977,0.6241286764563337,154.01294037985014,1.3578558579569844,40.246969830556765,0.6241286764563337,1.2482573529126675,3.2482698987297236
