,Li,lamb,Co,Al,u,eta
0,1.0,0.9881927710843373,1409.0,2691.0,0.2617985878855444,0.2587074720285825
1,2.0,0.01108433734939759,5.0,41.0,-0.3780487804878049,-0.004190420217455187
2,3.0,0.00024096385542168674,0.0,1.0,-1.0,-0.00024096385542168674
3,4.0,0.00024096385542168674,1.0,0.0,inf,inf
4,5.0,0.00024096385542168674,1.0,0.0,inf,inf
