,chgavg,dt_alt,dt_avg,dt_cont,duration,eta1,ndfpr,rvp,rvxe,spot_avg
6EU5_20150909,1.0077972709551657,8.23726414,9.356037361,11.105177888,10.272719594627384,0.32025775362037395,3078.0,0.005028569928154931,0.004024475781532952,11168.254303345242
