,ask12qty,ask12tomid,ask1qty,ask1tomid,bid12qty,bid12tomid,bid1qty,bid1tomid,twspr1,twspr2
6EU5_20150819,140.55235010647743,1.3417373126627719,37.84962931778663,0.6127993080917566,138.86716111940905,1.3566350805847536,35.03008122948399,0.6127993080917566,1.2255986161835133,3.225599277025872
