,Trade Qty,Avg_Cost
0,1.0,1.021190130624093
1,2.0,1.132982791586998
2,3.0,1.1254426737494465
3,4.0,0.944078947368421
4,5.0,1.215325177076626
5,6.0,1.1563336306868868
6,7.0,1.9386363636363633
7,8.0,1.8285028449502134
8,9.0,0.9367255738370912
9,10.0,3.47483498349835
10,11.0,0.947849600824105
11,12.0,0.9640151515151517
12,13.0,0.7820029027576197
13,14.0,0.7315668202764977
14,15.0,1.8712121212121215
15,16.0,1.036214953271028
16,17.0,1.3168627450980392
17,18.0,1.3424242424242423
18,19.0,0.5302351623740201
19,20.0,2.007006369426752
20,21.0,4.466150315547905
21,22.0,2.6202531645569622
22,23.0,4.9269893355209184
23,24.0,0.5515046296296295
24,25.0,5.535
25,26.0,0.5222222222222223
26,27.0,0.6374643874643874
27,28.0,4.592980295566503
28,29.0,4.258064516129032
29,30.0,5.079487179487179
30,31.0,0.6733870967741936
31,32.0,0.7505387931034483
32,33.0,0.65625
33,34.0,7.977941176470588
34,35.0,0.5828571428571429
35,36.0,17.438034188034187
36,37.0,0.843980343980344
37,38.0,9.177192982456141
38,39.0,0.6676528599605522
39,40.0,5.327083333333333
40,41.0,0.7725968436154949
41,42.0,0.8273809523809524
42,43.0,11.677906976744186
43,44.0,15.207386363636363
44,45.0,0.5
45,46.0,0.5826086956521739
46,47.0,0.7036474164133739
47,48.0,0.8888888888888888
48,49.0,1.0183673469387755
49,50.0,11.86909090909091
50,51.0,0.5958605664488018
51,52.0,0.75
52,53.0,0.5
53,55.0,0.7965909090909091
54,56.0,0.6
55,57.0,38.12573099415204
56,59.0,0.5
57,60.0,1.35
58,61.0,40.34153005464481
59,62.0,2.8440860215053765
60,63.0,0.5158730158730158
61,64.0,1.421875
62,65.0,0.823076923076923
63,66.0,1.6666666666666667
64,67.0,0.5373134328358209
65,68.0,0.6617647058823529
66,69.0,1.3599033816425121
67,70.0,1.4714285714285715
68,71.0,0.5
69,73.0,1.1643835616438356
70,74.0,0.5
71,75.0,0.5
72,77.0,0.5
73,78.0,0.8333333333333334
74,79.0,0.5
75,83.0,1.2590361445783131
76,84.0,1.3809523809523807
77,86.0,0.5
78,87.0,1.5
79,88.0,0.6022727272727273
80,89.0,0.5
81,90.0,0.9222222222222223
82,93.0,1.5
83,96.0,0.5
84,97.0,0.5
85,98.0,3.5
86,100.0,56.0
87,102.0,1.1519607843137254
88,104.0,2.730769230769231
89,105.0,1.0333333333333334
90,109.0,1.481651376146789
91,114.0,112.5
92,121.0,0.5
93,127.0,0.5
94,144.0,112.5
95,459.0,118.5
96,461.0,90.5
97,466.0,112.5
98,479.0,115.5
99,487.0,110.5
100,747.0,108.5
101,779.0,112.5
