,Li,lamb,Co,Al,u,eta
0,1.0,0.9931932524415508,1166.0,2189.0,0.2663316582914573,0.2645188059266442
1,2.0,0.006214856466410181,1.0,20.0,-0.44999999999999996,-0.0027966854098845813
2,3.0,0.0005918910920390648,1.0,1.0,0.5,0.0002959455460195324
