,chgavg,dt_alt,dt_avg,dt_cont,duration,eta1,ndfpr,rvp,rvxe,spot_avg
6EU5_20150617,1.0714012617090423,2.634865559,2.752637163,2.937430742,2.2870426355786573,0.31106093876657165,10462.0,0.01053001898458762,0.00830552120126761,11303.325145751696
