,chgavg,dt_alt,dt_avg,dt_cont,duration,eta1,ndfpr,rvp,rvxe,spot_avg,M
6EU5_20150814,1.0139275766016713,7.801485783,8.912989167000001,10.917077056,9.62034736532613,0.2781916622338183,3231.0,0.005213931867416126,0.003889129498547687,11130.425742574258,16204
