,chgavg,dt_alt,dt_avg,dt_cont,duration,eta1,ndfpr,rvp,rvx,rvxe,spot_avg,M,S1,Volume
6EU5_20150821,1.0094876660341556,3.70344796,4.203473215,5.154649597000001,4.0817184172472825,0.26388215722408587,6851.0,0.007412401485563107,0.00541253695903103,0.005384916149603253,11332.240659661413,35005.0,0.9867030344357314,188136.0
