,Li,lamb,Co,Al,u,eta
0,1.0,0.9894328989080662,958.0,1850.0,0.25891891891891894,0.2561828965280885
1,2.0,0.009158154279675942,3.0,23.0,-0.3695652173913043,-0.0033845352772715435
2,3.0,0.0014089468122578373,2.0,2.0,0.5,0.0007044734061289186
