,ask12qty,ask12tomid,ask1qty,ask1tomid,bid12qty,bid12tomid,bid1qty,bid1tomid,twspr1,twspr2
6EU5_20150811,141.6028294502256,1.3722697068904708,37.042706193615786,0.6570460399353902,144.41587987849258,1.3872449094029162,38.951974019849224,0.6570460399353902,1.3140920798707805,3.3140920798707802
