,chgavg,dt_alt,dt_avg,dt_cont,duration,eta1,ndfpr,rvp,rvx,rvxe,spot_avg,M,S1,Volume
6EU5_20150729,1.0362653093685383,4.118753788,4.578753618,5.398708978,4.6014809780641395,0.2814313367826585,6287.0,0.0076048070561042964,0.00581439775541792,0.005705443704121274,11034.063772264632,24887.0,0.966016877085105,119267.0
