,Li,lamb,Co,Al,u,eta
0,1.0,0.9804238796311276,2210.0,3849.0,0.28708755520914525,0.28146749467196575
1,2.0,0.018767189775117293,11.0,105.0,-0.3952380952380953,-0.007417508339689217
2,3.0,0.0006471444750040447,2.0,2.0,0.5,0.00032357223750202233
3,14.0,0.00016178611875101117,1.0,0.0,inf,inf
