,ask12qty,ask12tomid,ask1qty,ask1tomid,bid12qty,bid12tomid,bid1qty,bid1tomid,twspr1,twspr2
6EU5_20150827,97.54792522329733,1.555222152905482,24.90410396708201,0.8142374820460504,96.87985626752047,1.5892978291766655,24.244899060656923,0.8142374820460504,1.6284749640921008,3.6293800386128137
