,Li,lamb,Co,Al,u,eta
0,1.0,0.9857226107226107,949.0,2433.0,0.19502671598849158,0.19224224364483306
1,2.0,0.011072261072261072,5.0,33.0,-0.3484848484848485,-0.003858515222151586
2,3.0,0.0020396270396270395,2.0,5.0,-0.3999999999999999,-0.0008158508158508156
3,4.0,0.0005827505827505828,0.0,2.0,-1.5,-0.0008741258741258741
4,5.0,0.0005827505827505828,1.0,1.0,0.5,0.0002913752913752914
