,ask12qty,ask12tomid,ask1qty,ask1tomid,bid12qty,bid12tomid,bid1qty,bid1tomid,twspr1,twspr2
6EZ5_20151023,174.91361730672037,1.3046534184909284,44.1162169210769,0.5366215530880655,167.060837085607,1.3112347035017669,41.37088892434407,0.5366215530880655,1.073243119145326,3.0732438881909587
