,chgavg,dt_alt,dt_avg,dt_cont,duration,eta1,ndfpr,rvp,rvx,rvxe,spot_avg,M,S1,Volume
6EZ5_20151029,1.0154872015487202,5.275314068,6.188291642,7.927755944,5.883590246510081,0.261784692845136,4649.0,0.006380251350988244,0.004667498769061603,0.004616628309482756,10965.722365591399,32929.0,0.988995957078153,131826.0
