,Trade Qty,Avg_Cost
0,1.0,0.5073404255319149
1,2.0,0.5056504269211451
2,3.0,0.5074228028503561
3,4.0,0.5041418157720344
4,5.0,0.5202702702702702
5,6.0,0.5108426270136307
6,7.0,0.5107327905255367
7,8.0,0.5145734597156398
8,9.0,0.5145663956639567
9,10.0,0.53502538071066
10,11.0,0.5250385208012327
11,12.0,0.5147727272727273
12,13.0,0.5
13,14.0,0.510989010989011
14,15.0,0.5172413793103449
15,16.0,0.5308159722222222
16,17.0,0.546218487394958
17,18.0,0.5135135135135135
18,19.0,0.5709382151029748
19,20.0,0.5466216216216216
20,21.0,0.5198412698412699
21,22.0,0.5454545454545454
22,23.0,0.5
23,24.0,0.5178571428571429
24,25.0,0.5765217391304348
25,26.0,0.5088757396449703
26,27.0,1.0709876543209875
27,28.0,0.5
28,29.0,0.5
29,30.0,0.6666666666666667
30,31.0,0.5
31,32.0,0.5666666666666667
32,33.0,0.6878787878787879
33,34.0,0.5
34,35.0,0.5
35,36.0,0.5
36,37.0,0.5
37,38.0,0.6447368421052632
38,39.0,0.7628205128205128
39,40.0,0.5
40,42.0,0.5
41,43.0,0.5
42,44.0,0.5
43,45.0,0.5
44,46.0,0.5
45,47.0,0.5
46,48.0,0.6666666666666666
47,49.0,0.5
48,50.0,1.32
49,51.0,0.5
50,52.0,0.5
51,53.0,0.5
52,54.0,0.7283950617283951
53,55.0,0.5
54,56.0,0.5
55,57.0,0.5
56,59.0,0.5
57,60.0,1.35
58,61.0,0.5
59,62.0,0.5
60,67.0,0.5
61,69.0,0.5
62,70.0,0.5
63,71.0,0.5
64,73.0,0.5
65,75.0,0.82
66,77.0,0.512987012987013
67,78.0,0.5
68,80.0,0.5
69,82.0,0.7926829268292683
70,84.0,0.5
71,85.0,0.5
72,93.0,1.2956989247311828
73,95.0,0.5
74,96.0,0.5
75,100.0,0.5
76,102.0,0.5
77,107.0,0.5
78,114.0,1.4912280701754386
79,118.0,1.4322033898305084
80,155.0,2.054838709677419
81,161.0,1.015527950310559
82,162.0,1.228395061728395
83,173.0,1.199421965317919
84,200.0,1.48
85,206.0,1.9223300970873787
86,250.0,1.42
