,chgavg,dt_alt,dt_avg,dt_cont,duration,eta1,ndfpr,rvp,rvxe,spot_avg
6EZ5_20151001,1.0182592818015825,7.762571522000001,8.764082153,10.747127108,9.278790323369527,0.25346324274458204,3286.0,0.005274717002592204,0.003755533628818921,11202.827806510495
