,Li,lamb,Co,Al,u,eta
0,1.0,0.99067055393586,1740.0,3356.0,0.2592371871275328,0.2568186477724071
1,2.0,0.00816326530612245,0.0,42.0,-0.5,-0.004081632653061225
2,3.0,0.0007774538386783285,2.0,2.0,0.5,0.00038872691933916425
3,5.0,0.00038872691933916425,1.0,1.0,0.5,0.00019436345966958212
