,chgavg,dt_alt,dt_avg,dt_cont,duration,eta1,ndfpr,rvp,rvxe,spot_avg
6EZ5_20151014,1.0052312775330396,6.8153326430000005,7.929137473000001,10.379148716000001,8.782831212015196,0.22790926524020988,3632.0,0.00530123557220514,0.003579093894012532,11457.190476190477
