,chgavg,dt_alt,dt_avg,dt_cont,duration,eta1,ndfpr,rvp,rvx,rvxe,spot_avg,M,S1,Volume
6EZ5_20151001,1.0182592818015825,7.762571522000001,8.764082153,10.747127108,9.278790323369527,0.25346324274458204,3286.0,0.005274717002592204,0.003811552796702855,0.003755533628818921,11202.827806510495,24060.0,0.9862774451097804,86036.0
