,chgavg,dt_alt,dt_avg,dt_cont,duration,eta1,ndfpr,rvp,rvxe,spot_avg,M
6EZ5_20151027,1.007236842105263,8.630581297,9.472127865000001,10.974579057000001,10.431474588259881,0.28239284834551276,3040.0,0.005043143704103109,0.0037900347184983787,11050.916803683,20862
