,chgavg,dt_alt,dt_avg,dt_cont,duration,eta1,ndfpr,rvp,rvxe,spot_avg,M
6EZ5_20151124,1.007157464212679,8.548733069,9.815044302,12.327268680000001,10.78180241646204,0.25322713365718513,2934.0,0.005147070909704633,0.0036629439133198573,10650.418398637137,23249
