,Trade Qty,Avg_Cost
0,1.0,0.5050645319392256
1,2.0,0.5050583657587548
2,3.0,0.5052045509561849
3,4.0,0.505272952853598
4,5.0,0.5111332007952287
5,6.0,0.5075
6,7.0,0.5025510204081632
7,8.0,0.502038895859473
8,9.0,0.5055904961565338
9,10.0,0.55625
10,11.0,0.5070707070707071
11,12.0,0.5092592592592593
12,13.0,0.5175438596491229
13,14.0,0.5
14,15.0,0.5473333333333333
15,16.0,0.5157967032967034
16,17.0,0.5
17,18.0,0.5
18,19.0,0.5277777777777778
19,20.0,0.5153846153846154
20,21.0,0.5277777777777778
21,22.0,0.5645933014354066
22,23.0,0.5
23,24.0,0.5
24,25.0,0.5517647058823529
25,26.0,0.5
26,27.0,0.5
27,28.0,0.5
28,29.0,0.5
29,30.0,0.5666666666666667
30,31.0,0.5
31,32.0,0.540625
32,33.0,0.5909090909090909
33,34.0,0.5
34,35.0,0.5
35,36.0,0.5714285714285714
36,37.0,0.5
37,38.0,0.6105263157894737
38,39.0,0.5833333333333334
39,40.0,0.528125
40,41.0,1.1097560975609757
41,42.0,0.5
42,43.0,0.5
43,44.0,0.5
44,45.0,0.5
45,46.0,0.7608695652173914
46,47.0,0.5
47,48.0,0.5
48,49.0,0.5
49,50.0,0.89
50,51.0,0.5
51,52.0,0.5
52,53.0,0.5
53,54.0,0.8518518518518519
54,55.0,0.5
55,56.0,0.5
56,57.0,0.5
57,59.0,0.7655367231638418
58,60.0,0.5
59,61.0,0.5
60,64.0,0.5
61,66.0,0.75
62,77.0,0.5
63,78.0,0.5
64,80.0,0.75
65,85.0,1.076470588235294
66,90.0,0.75
67,92.0,1.0
68,96.0,1.15625
69,105.0,1.2714285714285714
70,110.0,1.3545454545454545
71,113.0,0.5
72,126.0,1.4761904761904763
73,192.0,1.3072916666666667
