,chgavg,dt_alt,dt_avg,dt_cont,duration,eta1,ndfpr,rvp,rvxe,spot_avg,M
6EZ5_20150930,1.008145034156595,6.471595354000001,7.5647110490000005,9.501981531,8.254938007933204,0.2833363824770152,3806.0,0.005599588776682133,0.004215239978859379,11188.180457052798,28380
