,Li,lamb,Co,Al,u,eta
0,1.0,0.9906315058986814,885.0,1969.0,0.22473336719146775,0.222627953966565
1,2.0,0.009368494101318528,1.0,26.0,-0.46153846153846156,-0.004323920354454705
