,Li,lamb,Co,Al,u,eta
0,1.0,0.9792773645058448,645.0,1197.0,0.2694235588972431,0.2638403926926775
1,2.0,0.020722635494155154,0.0,39.0,-0.5,-0.010361317747077577
