,chgavg,dt_alt,dt_avg,dt_cont,duration,eta1,ndfpr,rvp,rvx,rvxe,spot_avg,M,S1,Volume
6EZ5_20151125,1.0093684941013186,8.803726177,9.992443381000001,12.680178836000001,10.93461750535099,0.222627953966565,2882.0,0.0051319177385587104,0.00344344318707981,0.0034244003409639266,10606.962192160943,23251.0,0.9894949842855297,90106.0
