,ask12qty,ask12tomid,ask1qty,ask1tomid,bid12qty,bid12tomid,bid1qty,bid1tomid,twspr1,twspr2
6EZ5_20151204,138.6698739612045,1.3076832542447818,35.13560453175486,0.5440987934104726,150.050176247881,1.3073109951521353,38.44577907113945,0.5440987934104726,1.0881976044411954,3.088907358039138
