,Li,lamb,Co,Al,u,eta
0,1.0,0.9941660947151681,970.0,1926.0,0.2518172377985462,0.2503481598841415
1,2.0,0.005833905284831846,1.0,16.0,-0.4375,-0.0025523335621139326
