,chgavg,dt_alt,dt_avg,dt_cont,duration,eta1,ndfpr,rvp,rvx,rvxe,spot_avg,M,S1,Volume
6EZ5_20151209,1.0047058823529411,5.085687364,5.646766467,6.529806971,6.264611304824067,0.3186292254458344,5100.0,0.0065402882251628615,0.005230325041396543,0.005221011977191924,10995.843560086258,46606.0,0.9950170751090015,165200.0
