,Trade Qty,Avg_Cost
0,1.0,0.5184371184371185
1,2.0,0.5348159915276675
2,3.0,0.5125252525252525
3,4.0,0.5092707045735476
4,5.0,0.5225913621262459
5,6.0,0.5264685792349726
6,7.0,0.5611295681063123
7,8.0,0.5516797197032152
8,9.0,0.6635991820040898
9,10.0,0.5304157549234135
10,11.0,0.5234551924943385
11,12.0,0.5171957671957672
12,13.0,0.5680609712867778
13,14.0,0.5024752475247525
14,15.0,0.5320921985815603
15,16.0,0.513092885375494
16,17.0,0.5063025210084033
17,18.0,0.5096371882086168
18,19.0,0.5088587806149035
19,20.0,0.5238095238095238
20,21.0,0.5084033613445378
21,22.0,0.5423832923832924
22,23.0,0.5188679245283019
23,24.0,1.5575396825396826
24,25.0,0.5742424242424243
25,26.0,0.592948717948718
26,27.0,0.5230078563411897
27,28.0,0.525375939849624
28,29.0,0.5654288240495138
29,30.0,0.6888888888888889
30,31.0,0.6086956521739131
31,32.0,0.59
32,33.0,0.509641873278237
33,34.0,0.5588235294117647
34,35.0,0.7115646258503401
35,36.0,0.5
36,37.0,0.8409090909090909
37,38.0,0.65625
38,39.0,0.55
39,40.0,0.7428571428571429
40,41.0,0.6130820399113083
41,42.0,0.6802721088435374
42,43.0,0.5
43,44.0,0.5863636363636363
44,45.0,0.5622222222222222
45,46.0,0.5
46,47.0,0.7375886524822696
47,48.0,0.7222222222222222
48,49.0,0.5
49,50.0,0.6955555555555555
50,51.0,0.5
51,52.0,0.5
52,53.0,1.0
53,54.0,0.5
54,55.0,0.5
55,56.0,0.8214285714285715
56,57.0,0.8333333333333334
57,58.0,1.0775862068965516
58,59.0,0.75
59,60.0,0.5766666666666667
60,61.0,0.5
61,62.0,0.7004608294930875
62,63.0,1.2619047619047619
63,64.0,0.984375
64,65.0,0.5
65,66.0,0.5
66,67.0,0.5
67,68.0,1.1654411764705883
68,69.0,1.5
69,70.0,0.8333333333333334
70,71.0,0.5
71,73.0,0.8835616438356164
72,74.0,1.5
73,75.0,0.5
74,76.0,1.1096491228070176
75,77.0,0.5
76,78.0,0.8333333333333334
77,79.0,1.4620253164556962
78,80.0,1.1149999999999998
79,81.0,0.6481481481481481
80,83.0,0.5060240963855422
81,84.0,0.6964285714285715
82,85.0,0.5
83,87.0,0.5
84,91.0,0.9725274725274725
85,93.0,0.5
86,95.0,1.0
87,96.0,1.3333333333333333
88,97.0,0.5
89,100.0,1.045
90,104.0,0.5
91,105.0,2.7714285714285714
92,106.0,0.9339622641509434
93,111.0,0.9594594594594594
94,112.0,1.1607142857142858
95,122.0,1.5
96,126.0,2.111111111111111
97,130.0,0.9
98,132.0,0.5
99,143.0,0.5
