,Li,lamb,Co,Al,u,eta
0,1.0,0.9812077173640692,1517.0,2398.0,0.31630525437864887,0.3103611566391353
1,2.0,0.015534953645702832,3.0,59.0,-0.4491525423728814,-0.006977563925612289
2,3.0,0.0025056376847907794,1.0,9.0,-0.8333333333333333,-0.002088031403992316
3,4.0,0.0007516913054372337,0.0,3.0,-1.5,-0.0011275369581558506
