,ask12qty,ask12tomid,ask1qty,ask1tomid,bid12qty,bid12tomid,bid1qty,bid1tomid,twspr1,twspr2
6EZ5_20151118,185.999788840846,1.3250127925649882,45.73550811898737,0.5762610116745149,180.65014596977738,1.4110993299299581,44.27936776874508,0.5762610116745149,1.1525220338752744,3.3240147915892964
