,chgavg,dt_alt,dt_avg,dt_cont,duration,eta1,ndfpr,rvp,rvx,rvxe,spot_avg,M,S1,Volume
6EZ5_20150916,1.0072513812154695,8.370987077,9.943312500000001,13.537112117000001,10.949540597201798,0.22013988708858373,2896.0,0.00480876634301164,0.003203330191212415,0.003190788681471649,11312.038660683465,15944.0,0.9904306220095693,83699.0
