,Li,lamb,Co,Al,u,eta
0,1.0,0.9838709677419355,1099.0,2133.0,0.2576183778715424,0.25346324274458204
1,2.0,0.014911746804625686,4.0,45.0,-0.4111111111111111,-0.006130384797457226
2,3.0,0.0009129640900791236,1.0,2.0,-0.25,-0.0002282410225197809
3,6.0,0.00030432136335970786,1.0,0.0,inf,inf
