,ask12qty,ask12tomid,ask1qty,ask1tomid,bid12qty,bid12tomid,bid1qty,bid1tomid,twspr1,twspr2
6EZ5_20151103,184.9426792690939,1.4683383709776607,41.49793467086605,0.698482197932239,188.84332272521547,1.480782195376743,44.309006403428576,0.698482197932239,1.396964404599458,3.397130988426925
