,chgavg,dt_alt,dt_avg,dt_cont,duration,eta1,ndfpr,rvp,rvx,rvxe,spot_avg,M,S1,Volume
6EZ5_20150915,1.009125475285171,9.540036505,10.948860836000001,13.408736951000002,11.973337696328382,0.2866257284637126,2630.0,0.004603340287275654,0.0035026714248634215,0.003485344116508982,11300.347776510833,14109.0,0.9870290999323258,68061.0
