,ask12qty,ask12tomid,ask1qty,ask1tomid,bid12qty,bid12tomid,bid1qty,bid1tomid,twspr1,twspr2
6EZ5_20151110,208.3792850759492,1.3948015086890904,52.15884451062703,0.6447236792142095,200.41633938718078,1.4268543785695686,50.072587429457435,0.6447236792142095,1.2894473674244327,3.289453420118457
