,Li,lamb,Co,Al,u,eta
0,1.0,0.9953817733990148,1216.0,2016.0,0.30158730158730157,0.30019450308859175
1,2.0,0.004618226600985222,0.0,15.0,-0.5,-0.002309113300492611
