,Trade Qty,Avg_Cost
0,1.0,0.5083542939274165
1,2.0,0.5080711920529801
2,3.0,0.5163672654690619
3,4.0,0.5048171936758893
4,5.0,0.5101234567901234
5,6.0,0.5075757575757576
6,7.0,0.5055446836268754
7,8.0,0.5075120192307693
8,9.0,0.5446489434219495
9,10.0,0.6466666666666666
10,11.0,0.5021929824561403
11,12.0,0.5045289855072463
12,13.0,0.5073260073260073
13,14.0,0.5041666666666667
14,15.0,0.5131233595800525
15,16.0,0.5128768844221105
16,17.0,0.5044817927170868
17,18.0,0.5084541062801933
18,19.0,0.5156159629843841
19,20.0,0.5184343434343434
20,21.0,0.5032467532467533
21,22.0,0.5083732057416268
22,23.0,0.5
23,24.0,0.5294117647058824
24,25.0,0.577948717948718
25,26.0,0.5151515151515151
26,27.0,0.6363636363636364
27,28.0,0.5253456221198156
28,29.0,0.5689655172413792
29,30.0,0.5411764705882353
30,31.0,0.5
31,32.0,0.5514705882352942
32,33.0,0.5
33,34.0,0.6017156862745098
34,35.0,0.7209523809523809
35,36.0,0.5598290598290598
36,37.0,0.5
37,38.0,0.6691729323308271
38,39.0,0.5536130536130536
39,40.0,0.5068181818181818
40,41.0,0.8219512195121951
41,42.0,0.5
42,43.0,0.5968992248062016
43,44.0,0.8333333333333334
44,45.0,1.2555555555555555
45,46.0,0.5
46,47.0,0.5
47,48.0,0.5
48,49.0,0.5
49,50.0,0.6866666666666666
50,51.0,0.5
51,52.0,0.5769230769230769
52,53.0,0.6159029649595686
53,54.0,0.5
54,55.0,0.5
55,56.0,0.6581632653061223
56,57.0,0.5
57,58.0,0.5
58,60.0,0.5
59,61.0,0.8073770491803278
60,63.0,0.8412698412698413
61,64.0,0.8333333333333334
62,65.0,0.5
63,66.0,1.1666666666666667
64,69.0,0.5
65,71.0,0.5
66,73.0,1.4337899543378996
67,75.0,1.5
68,76.0,1.5
69,77.0,2.5
70,79.0,0.5
71,80.0,0.5
72,81.0,0.5
73,83.0,0.5
74,87.0,0.5
75,88.0,0.5
76,89.0,0.5
77,97.0,0.5
78,99.0,0.7676767676767676
79,100.0,0.51
80,102.0,1.357843137254902
81,103.0,0.5
82,107.0,0.5
83,108.0,1.5
84,111.0,0.9954954954954955
85,127.0,0.5
86,129.0,1.5
87,133.0,0.5
88,134.0,0.5
89,140.0,1.1142857142857143
90,166.0,0.5
