,chgavg,dt_alt,dt_avg,dt_cont,duration,eta1,ndfpr,rvp,rvxe,spot_avg
6EZ5_20150921,1.010180995475113,6.966404185,8.141845588,10.750296903,8.867309271900776,0.2253094887328814,3536.0,0.005384190565876134,0.0036143080215412736,11226.804353972293
