,ask12qty,ask12tomid,ask1qty,ask1tomid,bid12qty,bid12tomid,bid1qty,bid1tomid,twspr1,twspr2
6EZ5_20151109,170.25940250186537,1.3730806373102977,39.9369180192518,0.6154068646682854,176.2224778533324,1.3854361161396713,43.36617879014582,0.6154068646682854,1.2308137392340104,3.2308339263365413
