,Li,lamb,Co,Al,u,eta
0,1.0,0.851063829787234,1049.0,1110.0,0.4725225225225225,0.4021468276787426
1,2.0,0.12411347517730496,115.0,200.0,0.07499999999999996,0.009308510638297867
2,3.0,0.018912529550827423,23.0,25.0,0.38000000000000006,0.0071867612293144215
3,4.0,0.0035460992907801418,2.0,7.0,-0.9285714285714286,-0.003292806484295846
4,5.0,0.0003940110323089047,0.0,1.0,-2.0,-0.0007880220646178094
5,6.0,0.0007880220646178094,0.0,2.0,-2.5,-0.0019700551615445235
6,8.0,0.0003940110323089047,0.0,1.0,-3.5,-0.0013790386130811663
7,9.0,0.0007880220646178094,0.0,2.0,-4.0,-0.0031520882584712374
