,Li,lamb,Co,Al,u,eta
0,1.0,0.9934314240672623,1373.0,2407.0,0.2852098047361861,0.2833363824770152
1,2.0,0.00604308985811876,1.0,22.0,-0.4545454545454546,-0.0027468590264176185
2,4.0,0.0002627430373095113,0.0,1.0,-1.5,-0.0003941145559642669
3,6.0,0.0002627430373095113,1.0,0.0,inf,inf
