,Trade Qty,Avg_Cost
0,1.0,0.508555413511653
1,2.0,0.5061881188118812
2,3.0,0.5056643625192012
3,4.0,0.5064981949458484
4,5.0,0.5050617283950617
5,6.0,0.508720930232558
6,7.0,0.5045670442089879
7,8.0,0.5057183702644746
8,9.0,0.5143097643097643
9,10.0,0.553061224489796
10,11.0,0.51699604743083
11,12.0,0.5208333333333334
12,13.0,0.5285359801488835
13,14.0,0.5075757575757576
14,15.0,0.5047619047619047
15,16.0,0.5133384146341463
16,17.0,0.5135135135135135
17,18.0,0.5202020202020202
18,19.0,0.5
19,20.0,0.5507575757575758
20,21.0,0.5114285714285715
21,22.0,0.5054112554112554
22,23.0,0.5
23,24.0,0.5098484848484848
24,25.0,0.5764285714285714
25,26.0,0.5
26,27.0,0.5
27,28.0,0.5439560439560439
28,29.0,0.6743295019157087
29,30.0,0.525
30,31.0,0.5
31,32.0,0.5
32,33.0,0.5484848484848485
33,34.0,0.5
34,35.0,0.6952380952380952
35,36.0,0.6041666666666666
36,37.0,0.7094594594594594
37,38.0,0.5614035087719298
38,39.0,0.5833333333333334
39,40.0,0.7032608695652174
40,41.0,0.5833333333333334
41,42.0,0.5
42,43.0,0.5
43,44.0,0.625
44,45.0,0.5
45,46.0,0.5815217391304348
46,47.0,0.6631205673758865
47,48.0,0.5
48,49.0,0.5
49,50.0,0.7541176470588234
50,51.0,0.5
51,52.0,0.7243589743589743
52,53.0,0.75
53,54.0,0.5
54,55.0,0.5
55,56.0,0.5
56,57.0,0.5
57,58.0,0.5
58,59.0,0.5
59,60.0,0.75
60,62.0,0.5
61,64.0,0.5
62,65.0,0.5
63,67.0,0.5
64,68.0,0.5073529411764706
65,69.0,0.8091787439613526
66,70.0,0.6142857142857143
67,71.0,0.5
68,72.0,0.5
69,73.0,0.5
70,75.0,0.6799999999999999
71,76.0,0.6666666666666666
72,79.0,0.5
73,80.0,0.5395833333333333
74,81.0,0.5
75,83.0,0.5
76,85.0,0.5
77,89.0,0.5
78,90.0,0.5
79,91.0,1.335164835164835
80,99.0,1.595959595959596
81,100.0,0.7333333333333334
82,101.0,0.5
83,109.0,0.5
84,113.0,1.0
85,118.0,0.9745762711864406
86,122.0,0.9713114754098361
87,136.0,0.75
88,150.0,1.2466666666666666
89,161.0,1.2453416149068324
90,177.0,1.2231638418079096
91,200.0,1.19
92,216.0,2.2777777777777777
93,220.0,1.0363636363636364
