,ask12qty,ask12tomid,ask1qty,ask1tomid,bid12qty,bid12tomid,bid1qty,bid1tomid,twspr1,twspr2
6EZ5_20151104,179.9550293496462,1.4595636023713834,44.43368498669574,0.615659551345032,181.4950706572069,1.345892160705977,45.86550605614744,0.615659551345032,1.2313191164210247,3.3169842885793983
