,ask12qty,ask12tomid,ask1qty,ask1tomid,bid12qty,bid12tomid,bid1qty,bid1tomid,twspr1,twspr2
6EZ5_20151112,154.42011809134343,1.393533747084483,35.46691115886502,0.6352117189267437,150.59222208851173,1.3895463431432997,35.19530828941784,0.6352117189267437,1.2704234523985174,3.270424773151901
