,Li,lamb,Co,Al,u,eta
0,1.0,0.9956647398843931,864.0,1891.0,0.22845055526176627,0.22746016268115168
1,2.0,0.004335260115606936,1.0,11.0,-0.40909090909090906,-0.0017735155018392009
