,chgavg,dt_alt,dt_avg,dt_cont,duration,eta1,ndfpr,rvp,rvxe,spot_avg
6EZ5_20151207,1.0028891296496931,9.151358396000001,10.397938722000001,12.578141828000001,11.60012493117505,0.2863920839825326,2769.0,0.004876284277800633,0.0036904941299159815,10838.075090252707
