,chgavg,dt_alt,dt_avg,dt_cont,duration,eta1,ndfpr,rvp,rvxe,spot_avg
6EZ5_20151111,1.0036805299963194,9.842626849,10.599115839000001,11.949533864000001,11.79471831456391,0.2823962828991324,2717.0,0.004880589718263971,0.0036678940856898932,10738.816409124356
