,chgavg,dt_alt,dt_avg,dt_cont,duration,eta1,ndfpr,rvp,rvx,rvxe,spot_avg,M,S1,Volume
6EZ5_20151116,1.004335260115607,9.148983526,10.398066399000001,13.133864475000001,11.554803591926799,0.22746016268115168,2768.0,0.004945303841731675,0.003345136564734437,0.003335497738609528,10707.750451426507,20837.0,0.988950276243094,78806.0
