,chgavg,dt_alt,dt_avg,dt_cont,duration,eta1,ndfpr,rvp,rvxe,spot_avg,M
6EZ5_20150928,1.0097394691989288,6.2692791880000005,7.011004029,8.207199185,7.660875151120761,0.3120385401921447,4107.0,0.005795145051476141,0.004578080525022454,11221.967380720545,28457
