,ask12qty,ask12tomid,ask1qty,ask1tomid,bid12qty,bid12tomid,bid1qty,bid1tomid,twspr1,twspr2
6EZ5_20151002,131.65985294192214,1.300000448651522,34.78380718743323,0.539706407136804,135.04711732400085,1.292871778309846,36.32028417695078,0.539706407136804,1.0794128375522742,3.0795576514422325
