,Li,lamb,Co,Al,u,eta
0,1.0,0.9953746530989824,750.0,1401.0,0.2676659528907923,0.26642790500508096
1,2.0,0.004625346901017576,0.0,10.0,-0.5,-0.002312673450508788
