,Li,lamb,Co,Al,u,eta
0,1.0,0.9840693124650642,1288.0,2232.0,0.2885304659498208,0.2839339772524648
1,2.0,0.011738401341531582,5.0,37.0,-0.3648648648648649,-0.00428293021920747
2,3.0,0.001956400223588597,2.0,5.0,-0.3999999999999999,-0.0007825600894354386
3,4.0,0.0008384572386808273,1.0,2.0,-0.5,-0.00041922861934041365
4,5.0,0.00027948574622694243,0.0,1.0,-2.0,-0.0005589714924538849
5,6.0,0.00027948574622694243,0.0,1.0,-2.5,-0.0006987143655673561
6,7.0,0.0005589714924538849,1.0,1.0,0.5,0.00027948574622694243
7,8.0,0.00027948574622694243,0.0,1.0,-3.5,-0.0009782001117942985
