,chgavg,dt_alt,dt_avg,dt_cont,duration,eta1,ndfpr,rvp,rvxe,spot_avg,M
6EZ5_20151117,1.0050167224080269,8.640749758,9.631257666,11.614877882,10.675571204702187,0.25012843890955366,2990.0,0.005170259360170058,0.0036568644596375634,10655.273821464392,22909
