,chgavg,dt_alt,dt_avg,dt_cont,duration,eta1,ndfpr,rvp,rvxe,spot_avg,M
6EZ5_20150917,1.1045624151967435,2.3635359520000003,2.4407411800000003,2.561695443,1.5157931579498127,0.31150615011683497,11792.0,0.012831909657722464,0.01012837106521845,11393.607139828711,41858
