,ask12qty,ask12tomid,ask1qty,ask1tomid,bid12qty,bid12tomid,bid1qty,bid1tomid,twspr1,twspr2
6EZ5_20150923,120.28168650449217,1.4052792403467795,31.043169471392865,0.6663147493240656,116.67700430718736,1.412658763787033,29.342050834172486,0.6663147493240656,1.3326294986481313,3.332770173620254
