,Li,lamb,Co,Al,u,eta
0,1.0,0.9880448318804483,1416.0,2550.0,0.2776470588235294,0.2743277415573951
1,2.0,0.010958904109589041,5.0,39.0,-0.3717948717948718,-0.004074464348436951
2,3.0,0.0007471980074719801,0.0,3.0,-1.0,-0.0007471980074719801
3,4.0,0.00024906600249066,0.0,1.0,-1.5,-0.00037359900373599
