,ask12qty,ask12tomid,ask1qty,ask1tomid,bid12qty,bid12tomid,bid1qty,bid1tomid,twspr1,twspr2
6EZ5_20151026,195.4228208885957,1.5620071094137384,50.17338506500353,0.7421053242975244,186.8728842198028,1.4933102578704527,46.12755289400932,0.7421053242975244,1.4842106579968206,3.568321323537619
