,chgavg,dt_alt,dt_avg,dt_cont,duration,eta1,ndfpr,rvp,rvxe,spot_avg
6EZ5_20151102,1.0028721876495932,12.583548145,13.785884813000001,15.98054194,15.37705661207012,0.2766489785572638,2089.0,0.004159680404745255,0.0030941367044613134,11035.091387559809
