,chgavg,dt_alt,dt_avg,dt_cont,duration,eta1,ndfpr,rvp,rvx,rvxe,spot_avg,M,S1,Volume
6EZ5_20151106,1.005365958360163,5.109188894000001,6.180813652,8.101874010000001,6.844156928885919,0.2802968021495997,4659.0,0.006406518379828828,0.004804694009205213,0.004796739634945231,10739.657939914163,33762.0,0.9889666627120655,128576.0
