,chgavg,dt_alt,dt_avg,dt_cont,duration,eta1,ndfpr,rvp,rvxe,spot_avg
6EZ5_20151023,1.0091431001488411,5.344351123,6.123624980000001,7.726931959000001,6.699582813976028,0.24338101665004938,4703.0,0.00630434020438086,0.004398433086854616,11030.85012755102
