,chgavg,dt_alt,dt_avg,dt_cont,duration,eta1,ndfpr,rvp,rvxe,spot_avg
6EZ5_20151112,1.0087905425886632,3.6768681670000003,4.362022124,5.733801774000001,4.774812310458822,0.25017747178555816,6598.0,0.007640761602801846,0.0054047517038696225,10780.966661615395
