,Li,lamb,Co,Al,u,eta
0,1.0,0.9971875,1123.0,2067.0,0.27164973391388486,0.27088571903725206
1,2.0,0.0028125,0.0,9.0,-0.5,-0.00140625
