,chgavg,dt_alt,dt_avg,dt_cont,duration,eta1,ndfpr,rvp,rvxe,spot_avg
6EZ5_20151208,1.0035103115401491,10.992031262000001,12.636882956000001,15.281700665,14.068702694147133,0.31310077729226304,2279.0,0.004408256363195304,0.003488381011456618,10886.258333333333
