,chgavg,dt_alt,dt_avg,dt_cont,duration,eta1,ndfpr,rvp,rvxe,spot_avg
6EZ5_20151110,1.0126277811184605,7.560761552000001,8.658885600000001,11.187972318,9.386027294443577,0.21874092233683337,3326.0,0.00549001932239531,0.0036312311084419776,10701.822061917643
