,ask12qty,ask12tomid,ask1qty,ask1tomid,bid12qty,bid12tomid,bid1qty,bid1tomid,twspr1,twspr2
6EZ5_20151020,175.11186129982613,1.356119453236489,45.07805381714346,0.6172041043900163,167.74344865596527,1.3666963607207443,40.697157265920524,0.6172041043900163,1.2344082164496195,3.2344083702303785
