,chgavg,dt_alt,dt_avg,dt_cont,duration,eta1,ndfpr,rvp,rvx,rvxe,spot_avg,M,S1,Volume
6EZ5_20151109,1.0023793337865399,8.121802231,9.785415183000001,12.844725685,10.934771836505485,0.2730828722388111,2942.0,0.005060577060694004,0.003742951787717163,0.0037399196469321957,10756.416241930003,24490.0,0.9941101885557692,86945.0
