,chgavg,dt_alt,dt_avg,dt_cont,duration,eta1,ndfpr,rvp,rvxe,spot_avg
6EZ5_20151202,1.005791505791506,5.734840800000001,6.949446652000001,9.336624342,7.681487466155342,0.25509481827192076,4144.0,0.006133434751853413,0.0043809628037066615,10588.784077201448
