,chgavg,dt_alt,dt_avg,dt_cont,duration,eta1,ndfpr,rvp,rvxe,spot_avg
6EZ5_20151210,1.008274231678487,9.956625338,11.347276418,13.474646305,12.437247912202432,0.3301815056641692,2538.0,0.004662081564054854,0.003788534417079075,10947.89168964159
