,Li,lamb,Co,Al,u,eta
0,1.0,0.9914044512663085,2270.0,4188.0,0.2710124164278892,0.2686829159950478
1,2.0,0.007981580966999233,6.0,46.0,-0.3695652173913043,-0.0029497147051953682
2,3.0,0.0004604758250191865,0.0,3.0,-1.0,-0.0004604758250191865
3,5.0,0.00015349194167306216,0.0,1.0,-2.0,-0.0003069838833461243
