,chgavg,dt_alt,dt_avg,dt_cont,duration,eta1,ndfpr,rvp,rvxe,spot_avg
6EZ5_20151002,1.0081313775510203,4.164888078000001,4.591248566,5.359450993,5.037929151869921,0.2792630227957799,6272.0,0.007109791099016275,0.005313473947606879,11279.49450023912
