,chgavg,dt_alt,dt_avg,dt_cont,duration,eta1,ndfpr,rvp,rvx,rvxe,spot_avg,M,S1,Volume
6EZ5_20151005,1.010472972972973,8.810385232,9.729055419,11.575382311,10.5919393359274,0.2507325609671368,2960.0,0.004932510322164176,0.0035129936685644857,0.0034929178282392935,11212.869300911854,20694.0,0.9875320156574687,70944.0
