,Li,lamb,Co,Al,u,eta
0,1.0,0.9927486187845304,883.0,1991.0,0.22174786539427427,0.22013988708858373
1,2.0,0.007251381215469613,0.0,21.0,-0.5,-0.0036256906077348065
