,ask12qty,ask12tomid,ask1qty,ask1tomid,bid12qty,bid12tomid,bid1qty,bid1tomid,twspr1,twspr2
6EZ5_20151009,162.5034944562975,1.3112664208862506,44.044165190982234,0.5562093850971268,164.28019390310098,1.3105325184454049,45.16451200946312,0.5562093850971268,1.112418778595855,3.1124197921575387
