,ask12qty,ask12tomid,ask1qty,ask1tomid,bid12qty,bid12tomid,bid1qty,bid1tomid,twspr1,twspr2
6EZ5_20150925,128.2813002610589,1.3055279428942357,33.76224658009519,0.544235704122886,125.30400298170476,1.3173505815587851,31.69686567522807,0.544235704122886,1.088471408245772,3.0898494814100403
