,chgavg,dt_alt,dt_avg,dt_cont,duration,eta1,ndfpr,rvp,rvxe,spot_avg
6EZ5_20151120,1.0063267584666915,8.917506076,10.713572167,14.240516077,11.823983249648322,0.2539963213434742,2687.0,0.004905858390023215,0.003496582012778437,10670.27455357143
