,Trade Qty,Avg_Cost
0,1.0,0.5036897472130633
1,2.0,0.50231124807396
2,3.0,0.502154195011338
3,4.0,0.5045300113250283
4,5.0,0.5071301247771834
5,6.0,0.5077047850770479
6,7.0,0.5019902697921274
7,8.0,0.5059889434889435
8,9.0,0.5101378751013788
9,10.0,0.5073333333333333
10,11.0,0.5
11,12.0,0.5129032258064516
12,13.0,0.5
13,14.0,0.5308441558441559
14,15.0,0.5
15,16.0,0.5055379746835443
16,17.0,0.5
17,18.0,0.5
18,19.0,0.5
19,20.0,0.5245098039215687
20,21.0,0.5
21,22.0,0.5
22,23.0,0.5416666666666666
23,24.0,0.5
24,25.0,0.5
25,26.0,0.5244755244755245
26,27.0,0.6635802469135802
27,28.0,0.5714285714285714
28,29.0,0.5
29,30.0,0.5
30,31.0,0.5
31,32.0,0.5
32,33.0,0.5
33,34.0,0.7279411764705883
34,35.0,0.5285714285714286
35,36.0,0.5
36,37.0,0.5
37,38.0,0.5
38,39.0,0.5
39,40.0,0.6583333333333333
40,41.0,0.5
41,42.0,0.5
42,43.0,0.5
43,44.0,0.5
44,45.0,0.5
45,46.0,0.5
46,47.0,0.5
47,48.0,0.5
48,49.0,0.5
49,50.0,0.8028571428571428
50,51.0,0.8856209150326797
51,54.0,0.8888888888888888
52,56.0,0.5
53,57.0,0.9736842105263158
54,60.0,0.5
55,62.0,0.5
56,68.0,0.5
57,70.0,1.2428571428571429
58,75.0,0.5
59,89.0,1.4325842696629214
60,100.0,1.1566666666666665
61,108.0,1.4351851851851851
