,Li,lamb,Co,Al,u,eta
0,1.0,0.9909502262443439,1095.0,2408.0,0.22736710963455153,0.2253094887328814
1,2.0,0.008201357466063349,2.0,27.0,-0.42592592592592593,-0.0034931707725825373
2,3.0,0.0005656108597285068,0.0,2.0,-1.0,-0.0005656108597285068
3,4.0,0.0002828054298642534,1.0,0.0,inf,inf
