,chgavg,dt_alt,dt_avg,dt_cont,duration,eta1,ndfpr,rvp,rvx,rvxe,spot_avg,M,S1,Volume
6EZ5_20151020,1.0046253469010176,11.468603521,13.320235059000002,16.821237342,14.781048911101033,0.26642790500508096,2162.0,0.0041224849701892085,0.0030142354398572696,0.0030092892499191505,11356.926028663893,15738.0,0.9931345750429089,61244.0
