,chgavg,dt_alt,dt_avg,dt_cont,duration,eta1,ndfpr,rvp,rvx,rvxe,spot_avg,M,S1,Volume
6EZ5_20151208,1.0035103115401491,10.992031262000001,12.636882956000001,15.281700665,14.068702694147133,0.31310077729226304,2279.0,0.004408256363195304,0.0034911934099696243,0.003488381011456618,10886.258333333333,21966.0,0.9961739922568891,74003.0
