,Li,lamb,Co,Al,u,eta
0,1.0,0.9794443189518861,1572.0,2763.0,0.28447339847991315,0.2786258540340871
1,2.0,0.01897447481364355,11.0,73.0,-0.34931506849315075,-0.006628069969149461
2,3.0,0.0013553196295459679,1.0,5.0,-0.7000000000000002,-0.0009487237406821778
3,4.0,0.00022588660492432798,1.0,0.0,inf,inf
