,chgavg,dt_alt,dt_avg,dt_cont,duration,eta1,ndfpr,rvp,rvxe,spot_avg,M
6EZ5_20151105,1.005226480836237,8.524059097,10.031704856000001,12.926229021000001,11.114874776955194,0.261320782826825,2870.0,0.004962766046703677,0.0035877797588541277,10879.18634622083,23095
