,Li,lamb,Co,Al,u,eta
0,1.0,0.9976206662134602,1038.0,1896.0,0.2737341772151899,0.2730828722388111
1,2.0,0.002379333786539769,0.0,7.0,-0.5,-0.0011896668932698845
