,Trade Qty,Avg_Cost
0,1.0,0.5031084717453836
1,2.0,0.5034421496779925
2,3.0,0.5021483021483021
3,4.0,0.5055467511885895
4,5.0,0.5076666666666667
5,6.0,0.5091397849462365
6,7.0,0.507694881231181
7,8.0,0.5052716225875625
8,9.0,0.5052910052910053
9,10.0,0.5142348754448398
10,11.0,0.501367053998633
11,12.0,0.5073696145124716
12,13.0,0.502177068214804
13,14.0,0.5195488721804511
14,15.0,0.5062962962962962
15,16.0,0.5182692307692308
16,17.0,0.5143472022955523
17,18.0,0.5358796296296297
18,19.0,0.5214198286413708
19,20.0,0.5563218390804597
20,21.0,0.5384615384615384
21,22.0,0.5506493506493507
22,23.0,0.5
23,24.0,0.5
24,25.0,0.5245614035087719
25,26.0,0.5416666666666666
26,27.0,0.53125
27,28.0,0.5048701298701299
28,29.0,0.5
29,30.0,0.5440476190476191
30,31.0,0.5504032258064516
31,32.0,0.5546875
32,33.0,0.5
33,34.0,0.5
34,35.0,0.5
35,36.0,0.5625
36,37.0,0.5202702702702703
37,38.0,0.5197368421052632
38,39.0,0.5
39,40.0,0.6316666666666666
40,41.0,0.6219512195121951
41,42.0,0.5
42,43.0,0.5
43,44.0,0.5
44,45.0,0.5095238095238095
45,46.0,0.5
46,47.0,0.5
47,48.0,0.5
48,49.0,0.5
49,50.0,0.5900000000000001
50,51.0,0.5
51,52.0,0.782051282051282
52,54.0,0.5
53,55.0,0.5
54,57.0,0.5
55,58.0,0.5
56,60.0,0.7416666666666666
57,61.0,0.5
58,62.0,0.5
59,63.0,0.5
60,64.0,0.5
61,66.0,0.5
62,67.0,0.5
63,69.0,0.5
64,70.0,0.5
65,71.0,0.5
66,72.0,0.5
67,74.0,0.5
68,75.0,0.5666666666666667
69,76.0,0.5
70,80.0,0.5
71,82.0,0.5
72,85.0,0.5
73,86.0,0.5
74,87.0,0.5
75,89.0,0.6460674157303371
76,95.0,0.5
77,100.0,0.8049999999999999
78,102.0,0.5
79,116.0,1.5258620689655173
80,118.0,0.5
81,120.0,0.5
82,123.0,1.4268292682926829
83,142.0,0.5
84,151.0,1.4735099337748345
85,154.0,0.512987012987013
86,159.0,1.229559748427673
87,184.0,0.5
88,198.0,1.292929292929293
89,200.0,1.3549999999999998
90,214.0,1.6355140186915889
91,254.0,0.9724409448818898
92,261.0,1.2739463601532568
