,Trade Qty,Avg_Cost
0,1.0,0.5063348416289593
1,2.0,0.5045642115793423
2,3.0,0.5035791757049891
3,4.0,0.505869708994709
4,5.0,0.5095438175270108
5,6.0,0.508198821419421
6,7.0,0.5077608508192009
7,8.0,0.5061666666666667
8,9.0,0.5102171136653895
9,10.0,0.5336065573770491
10,11.0,0.5151001540832049
11,12.0,0.5052770448548812
12,13.0,0.5294429708222812
13,14.0,0.5107411385606875
14,15.0,0.5105788423153692
15,16.0,0.5229591836734694
16,17.0,0.5225624496373892
17,18.0,0.5073529411764706
18,19.0,0.5
19,20.0,0.5539370078740157
20,21.0,0.520952380952381
21,22.0,0.525691699604743
22,23.0,0.5270531400966184
23,24.0,0.5188172043010753
24,25.0,0.6081081081081081
25,26.0,0.5531135531135531
26,27.0,0.5277777777777778
27,28.0,0.5574534161490683
28,29.0,0.6168582375478926
29,30.0,0.6306306306306306
30,31.0,0.6236559139784945
31,32.0,0.5523897058823529
32,33.0,0.5841750841750842
33,34.0,0.5
34,35.0,0.7597402597402598
35,36.0,0.5
36,37.0,0.5498960498960499
37,38.0,0.5818713450292398
38,39.0,0.6169871794871795
39,40.0,0.675
40,41.0,0.5121951219512195
41,42.0,0.8253968253968255
42,43.0,0.7093023255813953
43,44.0,0.6136363636363635
44,45.0,0.7111111111111111
45,46.0,0.5
46,47.0,0.5
47,48.0,0.7656249999999999
48,49.0,0.5
49,50.0,0.8705263157894736
50,51.0,0.5
51,52.0,0.8942307692307693
52,55.0,0.8272727272727273
53,56.0,0.9821428571428571
54,57.0,0.5
55,58.0,0.5
56,59.0,0.8050847457627119
57,60.0,0.9466666666666669
58,61.0,0.5
59,62.0,0.5
60,63.0,0.5
61,64.0,0.8359375
62,65.0,0.7769230769230768
63,66.0,1.0
64,69.0,0.5
65,70.0,1.0714285714285714
66,73.0,0.5
67,74.0,0.5
68,75.0,0.9266666666666666
69,76.0,1.3026315789473684
70,77.0,0.5
71,80.0,0.9099999999999999
72,84.0,0.9047619047619048
73,87.0,0.5
74,88.0,0.5
75,90.0,1.1555555555555554
76,93.0,1.381720430107527
77,94.0,1.1382978723404256
78,96.0,1.4270833333333333
79,98.0,1.1071428571428572
80,100.0,1.175
81,103.0,0.5
82,106.0,1.3584905660377358
83,108.0,0.5
84,113.0,1.3584070796460177
85,116.0,1.3103448275862069
86,123.0,0.5
87,125.0,0.5
88,127.0,1.3503937007874016
89,129.0,1.2596899224806202
90,148.0,1.337837837837838
91,152.0,1.9210526315789473
92,153.0,1.3202614379084967
93,173.0,1.5549132947976878
94,209.0,1.930622009569378
95,218.0,1.555045871559633
96,224.0,1.6964285714285714
97,519.0,2.9258188824662814
