,chgavg,dt_alt,dt_avg,dt_cont,duration,eta1,ndfpr,rvp,rvxe,spot_avg
6EZ5_20151015,1.013200498132005,6.26615397,7.17244597,8.831243543000001,7.739911576932038,0.2743277415573951,4015.0,0.005676878163377853,0.004204936438566224,11397.115039840637
