,chgavg,dt_alt,dt_avg,dt_cont,duration,eta1,ndfpr,rvp,rvxe,spot_avg
6EZ5_20150925,1.0122684628337744,6.378035122,6.927735386,7.790696670000001,7.47956366615525,0.3217015282684744,4157.0,0.005876710079776929,0.004713850727787154,11199.537999037999
