,ask12qty,ask12tomid,ask1qty,ask1tomid,bid12qty,bid12tomid,bid1qty,bid1tomid,twspr1,twspr2
6EZ5_20151126,85.14305094230406,1.2071740194118807,20.499671844365913,0.5442730258040783,112.1940211982326,1.3909227429996838,22.852959858613854,0.5442730258040783,1.0885460529407547,3.088546059073602
