,ask12qty,ask12tomid,ask1qty,ask1tomid,bid12qty,bid12tomid,bid1qty,bid1tomid,twspr1,twspr2
6EZ5_20151116,207.01365433781112,1.3824199256305543,49.92110019534152,0.591886564644653,212.74425843687243,1.3541074769864037,51.968550601516746,0.591886564644653,1.1837731373698088,3.1837732466144595
