,ask12qty,ask12tomid,ask1qty,ask1tomid,bid12qty,bid12tomid,bid1qty,bid1tomid,twspr1,twspr2
6EZ5_20151209,166.51812868818502,1.3062916607803903,41.310192393395916,0.5328631721425421,169.30281586788664,1.3050825971324602,42.16279893657488,0.5328631721425421,1.0657263649034376,3.0657268821841
