,chgavg,dt_alt,dt_avg,dt_cont,duration,eta1,ndfpr,rvp,rvxe,spot_avg,M
6EZ5_20151026,1.019814241486068,8.003535061000001,8.915844404000001,10.841457046,9.44052579121486,0.2383027556210665,3230.0,0.00530210249555793,0.0036603924330466443,11049.084493964718,23191
