,ask12qty,ask12tomid,ask1qty,ask1tomid,bid12qty,bid12tomid,bid1qty,bid1tomid,twspr1,twspr2
6EZ5_20151208,192.6400426622277,1.3180163648947705,45.52099079090395,0.5328913556775655,195.34000025340134,1.309080945786147,47.575466239327724,0.5328913556775655,1.0657827222625402,3.065782742901794
