,Trade Qty,Avg_Cost
0,1.0,0.5060334963070842
1,2.0,0.505230358335188
2,3.0,0.5041684329518158
3,4.0,0.5083725029377203
4,5.0,0.5082853855005754
5,6.0,0.5047123015873016
6,7.0,0.5021248774109186
7,8.0,0.5057843137254902
8,9.0,0.5115348399246704
9,10.0,0.5401515151515153
10,11.0,0.5036954915003695
11,12.0,0.505464480874317
12,13.0,0.5087232355273592
13,14.0,0.5
14,15.0,0.518918918918919
15,16.0,0.512609649122807
16,17.0,0.5121107266435987
17,18.0,0.5373931623931625
18,19.0,0.5242914979757085
19,20.0,0.5424242424242424
20,21.0,0.6001984126984127
21,22.0,0.5151515151515151
22,23.0,0.5189035916824196
23,24.0,0.5195578231292517
24,25.0,0.5111111111111111
25,26.0,0.5
26,27.0,0.5
27,28.0,0.53125
28,29.0,0.5
29,30.0,0.6226666666666667
30,31.0,0.5445468509984639
31,32.0,0.5238095238095238
32,33.0,0.5252525252525252
33,34.0,0.5416666666666666
34,35.0,0.6483516483516483
35,36.0,0.5
36,37.0,0.5
37,38.0,0.5
38,39.0,0.5
39,40.0,0.5821428571428572
40,41.0,0.5
41,42.0,0.6476190476190476
42,43.0,0.5
43,44.0,0.5
44,45.0,0.6666666666666667
45,46.0,0.5
46,47.0,0.5
47,48.0,0.5
48,49.0,0.5
49,50.0,0.5872727272727273
50,51.0,1.4607843137254901
51,52.0,0.9423076923076923
52,54.0,0.6481481481481481
53,55.0,1.3818181818181818
54,56.0,0.5
55,58.0,0.5
56,59.0,0.5
57,60.0,0.6222222222222222
58,61.0,0.5
59,62.0,0.7258064516129034
60,63.0,0.5
61,70.0,0.5
62,72.0,0.5
63,75.0,0.5766666666666667
64,76.0,0.5
65,79.0,0.5
66,80.0,0.8937499999999998
67,83.0,0.5
68,85.0,0.5
69,90.0,0.5
70,92.0,0.5
71,93.0,0.5
72,94.0,0.5372340425531915
73,96.0,1.40625
74,97.0,0.5
75,99.0,0.5
76,101.0,0.8267326732673267
77,105.0,0.6142857142857143
78,110.0,1.290909090909091
79,113.0,0.588495575221239
80,124.0,0.5
81,209.0,0.5
82,214.0,1.2897196261682242
83,216.0,1.3518518518518519
84,222.0,1.3558558558558558
85,268.0,1.2649253731343284
