,chgavg,dt_alt,dt_avg,dt_cont,duration,eta1,ndfpr,rvp,rvxe,spot_avg
6EZ5_20151103,1.0066086956521738,8.699636785000001,10.016199952000001,12.555124383,11.050461680395394,0.2600098371305276,2875.0,0.004940731301980422,0.003562879408583918,10959.50799721836
