,ask12qty,ask12tomid,ask1qty,ask1tomid,bid12qty,bid12tomid,bid1qty,bid1tomid,twspr1,twspr2
6EZ5_20150914,156.16537468681992,1.3979581231177378,43.79568796822571,0.6382083602991306,159.01175770542255,1.3933453888539333,44.065549343640754,0.6382083602991306,1.2764167205982613,3.2764167514869182
