,ask12qty,ask12tomid,ask1qty,ask1tomid,bid12qty,bid12tomid,bid1qty,bid1tomid,twspr1,twspr2
6EZ5_20151028,155.80171883107036,1.421672293819746,37.53654143578748,0.6741539611396191,154.59266347463355,1.4189126529979315,38.01012814388179,0.6741539611396191,1.3483079384775851,3.34876354609855
