,ask12qty,ask12tomid,ask1qty,ask1tomid,bid12qty,bid12tomid,bid1qty,bid1tomid,twspr1,twspr2
6EZ5_20151021,188.71568403461242,1.3173279307604178,46.49808278314605,0.5429955835446466,200.14373864642883,1.3143462130838566,49.863012119709445,0.5429955835446466,1.0859911744016941,3.0859912772294082
