,Li,lamb,Co,Al,u,eta
0,1.0,0.9854568447676256,875.0,2241.0,0.19522534582775547,0.19238615331808845
1,2.0,0.011065444198545684,5.0,30.0,-0.33333333333333337,-0.0036884813995152286
2,3.0,0.002213088839709137,2.0,5.0,-0.3999999999999999,-0.0008852355358836547
3,4.0,0.0006323110970597534,0.0,2.0,-1.5,-0.0009484666455896302
4,5.0,0.0006323110970597534,1.0,1.0,0.5,0.0003161555485298767
