,chgavg,dt_alt,dt_avg,dt_cont,duration,eta1,ndfpr,rvp,rvx,rvxe,spot_avg,M,S1,Volume
6EZ5_20151013,1.0062962962962962,9.727805018,10.666261351000001,12.69799568,11.768912339451015,0.23247629467541944,2700.0,0.004607375332871828,0.003154926666310082,0.0031416509257198716,11388.086264346539,18941.0,0.991497676383608,68907.0
