,Li,lamb,Co,Al,u,eta
0,1.0,0.9952941176470588,1981.0,3094.0,0.3201357466063348,0.3186292254458344
1,2.0,0.004705882352941176,4.0,20.0,-0.30000000000000004,-0.001411764705882353
