,Li,lamb,Co,Al,u,eta
0,1.0,0.9927213910230489,689.0,1765.0,0.19518413597733708,0.193763466973054
1,2.0,0.006874241811564901,0.0,17.0,-0.5,-0.0034371209057824505
2,5.0,0.0004043671653861706,1.0,0.0,inf,inf
