,Trade Qty,Avg_Cost
0,1.0,0.5066797140912185
1,2.0,0.5067375213513
2,3.0,0.5051571411236501
3,4.0,0.5080738177623991
4,5.0,0.5089814814814815
5,6.0,0.5077021822849809
6,7.0,0.5084766891049615
7,8.0,0.5123491704374057
8,9.0,0.5091575091575091
9,10.0,0.5468277945619336
10,11.0,0.5129160457029309
11,12.0,0.5106621773288441
12,13.0,0.5052631578947369
13,14.0,0.53125
14,15.0,0.5287878787878788
15,16.0,0.5271045918367347
16,17.0,0.5242763772175537
17,18.0,0.5272108843537415
18,19.0,0.5
19,20.0,0.5653465346534653
20,21.0,0.517094017094017
21,22.0,0.5773955773955773
22,23.0,0.5173913043478261
23,24.0,0.5222222222222223
24,25.0,0.617
25,26.0,0.5019230769230769
26,27.0,0.5625
27,28.0,0.5798319327731093
28,29.0,0.5689655172413793
29,30.0,0.6
30,31.0,0.5384615384615384
31,32.0,0.5263157894736842
32,33.0,0.5
33,34.0,0.6397058823529411
34,35.0,0.6224489795918368
35,36.0,0.5555555555555556
36,37.0,0.5
37,38.0,0.5
38,39.0,0.625
39,40.0,0.5291666666666667
40,41.0,1.0792682926829267
41,42.0,0.5
42,43.0,0.8604651162790697
43,44.0,0.6515151515151515
44,45.0,0.5
45,46.0,0.5
46,48.0,0.6927083333333333
47,49.0,0.5
48,50.0,0.8800000000000001
49,51.0,0.676470588235294
50,52.0,0.5
51,53.0,0.5
52,54.0,0.5
53,55.0,0.5181818181818182
54,56.0,0.5595238095238095
55,58.0,0.8103448275862069
56,60.0,0.74
57,61.0,0.5
58,64.0,0.5
59,65.0,0.7666666666666666
60,66.0,0.8106060606060606
61,68.0,0.5
62,71.0,0.5
63,73.0,1.0616438356164384
64,75.0,0.5
65,76.0,0.5
66,78.0,0.5
67,90.0,0.8444444444444444
68,100.0,1.0518181818181818
69,101.0,1.1864686468646866
70,105.0,1.3571428571428572
71,109.0,1.3623853211009174
72,113.0,1.2787610619469028
73,133.0,1.4774436090225564
74,139.0,0.5
75,146.0,1.2808219178082192
76,150.0,1.26
77,151.0,1.1821192052980132
78,155.0,1.7903225806451613
79,157.0,1.4745222929936306
80,201.0,1.818407960199005
