,Li,lamb,Co,Al,u,eta
0,1.0,0.9926810477657936,904.0,1672.0,0.2703349282296651,0.26835635980271455
1,2.0,0.006933744221879815,1.0,17.0,-0.4411764705882353,-0.0030590048037705065
2,3.0,0.0003852080123266564,0.0,1.0,-1.0,-0.0003852080123266564
