,chgavg,dt_alt,dt_avg,dt_cont,duration,eta1,ndfpr,rvp,rvxe,spot_avg,M
x6EH6_20151216,1.0849565477974228,2.027157446,2.157141443,2.348644014,1.6001183158531282,0.32844340606221445,13348.0,0.012973567520017798,0.01051488888979642,10968.242415162184,62008
