,Li,lamb,Co,Al,u,eta
0,1.0,0.9887964691902903,2357.0,3467.0,0.33991923853475625,0.33611094287301907
1,2.0,0.009845527075199458,12.0,46.0,-0.23913043478260865,-0.0023543651701563913
2,3.0,0.0008487523340689187,0.0,5.0,-1.0,-0.0008487523340689187
3,4.0,0.00016975046681378373,0.0,1.0,-1.5,-0.0002546257002206756
4,5.0,0.00016975046681378373,0.0,1.0,-2.0,-0.00033950093362756747
5,8.0,0.00016975046681378373,0.0,1.0,-3.5,-0.000594126633848243
