,Li,lamb,Co,Al,u,eta
0,1.0,0.9948857824752813,1118.0,1799.0,0.31072818232351307,0.30913905080805015
1,2.0,0.00477326968973747,0.0,14.0,-0.5,-0.002386634844868735
2,3.0,0.00034094783498124785,0.0,1.0,-1.0,-0.00034094783498124785
