,Li,lamb,Co,Al,u,eta
0,1.0,0.9914738124238733,825.0,1616.0,0.255259900990099,0.2530835071935939
1,2.0,0.007308160779537149,2.0,16.0,-0.375,-0.002740560292326431
2,3.0,0.001218026796589525,0.0,3.0,-1.0,-0.001218026796589525
