,Li,lamb,Co,Al,u,eta
0,1.0,0.9930648172846093,1308.0,2414.0,0.27091963545981773,0.26904075828671686
1,2.0,0.006935182715390771,4.0,22.0,-0.3181818181818181,-0.0022066490458061538
