,ask12qty,ask12tomid,ask1qty,ask1tomid,bid12qty,bid12tomid,bid1qty,bid1tomid,twspr1,twspr2
x6EH6_20151223,164.74001795172887,1.2759919742888397,45.53600683240537,0.5354711258001749,171.92512940012728,1.275445132121619,47.4096318585744,0.5354711258001749,1.07094226002412,3.070943561072124
