,Li,lamb,Co,Al,u,eta
0,1.0,0.9932511737089202,1205.0,2179.0,0.2765029830197338,0.27463691241836824
1,2.0,0.0067488262910798125,1.0,22.0,-0.4545454545454546,-0.003067648314127188
