,chgavg,dt_alt,dt_avg,dt_cont,duration,eta1,ndfpr,rvp,rvxe,spot_avg
x6EH6_20151218,1.0054551653597,8.555022938,9.816348684000001,11.871314784,10.86161543326188,0.30913905080805015,2933.0,0.005024324017595713,0.00395065923912848,10870.453306066804
