,chgavg,dt_alt,dt_avg,dt_cont,duration,eta1,ndfpr,rvp,rvx,rvxe,spot_avg,M,S1,Volume
x6EH6_20160106,1.0232923318503009,6.9397641000000005,7.53712856,8.505622038,7.825675704464193,0.3097386297691249,3821.0,0.00596643085518428,0.004753575800680649,0.004695991435524703,10784.424385138671,25813.0,0.9869646182495344,85593.0
