,ask12qty,ask12tomid,ask1qty,ask1tomid,bid12qty,bid12tomid,bid1qty,bid1tomid,twspr1,twspr2
x6EH6_20160104,221.53483302815644,1.3106614905966196,50.25169428721878,0.5203685458643897,213.49686351203408,1.3069316554283064,49.17687497984186,0.5203685458643897,1.040737108457994,3.0407561432154204
