,ask12qty,ask12tomid,ask1qty,ask1tomid,bid12qty,bid12tomid,bid1qty,bid1tomid,twspr1,twspr2
x6EH6_20151216,136.82393663453956,1.3336202442931235,34.0599761869856,0.5763446182524178,136.82921273450776,1.3298507555463002,34.02645807377496,0.5763446182524178,1.1526892546923448,3.154267585791588
