,ask12qty,ask12tomid,ask1qty,ask1tomid,bid12qty,bid12tomid,bid1qty,bid1tomid,twspr1,twspr2
x6EH6_20160106,164.04109828587065,1.409745703093272,36.71667365890839,0.6142721280871912,171.91896925054058,1.3961369903118648,39.4049665492417,0.6142721280871912,1.2285442672289726,3.228564751108673
