,ask12qty,ask12tomid,ask1qty,ask1tomid,bid12qty,bid12tomid,bid1qty,bid1tomid,twspr1,twspr2
x6EH6_20151222,181.72935554358241,1.2965236297046572,44.434974678156806,0.5273161327774663,196.88117305953614,1.2922408799274994,49.97916533085348,0.5273161327774663,1.0546322741207144,3.054677959527264
