,chgavg,dt_alt,dt_avg,dt_cont,duration,eta1,ndfpr,rvp,rvxe,spot_avg
x6EH6_20160105,1.0034708831469341,9.353954360000001,11.105877060000001,15.174754823,12.366365791669093,0.21634807589647354,2593.0,0.0047590992645977406,0.0031305185369158374,10755.403238242097
