,chgavg,dt_alt,dt_avg,dt_cont,duration,eta1,ndfpr,rvp,rvx,rvxe,spot_avg,M,S1,Volume
x6EH6_20151223,1.0097442143727162,10.391544794000001,11.690781399,14.243886641000001,12.751370257530812,0.2530835071935939,2463.0,0.004615675502373608,0.0033049826153624773,0.003283841513388517,10920.909496753247,17300.0,0.9894127856522997,63463.0
