,chgavg,dt_alt,dt_avg,dt_cont,duration,eta1,ndfpr,rvp,rvx,rvxe,spot_avg,M,S1,Volume
x6EH6_20151222,1.0058846606512357,10.260794329000001,11.298192013000001,13.561970762000001,12.471066840549701,0.23063067797270498,2549.0,0.004636445452301857,0.0031635151011881156,0.0031488987053182476,10993.489019607843,18350.0,0.9918592580451292,67656.0
