,chgavg,dt_alt,dt_avg,dt_cont,duration,eta1,ndfpr,rvp,rvxe,spot_avg,M
x6EH6_20151215,1.0067488262910798,7.150957470000001,8.449819377,10.826870434,9.318219165352637,0.27463691241836824,3408.0,0.005378707988092484,0.003986322388036088,10962.966265767087,28694
