,chgavg,dt_alt,dt_avg,dt_cont,duration,eta1,ndfpr,rvp,rvx,rvxe,spot_avg,M,S1,Volume
x6EH6_20151217,1.0069351827153907,6.736630017,7.679939279,9.425899177,8.466126875592277,0.26904075828671686,3749.0,0.005698350484120919,0.004196232846582598,0.004179970286242695,10856.278133333333,29253.0,0.9925690021231423,108515.0
