,ask12qty,ask12tomid,ask1qty,ask1tomid,bid12qty,bid12tomid,bid1qty,bid1tomid,twspr1,twspr2
x6EH6_20160107,151.51068946055298,1.4935022030123646,34.61064031387106,0.7080569781534978,154.49490350380637,1.4896897722301932,35.24983358573087,0.7080569781534978,1.4161139682504,3.4161626389235824
