,ask12qty,ask12tomid,ask1qty,ask1tomid,bid12qty,bid12tomid,bid1qty,bid1tomid,twspr1,twspr2
x6EH6_20151218,172.5844363036342,1.3271585809404258,39.26821599136537,0.536250384515431,173.2040862706057,1.3247268471305365,40.05977767267212,0.536250384515431,1.0725007792619143,3.072501033716481
