,chgavg,dt_alt,dt_avg,dt_cont,duration,eta1,ndfpr,rvp,rvxe,spot_avg
x6EH6_20151221,1.0079612322602978,8.991617642000001,9.965239238,11.806197441,10.953348134643429,0.2663709244923396,2889.0,0.004972302487915837,0.0036292421634117455,10938.090657439447
