,twspr1,twspr2,bid1tomid,ask1tomid,bid1qty,ask1qty,bid12tomid,ask12tomid,bid12qty,ask12qty
DOLG1720170123,1.147968135532737,3.1494689776467073,0.5739840677663685,0.5739840677663685,59.076133703748056,51.41147015376876,1.2849594682983587,1.2908799329359142,186.26565542653722,172.7669647971352
