,twspr1,twspr2,bid1tomid,ask1tomid,bid1qty,ask1qty,bid12tomid,ask12tomid,bid12qty,ask12qty
DOLG1720170111,1.1778769243738578,3.1794807433787975,0.5889384621869289,0.5889384621869289,40.51987369436789,41.33519705964712,1.321677660953967,1.316977209861217,140.44036490685517,144.17142496970555
