,twspr1,twspr2,bid1tomid,ask1tomid,bid1qty,ask1qty,bid12tomid,ask12tomid,bid12qty,ask12qty
DOLG1720170105,1.2251796903695413,3.226118132120296,0.6125898451847707,0.6125898451847707,40.6221756966556,43.66585355492312,1.3349821717840864,1.3380552024987673,138.06424291300448,146.65808187184223
