,twspr1,twspr2,bid1tomid,ask1tomid,bid1qty,ask1qty,bid12tomid,ask12tomid,bid12qty,ask12qty
DOLG1720170130,1.1526475726161232,3.1531107147593516,0.5763237863080616,0.5763237863080616,56.64903562925653,60.081759879999844,1.3016600064902148,1.3069859805931083,194.0237510333564,209.99073956291244
