,twspr1,twspr2,bid1tomid,ask1tomid,bid1qty,ask1qty,bid12tomid,ask12tomid,bid12qty,ask12qty
DOLG1720170110,1.1212941898403175,3.1220269630955797,0.5606470949201587,0.5606470949201587,48.83160510795725,51.64052793849205,1.288429155271067,1.2869120437568338,169.71513507389494,177.57013059416485
