,twspr1,twspr2,bid1tomid,ask1tomid,bid1qty,ask1qty,bid12tomid,ask12tomid,bid12qty,ask12qty
DOLG1720170131,1.4672716101866667,3.4768793645975884,0.7336358050933334,0.7336358050933334,1563.4542568940858,830.8684939991006,1.1321574977073499,1.3884773810237598,1974.868530370747,2373.3034617363037
