,twspr1,twspr2,bid1tomid,ask1tomid,bid1qty,ask1qty,bid12tomid,ask12tomid,bid12qty,ask12qty
DOLG1720170117,1.1818039387455987,3.1828860649365964,0.5909019693727994,0.5909019693727994,43.260438903235276,44.75697165311314,1.3162483850933064,1.322708281324712,148.18021773686985,157.6946459858055
