,twspr1,twspr2,bid1tomid,ask1tomid,bid1qty,ask1qty,bid12tomid,ask12tomid,bid12qty,ask12qty
DOLG1720170106,1.2565664311194893,3.257904061537553,0.6282832155597446,0.6282832155597446,39.19809953842687,48.635176688643035,1.323784556108099,1.3327437698473878,121.51035980373243,154.56773129036316
