,twspr1,twspr2,bid1tomid,ask1tomid,bid1qty,ask1qty,bid12tomid,ask12tomid,bid12qty,ask12qty
DOLG1720170112,1.164196175957307,3.1657180603078103,0.5820980879786535,0.5820980879786535,42.95153115327701,45.408042685421535,1.288582647576347,1.2882290258919131,140.08332680719104,146.51531550258935
