,twspr1,twspr2,bid1tomid,ask1tomid,bid1qty,ask1qty,bid12tomid,ask12tomid,bid12qty,ask12qty
DOLG1720170119,1.166067300510369,3.166847171475861,0.5830336502551845,0.5830336502551845,49.84210596727103,50.262087571563704,1.3111884384732435,1.3217488867695963,172.59947608760973,178.44335864308886
