,Trade Qty,Avg_Cost
0,5.0,0.3448979591836735
1,10.0,0.37086776859504134
2,15.0,0.34459459459459457
3,20.0,0.4375
4,25.0,0.38
5,30.0,0.28125
6,35.0,0.375
7,40.0,0.25
8,50.0,0.42000000000000004
9,80.0,0.78125
10,115.0,0.25
11,200.0,0.3875
12,300.0,0.25
13,365.0,0.25
14,750.0,0.25
