,twspr1,twspr2,bid1tomid,ask1tomid,bid1qty,ask1qty,bid12tomid,ask12tomid,bid12qty,ask12qty
DOLH1720170214,1.1484859240236749,3.1494130609104487,0.5742429620118374,0.5742429620118374,83.02169366187103,80.10561508310279,1.2938510687483926,1.2911118379681756,277.10222823211666,261.6139449098624
