,twspr1,twspr2,bid1tomid,ask1tomid,bid1qty,ask1qty,bid12tomid,ask12tomid,bid12qty,ask12qty
DOLH1720170130,44.59421275002055,46.84558410304449,22.297106375010276,22.297106375010276,12.684481874773347,16.282180398481913,1.839296535418205,23.037622953114706,47.978931613520665,53.10560132902448
