,twspr1,twspr2,bid1tomid,ask1tomid,bid1qty,ask1qty,bid12tomid,ask12tomid,bid12qty,ask12qty
DOLH1720170202,1.1938368731624196,3.1938856873285735,0.5969184365812098,0.5969184365812098,51.77395822884881,55.83357121341701,1.312589160445096,1.305977204486061,171.57218684306338,177.6462051196526
