,twspr1,twspr2,bid1tomid,ask1tomid,bid1qty,ask1qty,bid12tomid,ask12tomid,bid12qty,ask12qty
DOLH1720170201,1.1559024344119235,3.1563736784362986,0.5779512172059618,0.5779512172059618,50.476960666417064,52.260085619105446,1.2951533020845925,1.2906196330689939,167.46040478024116,172.10446937769473
