,twspr1,twspr2,bid1tomid,ask1tomid,bid1qty,ask1qty,bid12tomid,ask12tomid,bid12qty,ask12qty
DOLH1720170221,1.11629985327344,3.116477905913341,0.55814992663672,0.55814992663672,85.65017987014785,88.19572182380864,1.2798625131966261,1.282372184109226,289.38310217308106,299.4051222816042
