,twspr1,twspr2,bid1tomid,ask1tomid,bid1qty,ask1qty,bid12tomid,ask12tomid,bid12qty,ask12qty
DOLH1720170210,1.1412486335249048,3.141487713099218,0.5706243167624524,0.5706243167624524,81.91306107352382,79.25070792364141,1.2895190715493894,1.286778082069071,271.2324367107498,258.5834428463136
