,twspr1,twspr2,bid1tomid,ask1tomid,bid1qty,ask1qty,bid12tomid,ask12tomid,bid12qty,ask12qty
DOLH1720170222,1.1313740691082155,3.131712519180065,0.5656870345541077,0.5656870345541077,91.59807182375341,89.31332608448264,1.2781105474319119,1.2802747914762715,300.08616887116216,291.84418699148495
