,twspr1,twspr2,bid1tomid,ask1tomid,bid1qty,ask1qty,bid12tomid,ask12tomid,bid12qty,ask12qty
DOLH1720170217,1.1569313594754023,3.1573262694049014,0.5784656797377011,0.5784656797377011,68.94034411989912,65.51744012592847,1.2909319341841146,1.2983739820898077,225.3239876429372,220.29736528221127
