,twspr1,twspr2,bid1tomid,ask1tomid,bid1qty,ask1qty,bid12tomid,ask12tomid,bid12qty,ask12qty
WDOG1720170123,1.0203606190574628,3.020635058298942,0.5101803095287314,0.5101803095287314,99.1073066155134,97.7780823126465,1.2273676312542812,1.2209183356226225,323.0418824174302,309.6936914339411
