,twspr1,twspr2,bid1tomid,ask1tomid,bid1qty,ask1qty,bid12tomid,ask12tomid,bid12qty,ask12qty
WDOG1720170117,1.0405388712047914,3.040716031341042,0.5202694356023957,0.5202694356023957,87.08052427489395,82.71413461469339,1.2424240562318303,1.2419095958063218,287.0800165862794,273.94426836879154
