,twspr1,twspr2,bid1tomid,ask1tomid,bid1qty,ask1qty,bid12tomid,ask12tomid,bid12qty,ask12qty
WDOG1720170131,1.237850854526738,3.450651135958115,0.618925427263369,0.618925427263369,1147.3763154300643,863.2794798190732,1.0832765010282397,1.1945380474842424,1685.326647276114,1553.124837495891
