,twspr1,twspr2,bid1tomid,ask1tomid,bid1qty,ask1qty,bid12tomid,ask12tomid,bid12qty,ask12qty
WDOG1720170124,1.0183517478558641,3.0189464489739137,0.5091758739279321,0.5091758739279321,104.58327759012342,111.55763717646707,1.2343701265090459,1.2136915025534363,347.21136009594574,349.4438247470153
