,twspr1,twspr2,bid1tomid,ask1tomid,bid1qty,ask1qty,bid12tomid,ask12tomid,bid12qty,ask12qty
WDOG1720170111,1.0324809427795254,3.0329065362223013,0.5162404713897627,0.5162404713897627,80.81818584984636,78.21951703878607,1.2422990561597533,1.2387333520585628,268.8550260661326,257.55522424444837
