,twspr1,twspr2,bid1tomid,ask1tomid,bid1qty,ask1qty,bid12tomid,ask12tomid,bid12qty,ask12qty
WDOG1720170103,1.0296642241523029,3.030356874039011,0.5148321120761514,0.5148321120761514,75.28401080663707,75.49016031576753,1.232614979603298,1.228437010525464,242.99892867465002,237.42115184627514
