,twspr1,twspr2,bid1tomid,ask1tomid,bid1qty,ask1qty,bid12tomid,ask12tomid,bid12qty,ask12qty
WDOG1720170116,1.0486740516851027,3.048877806341396,0.5243370258425514,0.5243370258425514,83.62007113907035,87.68441802659014,1.2452066872113965,1.2294802125737376,277.56489904639574,272.9072995722235
