,twspr1,twspr2,bid1tomid,ask1tomid,bid1qty,ask1qty,bid12tomid,ask12tomid,bid12qty,ask12qty
WDOG1720170120,1.0188798464269315,3.020281292073058,0.5094399232134658,0.5094399232134658,88.32257325323171,97.51229204473731,1.2307913261730579,1.2201947501644965,293.91441548968584,309.31747513580177
