,twspr1,twspr2,bid1tomid,ask1tomid,bid1qty,ask1qty,bid12tomid,ask12tomid,bid12qty,ask12qty
WDOG1720170126,1.0279647544582835,3.0284668818667058,0.5139823772291418,0.5139823772291418,109.00370127943519,106.63666097426494,1.2270961829457232,1.2306546012171324,349.65835334758674,342.7510327649565
