,twspr1,twspr2,bid1tomid,ask1tomid,bid1qty,ask1qty,bid12tomid,ask12tomid,bid12qty,ask12qty
WDOH1720170224,1.0348483139765614,3.0356219331815297,0.5174241569882807,0.5174241569882807,2247.8899712980697,2053.688392085491,0.9160965305221166,0.9138713799148216,2836.979438087323,2641.155344890496
