,twspr1,twspr2,bid1tomid,ask1tomid,bid1qty,ask1qty,bid12tomid,ask12tomid,bid12qty,ask12qty
WDOH1720170216,1.0218151178524242,3.022299980478541,0.5109075589262121,0.5109075589262121,143.11724686475105,129.73680458110798,1.1870438943869202,1.2004250708710498,409.32986233024127,387.34033276973105
