,Li,lamb,Co,Al,u,eta
0,1.0,0.9775691699604743,2995.0,16790.0,0.08918999404407385,0.08718938844644492
1,2.0,0.021442687747035574,6.0,428.0,-0.485981308411215,-0.010420745447157476
2,3.0,0.0007411067193675889,2.0,13.0,-0.7692307692307692,-0.0005700820918212221
3,4.0,0.0001976284584980237,0.0,4.0,-1.5,-0.0002964426877470356
4,5.0,4.940711462450593e-05,0.0,1.0,-2.0,-9.881422924901186e-05
