,twspr1,twspr2,bid1tomid,ask1tomid,bid1qty,ask1qty,bid12tomid,ask12tomid,bid12qty,ask12qty
WDOH1720170130,1.753367760776299,3.8166590359553902,0.8766838803881495,0.8766838803881495,7.892659055207645,7.989326159060923,1.5304231660436858,1.5410300442899618,19.645470305503196,21.29423082129516
