,twspr1,twspr2,bid1tomid,ask1tomid,bid1qty,ask1qty,bid12tomid,ask12tomid,bid12qty,ask12qty
WDOH1720170217,1.022984832629267,3.0230121694615346,0.5114924163146335,0.5114924163146335,145.4521454616603,143.70715768790066,1.1867947674719725,1.186087760048143,421.42749735270297,414.508030638063
