,Li,lamb,Co,Al,u,eta
0,1.0,0.9559838895281934,728.0,2594.0,0.14032382420971473,0.13414731526147355
1,2.0,0.03998849252013809,3.0,136.0,-0.4779411764705882,-0.019112147160360117
2,3.0,0.0028768699654775605,1.0,9.0,-0.8333333333333333,-0.002397391637897967
3,4.0,0.0005753739930955121,0.0,2.0,-1.5,-0.0008630609896432681
4,5.0,0.0005753739930955121,0.0,2.0,-2.0,-0.0011507479861910242
