,twspr1,twspr2,bid1tomid,ask1tomid,bid1qty,ask1qty,bid12tomid,ask12tomid,bid12qty,ask12qty
WDOH1720170210,1.0196047022423103,3.0199232095045403,0.5098023511211551,0.5098023511211551,170.78254549536808,177.86201678533874,1.214358308099134,1.2160840194688392,525.5808575511896,563.5562746772475
