,twspr1,twspr2,bid1tomid,ask1tomid,bid1qty,ask1qty,bid12tomid,ask12tomid,bid12qty,ask12qty
WDOH1720170220,1.039206218494807,3.039442878775727,0.5196031092474035,0.5196031092474035,173.9644370322109,166.52733078789913,1.1860992153536056,1.203701968288124,481.71604412307875,488.86247149743235
