,Li,lamb,Co,Al,u,eta
0,1.0,0.9861554845580405,715.0,1136.0,0.3147007042253521,0.3103438254661087
1,2.0,0.013312034078807242,1.0,24.0,-0.45833333333333337,-0.006101348952786653
2,3.0,0.0005324813631522897,1.0,0.0,inf,inf
