,chgavg,dt_alt,dt_avg,dt_cont,duration,eta1,ndfpr,rvp,rvx,rvxe,spot_avg,M,S1,Volume
6JU5_062615,0.5123482628714944,10.202435718,12.044480954,15.652967861,12.607052221681881,0.2560054928012383,2389.0,0.0031370532283726132,0.002276795442217711,0.0022447166468751146,8080.046234309623,9216.0,0.9543756670224119,42185.0
