,Li,lamb,Co,Al,u,eta
0,1.0,0.9950617283950617,457.0,751.0,0.30426098535286283,0.3027584619684042
1,2.0,0.0049382716049382715,0.0,6.0,-0.5,-0.0024691358024691358
