,chgavg,dt_alt,dt_avg,dt_cont,duration,eta1,ndfpr,rvp,rvx,rvxe,spot_avg,M,S1,Volume
6JU5_20150806,0.5025832376578645,14.844795734000002,16.522496555,20.460103448,18.31555825078894,0.21458805780379733,1742.0,0.002621854789072713,0.0017227724662397849,0.0017176173053898994,8020.9127940332755,9033.0,0.9871877001921845,46072.0
