,chgavg,dt_alt,dt_avg,dt_cont,duration,eta1,ndfpr,rvp,rvx,rvxe,spot_avg,M,S1,Volume
6JU5_20150716,0.5251937984496124,14.811365012000001,15.94538372,18.155337662,14.913467646806893,0.2594605144218917,1806.0,0.0028893065214257566,0.0021707849729317476,0.002081345857901991,8066.025179856115,7653.0,0.9565364260781444,31261.0
