,ask12qty,ask12tomid,ask1qty,ask1tomid,bid12qty,bid12tomid,bid1qty,bid1tomid,twspr1,twspr2
6JU5_070615,109.14045797794032,1.6820608215725394,35.602954432898045,0.9926222526752084,114.71636757010926,1.6809495019298581,37.73076281098089,0.9926222526752084,1.9852445053504169,3.9852875691053646
