,ask12qty,ask12tomid,ask1qty,ask1tomid,bid12qty,bid12tomid,bid1qty,bid1tomid,twspr1,twspr2
6JU5_20150819,138.15600960917283,1.7593622485559395,42.08115823800885,1.068121824504938,133.9989923830671,1.7629080337097829,40.3329790988886,1.068121824504938,2.136243649009876,4.304953211374723
