,Li,lamb,Co,Al,u,eta
0,1.0,0.9660783232211804,1156.0,2346.0,0.24637681159420288,0.2380192970255082
1,2.0,0.01958080529509101,13.0,58.0,-0.27586206896551724,-0.005401601460714761
2,3.0,0.006067291781577496,5.0,17.0,-0.5588235294117645,-0.003390545407352129
3,4.0,0.0035852178709321566,5.0,8.0,-0.25,-0.0008963044677330392
4,5.0,0.002206287920573635,0.0,8.0,-2.0,-0.00441257584114727
5,6.0,0.0002757859900717044,0.0,1.0,-2.5,-0.000689464975179261
6,7.0,0.000827357970215113,1.0,2.0,-1.25,-0.0010341974627688913
7,8.0,0.000827357970215113,1.0,2.0,-1.5,-0.0012410369553226695
8,9.0,0.0005515719801434088,1.0,1.0,0.5,0.0002757859900717044
