,Trade Qty,Avg_Cost
0,1.0,0.2894524959742351
1,2.0,0.2534330180042722
2,3.0,0.3151202749140894
3,4.0,0.25434210526315787
4,5.0,0.25595382746051026
5,6.0,0.2521367521367521
6,7.0,0.2555729984301413
7,8.0,0.2525862068965517
8,9.0,0.260482180293501
9,10.0,0.2628356605800215
10,11.0,0.2557320997586484
11,12.0,0.25651769087523274
12,13.0,0.25989409141583053
13,14.0,0.26587301587301587
14,15.0,0.26761904761904765
15,16.0,0.27088815789473686
16,17.0,0.2539915966386555
17,18.0,0.25793650793650796
18,19.0,0.26315789473684215
19,20.0,0.2872222222222222
20,21.0,0.2689075630252101
21,22.0,0.2655844155844156
22,23.0,0.3103864734299517
23,24.0,0.3153409090909091
24,25.0,0.2914285714285714
25,26.0,0.3242705570291777
26,27.0,0.2792022792022792
27,28.0,0.30293367346938777
28,29.0,0.25
29,30.0,0.31203703703703706
30,31.0,0.2692307692307692
31,32.0,0.2708333333333333
32,33.0,0.295995670995671
33,34.0,0.3147058823529412
34,35.0,0.34505494505494505
35,36.0,0.29398148148148145
36,37.0,0.35
37,38.0,0.3157894736842105
38,39.0,0.3487179487179487
39,40.0,0.3229166666666667
40,41.0,0.725609756097561
41,42.0,0.3656462585034014
42,43.0,0.2965116279069767
43,44.0,0.4166666666666667
44,45.0,0.25
45,46.0,0.25
46,47.0,0.4166666666666667
47,49.0,0.35714285714285715
48,50.0,0.39125
49,51.0,0.625
50,52.0,0.5
51,53.0,0.25
52,54.0,0.5092592592592593
53,55.0,0.25
54,56.0,0.4732142857142857
55,57.0,0.375
56,58.0,0.3333333333333333
57,59.0,0.25
58,60.0,0.925
59,61.0,0.75
60,62.0,0.25
61,63.0,0.36904761904761907
62,64.0,0.703125
63,66.0,0.25
64,67.0,0.5783582089552238
65,69.0,1.25
66,84.0,0.25
67,88.0,0.25
68,92.0,0.25
69,100.0,0.405
70,216.0,0.25
