,chgavg,dt_alt,dt_avg,dt_cont,duration,eta1,ndfpr,rvp,rvx,rvxe,spot_avg,M,S1,Volume
6JU5_20150818,0.5024691358024691,22.577268163000003,23.694365432,25.595387308000003,26.27726368976327,0.3027584619684042,1215.0,0.0021833977105222054,0.0017011405049407998,0.0016990102289877653,8041.176398026316,6883.0,0.9862076698811393,39472.0
