,Li,lamb,Co,Al,u,eta
0,1.0,0.9761406446211804,802.0,1529.0,0.2622629169391759,0.2560054928012383
1,2.0,0.023022185014650483,7.0,48.0,-0.35416666666666663,-0.008153690526022045
2,3.0,0.0008371703641691084,0.0,2.0,-1.0,-0.0008371703641691084
