,Li,lamb,Co,Al,u,eta
0,1.0,0.9913544668587896,742.0,1321.0,0.2808478425435276,0.2784197632131801
1,2.0,0.008645533141210375,5.0,13.0,-0.11538461538461542,-0.0009975615162935052
