,Li,lamb,Co,Al,u,eta
0,1.0,0.994833524684271,522.0,1210.0,0.215702479338843,0.21458805780379733
1,2.0,0.005166475315729047,0.0,9.0,-0.5,-0.0025832376578645237
