,Trade Qty,Avg_Cost
0,1.0,0.2662719744297545
1,2.0,0.25478348439073517
2,3.0,0.2614455484122346
3,4.0,0.25777000777000775
4,5.0,0.26406844106463884
5,6.0,0.25312199807877045
6,7.0,0.25725544158118585
7,8.0,0.26100352112676056
8,9.0,0.2606017531390666
9,10.0,0.34882478632478636
10,11.0,0.27085172109443956
11,12.0,0.25992063492063494
12,13.0,0.2598788198103266
13,14.0,0.2707700101317122
14,15.0,0.26850282485875704
15,16.0,0.2712725903614458
16,17.0,0.2858455882352941
17,18.0,0.268140589569161
18,19.0,0.28355263157894733
19,20.0,0.27676056338028165
20,21.0,0.26739926739926734
21,22.0,0.2902097902097902
22,23.0,0.25
23,24.0,0.2824074074074074
24,25.0,0.3561904761904762
25,26.0,0.29638009049773756
26,27.0,0.3503086419753087
27,28.0,0.3177521008403361
28,29.0,0.3505747126436781
29,30.0,0.3015151515151515
30,31.0,0.26900921658986177
31,32.0,0.2828125
32,33.0,0.30892255892255893
33,34.0,0.3492647058823529
34,35.0,0.46020408163265303
35,36.0,0.27391975308641975
36,37.0,0.34797297297297297
37,38.0,0.430921052631579
38,39.0,0.25
39,40.0,0.37321428571428567
40,41.0,11.298780487804878
41,42.0,0.27976190476190477
42,43.0,0.25
43,44.0,0.7272727272727273
44,45.0,0.25
45,46.0,0.2898550724637681
46,47.0,0.25
47,49.0,0.5833333333333334
48,50.0,0.25
49,52.0,0.7596153846153846
50,55.0,0.7818181818181817
51,56.0,0.25
52,57.0,1.1008771929824561
53,60.0,16.614583333333332
54,61.0,0.75
55,62.0,3.7903225806451615
56,65.0,0.7346153846153847
57,68.0,0.9264705882352942
58,70.0,0.8642857142857143
59,74.0,0.5878378378378378
60,83.0,1.6325301204819278
61,90.0,0.25
62,101.0,0.7376237623762376
63,104.0,0.46153846153846156
64,116.0,1.2974137931034482
65,126.0,0.25
