,Li,lamb,Co,Al,u,eta
0,1.0,0.9767016902695295,817.0,1320.0,0.30946969696969695,0.3022595761175021
1,2.0,0.02147099132023755,1.0,46.0,-0.4782608695652174,-0.010268734979244047
2,3.0,0.001827318410232983,1.0,3.0,-0.5,-0.0009136592051164915
