,Li,lamb,Co,Al,u,eta
0,1.0,0.8546739984289081,514.0,573.0,0.44851657940663175,0.3833354582831228
1,2.0,0.1201885310290652,56.0,97.0,0.07731958762886593,0.009292927656886479
2,3.0,0.018067556952081697,10.0,13.0,0.1538461538461539,0.0027796241464741085
3,4.0,0.003142183817753339,1.0,3.0,-0.8333333333333335,-0.0026184865147944494
4,5.0,0.0007855459544383347,1.0,0.0,inf,inf
5,13.0,0.0007855459544383347,0.0,1.0,-6.0,-0.004713275726630008
6,20.0,0.0007855459544383347,0.0,1.0,-9.5,-0.00746268656716418
7,29.0,0.0007855459544383347,0.0,1.0,-14.0,-0.010997643362136687
8,39.0,0.0007855459544383347,0.0,1.0,-19.0,-0.01492537313432836
