,Trade Qty,Avg_Cost
0,1.0,0.26478616924476794
1,2.0,0.25530209617755856
2,3.0,0.2620663650075415
3,4.0,0.270955522971652
4,5.0,0.2666437414030261
5,6.0,0.26446216385240773
6,7.0,0.25774102744546096
7,8.0,0.2628412356321839
8,9.0,0.2638015373864431
9,10.0,0.27212732919254656
10,11.0,0.27261190586063677
11,12.0,0.270979020979021
12,13.0,0.2698771816418875
13,14.0,0.2681704260651629
14,15.0,0.2816151202749141
15,16.0,0.28389084507042256
16,17.0,0.2659486329743165
17,18.0,0.28459595959595957
18,19.0,0.3068309070548712
19,20.0,0.2924418604651163
20,21.0,0.3092020592020592
21,22.0,0.2777777777777778
22,23.0,0.2980769230769231
23,24.0,0.3081597222222222
24,25.0,0.2928125
25,26.0,0.2591575091575092
26,27.0,0.30687830687830686
27,28.0,0.35982142857142857
28,29.0,0.2704741379310345
29,30.0,0.3567708333333333
30,31.0,0.34587813620071683
31,32.0,0.3
32,33.0,0.25
33,34.0,0.29105392156862747
34,35.0,0.25
35,36.0,0.36111111111111116
36,37.0,0.4679054054054054
37,38.0,0.36363636363636365
38,39.0,0.5208333333333334
39,40.0,0.5833333333333334
40,41.0,0.3394308943089431
41,42.0,0.6768707482993197
42,43.0,0.44379844961240317
43,44.0,0.38636363636363635
44,45.0,0.9944444444444445
45,46.0,0.3333333333333333
46,47.0,0.37234042553191493
47,48.0,0.3515625
48,49.0,0.5459183673469388
49,50.0,0.36333333333333334
50,51.0,0.2990196078431373
51,54.0,0.5509259259259259
52,55.0,0.2863636363636364
53,56.0,0.5773809523809524
54,58.0,0.625
55,61.0,0.25
56,62.0,1.8387096774193548
57,65.0,0.3730769230769231
58,67.0,0.25
59,69.0,0.6123188405797102
60,70.0,0.43214285714285716
61,72.0,1.0833333333333335
62,74.0,0.4391891891891892
63,75.0,0.25
64,76.0,0.5394736842105263
65,80.0,1.0041666666666667
66,83.0,0.7560240963855421
67,86.0,0.3313953488372093
68,87.0,1.6379310344827587
69,88.0,2.0795454545454546
70,101.0,1.2797029702970297
71,109.0,0.5
72,124.0,0.25
