,ask12qty,ask12tomid,ask1qty,ask1tomid,bid12qty,bid12tomid,bid1qty,bid1tomid,twspr1,twspr2
6JU5_20150904,89.5170426887968,1.3842881558852977,20.284774050783778,0.5939495544175518,92.38277107820866,1.3854393983262816,21.152727861112236,0.5939495544175518,1.1878991088351036,3.1891910557468077
