,chgavg,dt_alt,dt_avg,dt_cont,duration,eta1,ndfpr,rvp,rvx,rvxe,spot_avg,M,S1,Volume
6JU5_20150722,0.5211267605633803,13.449211067,14.478282696,16.228732686,13.966339208412705,0.2803817170014353,1988.0,0.00298559251469007,0.0023233243178789817,0.0022357352618823487,8066.231523378582,9268.0,0.960292279588501,38363.0
