,chgavg,dt_alt,dt_avg,dt_cont,duration,eta1,ndfpr,rvp,rvx,rvxe,spot_avg,M,S1,Volume
6JU5_20150826,0.5185528756957328,2.7203362760000003,2.811632946,2.915318692,2.8004150001950774,0.43581890759562225,10241.0,0.006421966151646065,0.0060299626949663655,0.005995646841640251,8374.585090802577,36553.0,0.9738186462324393,135840.0
