,chgavg,dt_alt,dt_avg,dt_cont,duration,eta1,ndfpr,rvp,rvx,rvxe,spot_avg,M,S1,Volume
6JU5_20150715,0.5082547169811321,10.150663354,11.319502751,13.323209003,12.134850149098972,0.2921010858977597,2544.0,0.003197815891048947,0.0024560504939249955,0.002444190433331958,8079.264833005894,10637.0,0.9602971522905489,45359.0
