,ask12qty,ask12tomid,ask1qty,ask1tomid,bid12qty,bid12tomid,bid1qty,bid1tomid,twspr1,twspr2
6JU5_070715,95.52923914541438,1.6382946947372246,28.99866147511491,0.9204137984361739,97.87942696917183,1.6287253952340346,30.000193124228705,0.9204137984361739,1.8408275968723478,3.840901242243384
