,chgavg,dt_alt,dt_avg,dt_cont,duration,eta1,ndfpr,rvp,rvx,rvxe,spot_avg,M,S1,Volume
6JU5_071015,0.5286615075952995,7.571911305,8.252721410000001,9.383771341000001,7.268326400328123,0.2930516707469983,3489.0,0.004093682162050495,0.003320922177353131,0.0031340160714682505,8154.759885386819,13921.0,0.9514381770638775,62877.0
