,ask12qty,ask12tomid,ask1qty,ask1tomid,bid12qty,bid12tomid,bid1qty,bid1tomid,twspr1,twspr2
6JU5_20150825,49.783885082219726,5.447317629339948,11.390566544087866,4.435960177245606,53.74955132077782,5.495931993292598,14.535485882619925,4.435960177245606,8.871920354491213,20.47595515928545
