,Li,lamb,Co,Al,u,eta
0,1.0,0.9970238095238095,696.0,1313.0,0.26504188880426505,0.26425307365901424
1,2.0,0.002976190476190476,0.0,6.0,-0.5,-0.001488095238095238
