,Li,lamb,Co,Al,u,eta
0,1.0,0.988412017167382,910.0,1392.0,0.32686781609195403,0.3230800774505451
1,2.0,0.011158798283261802,1.0,25.0,-0.45999999999999996,-0.005133047210300429
2,3.0,0.00042918454935622315,0.0,1.0,-1.0,-0.00042918454935622315
