,chgavg,dt_alt,dt_avg,dt_cont,duration,eta1,ndfpr,rvp,rvx,rvxe,spot_avg,M,S1,Volume
6JU5_070915,0.5151889791593076,9.156687931,10.168018368,11.791625688,10.475275545160429,0.31403253083046406,2831.0,0.0033710301205569075,0.0026993568164229258,0.0026715601114058367,8248.921080508475,10974.0,0.9530131976466847,43976.0
