,chgavg,dt_alt,dt_avg,dt_cont,duration,eta1,ndfpr,rvp,rvx,rvxe,spot_avg,M,S1,Volume
6JU5_20150803,0.5028004073319755,13.780263813000001,14.663096232000001,16.357286135000003,16.22421632086269,0.26400323469510006,1964.0,0.00276918551085255,0.0020179285649853224,0.0020122024454743643,8068.793384223919,9150.0,0.9782051282051282,43468.0
