,chgavg,dt_alt,dt_avg,dt_cont,duration,eta1,ndfpr,rvp,rvx,rvxe,spot_avg,M,S1,Volume
6JU5_20150824,0.7227929028087062,1.057688315,1.032633575,1.003290408,0.4012687212408851,0.3583221739922937,27842.0,0.01680272624156003,0.015519127844385795,0.014224322548152807,8455.613116402687,50758.0,0.5715656210919432,185430.0
