,Li,lamb,Co,Al,u,eta
0,1.0,0.9968652037617555,471.0,800.0,0.294375,0.29345219435736675
1,2.0,0.003134796238244514,1.0,3.0,-0.16666666666666674,-0.0005224660397074192
