,ask12qty,ask12tomid,ask1qty,ask1tomid,bid12qty,bid12tomid,bid1qty,bid1tomid,twspr1,twspr2
6JU5_20150910,51.09644491130751,3.1559123535686044,12.053475035477183,2.387579415092079,51.242354234289465,3.26137690585261,12.657823446379037,2.387579415092079,4.775158830184158,7.106465745452319
