,chgavg,dt_alt,dt_avg,dt_cont,duration,eta1,ndfpr,rvp,rvx,rvxe,spot_avg,M,S1,Volume
6JU5_20150819,0.5077312341861119,7.22276584,8.094338487,9.477570391,8.663798901381401,0.31531296719119073,3557.0,0.003792643760795949,0.003036435513429574,0.0030118127349903798,8062.064643057898,17349.0,0.9805427306133987,102973.0
