,Li,lamb,Co,Al,u,eta
0,1.0,0.9886039886039886,1068.0,1360.0,0.3926470588235294,0.38817244846656607
1,2.0,0.01098901098901099,7.0,20.0,-0.15000000000000002,-0.0016483516483516488
2,3.0,0.000407000407000407,1.0,0.0,inf,inf
