,chgavg,dt_alt,dt_avg,dt_cont,duration,eta1,ndfpr,rvp,rvx,rvxe,spot_avg,M,S1,Volume
6JU5_20150714,0.5102357320099256,16.681708747000002,17.862512406,19.842753719,18.914284703207294,0.29793731332723516,1612.0,0.0025499332737975553,0.0019902789181678628,0.0019683678477799343,8115.5644761314325,7409.0,0.962818235642392,29328.0
