,chgavg,dt_alt,dt_avg,dt_cont,duration,eta1,ndfpr,rvp,rvx,rvxe,spot_avg,M,S1,Volume
6JU5_20150907,0.5158227848101266,29.828959677,30.327744725000002,30.892217777000003,62.42930093793671,0.45545483801759284,474.0,0.0013595001861429984,0.0012999866353201371,0.0012975285693944815,8378.552631578947,1747.0,0.9732880038853813,6974.0
