,Li,lamb,Co,Al,u,eta
0,1.0,0.9856653162979121,1224.0,1938.0,0.3157894736842105,0.31126273146249855
1,2.0,0.01121844811467747,9.0,27.0,-0.16666666666666674,-0.0018697413524462457
2,3.0,0.0028046120286693674,2.0,7.0,-0.5714285714285714,-0.0016026354449539242
3,4.0,0.0003116235587410408,0.0,1.0,-1.5,-0.0004674353381115612
