,chgavg,dt_alt,dt_avg,dt_cont,duration,eta1,ndfpr,rvp,rvx,rvxe,spot_avg,M,S1,Volume
6JU5_20150904,0.5250871755133669,5.393926719,5.578898682,5.777842000000001,4.898848713277094,0.460520340497478,5162.0,0.00484255741305563,0.004681502660034267,0.004647444207433797,8396.933565756342,20959.0,0.9777476780185759,83282.0
