,chgavg,dt_alt,dt_avg,dt_cont,duration,eta1,ndfpr,rvp,rvx,rvxe,spot_avg,M,S1,Volume
6JU5_20150911,0.6225451688923802,24.875650724000003,22.533555380000003,19.771376288000003,6.575376491233517,0.3833354582831228,1273.0,0.004233503782466233,0.004061842443096444,0.0037068451699671418,8290.529042386186,2754.0,0.9186189889025894,9005.0
