,Li,lamb,Co,Al,u,eta
0,1.0,0.9595611285266458,1239.0,1821.0,0.3401976935749588,0.32644048276894955
1,2.0,0.037304075235109715,32.0,87.0,-0.13218390804597702,-0.004930998450617951
2,3.0,0.001567398119122257,2.0,3.0,0.0,0.0
3,4.0,0.00031347962382445143,1.0,0.0,inf,inf
4,5.0,0.00031347962382445143,1.0,0.0,inf,inf
5,6.0,0.0009404388714733542,0.0,3.0,-2.5,-0.0023510971786833857
