,ask12qty,ask12tomid,ask1qty,ask1tomid,bid12qty,bid12tomid,bid1qty,bid1tomid,twspr1,twspr2
6JU5_20150730,144.495267425422,1.5999422171816642,41.02142714310788,0.8716154212631891,148.71138039799496,1.5827968518927797,43.54144030165004,0.8716154212631891,1.7432308425263783,3.745122853703422
