,ask12qty,ask12tomid,ask1qty,ask1tomid,bid12qty,bid12tomid,bid1qty,bid1tomid,twspr1,twspr2
6JU5_20150811,142.39007845035923,1.6003685204497837,41.78865504319354,0.8797189355135786,141.59752078085424,1.5987378480973973,40.69710759843243,0.8797189355135786,1.7594378710271572,3.759532578331274
