,Li,lamb,Co,Al,u,eta
0,1.0,0.9683544303797469,222.0,236.0,0.4703389830508475,0.45545483801759284
1,2.0,0.03164556962025317,3.0,12.0,-0.25,-0.007911392405063292
