,Li,lamb,Co,Al,u,eta
0,1.0,0.9668977638902451,4694.0,5207.0,0.4507393892836566,0.43581890759562225
1,2.0,0.031246948540181622,102.0,218.0,-0.032110091743119185,-0.001003342384317756
2,3.0,0.0010741138560687433,2.0,9.0,-0.6666666666666667,-0.0007160759040458289
3,4.0,0.00029294014256420274,2.0,1.0,2.5,0.0007323503564105069
4,5.0,9.764671418806757e-05,1.0,0.0,inf,inf
5,6.0,9.764671418806757e-05,1.0,0.0,inf,inf
6,7.0,9.764671418806757e-05,1.0,0.0,inf,inf
7,8.0,0.00019529342837613513,1.0,1.0,0.5,9.764671418806757e-05
