,Li,lamb,Co,Al,u,eta
0,1.0,0.983652312599681,859.0,1607.0,0.2672682016179216,0.2628989846058264
1,2.0,0.01555023923444976,1.0,38.0,-0.4736842105263158,-0.007365902795265677
2,3.0,0.0007974481658692185,2.0,0.0,inf,inf
