,Li,lamb,Co,Al,u,eta
0,1.0,0.9929701230228472,854.0,1405.0,0.30391459074733096,0.30177810856281545
1,2.0,0.006590509666080844,2.0,13.0,-0.34615384615384615,-0.002281330269027984
2,3.0,0.0004393673110720562,0.0,1.0,-1.0,-0.0004393673110720562
