,ask12qty,ask12tomid,ask1qty,ask1tomid,bid12qty,bid12tomid,bid1qty,bid1tomid,twspr1,twspr2
6JU5_20150804,141.20782887189924,1.5955495160219084,40.56374450701894,0.8622231765018963,137.970530299724,1.5733543530282685,40.35711816948842,0.8622231765018963,1.7244463530037926,3.75256953331444
