,chgavg,dt_alt,dt_avg,dt_cont,duration,eta1,ndfpr,rvp,rvx,rvxe,spot_avg,M,S1,Volume
6JU5_20150807,0.50856055802156,8.809093901,9.129977488,9.594248461000001,9.61547580090148,0.35002726103627496,3154.0,0.003610355033393416,0.0030456958109299328,0.003020757372559346,8039.09587955626,14031.0,0.9813942534149788,79471.0
