,ask12qty,ask12tomid,ask1qty,ask1tomid,bid12qty,bid12tomid,bid1qty,bid1tomid,twspr1,twspr2
6JU5_20150824,30.5864195266719,7.835036533714327,8.682916175235103,6.615836612045477,30.065820474153305,12.462586399198631,8.152667856749867,6.615836612045477,13.231673224090954,24.53878711298391
