,Li,lamb,Co,Al,u,eta
0,1.0,0.9790660225442834,896.0,1535.0,0.29185667752442995,0.2857469564168332
1,2.0,0.01932367149758454,4.0,44.0,-0.40909090909090906,-0.007905138339920948
2,3.0,0.001610305958132045,3.0,1.0,3.5,0.005636070853462158
