,Li,lamb,Co,Al,u,eta
0,1.0,0.9591436966559396,2994.0,3860.0,0.3878238341968912,0.3719787859828864
1,2.0,0.03903735833216734,64.0,215.0,-0.20232558139534884,-0.007898256220694323
2,3.0,0.001818945011893102,4.0,9.0,-0.33333333333333337,-0.0006063150039643674
