,chgavg,dt_alt,dt_avg,dt_cont,duration,eta1,ndfpr,rvp,rvx,rvxe,spot_avg,M,S1,Volume
6JU5_20150901,0.5458885563631182,4.09335316,4.103991021000001,4.115249434,3.0525514873030564,0.4908893584865771,7017.0,0.006173171262550361,0.006132293750208885,0.006116671152818071,8344.545454545454,23066.0,0.954343144292893,95343.0
