,ask12qty,ask12tomid,ask1qty,ask1tomid,bid12qty,bid12tomid,bid1qty,bid1tomid,twspr1,twspr2
6JU5_20150722,142.39454146799218,1.5837861105798832,43.425066174567384,0.8448857591717467,140.80859713610766,1.5548334969808533,43.65664850352965,0.8448857591717467,1.6897715183434934,3.6904872989248014
