,ask12qty,ask12tomid,ask1qty,ask1tomid,bid12qty,bid12tomid,bid1qty,bid1tomid,twspr1,twspr2
6JU5_20150715,120.48968506396764,1.8058158429513838,36.64875503839452,1.062005782805961,114.36421355778927,1.7358748066366718,35.63562284828283,1.062005782805961,2.124011565611922,4.124071226719422
