,Li,lamb,Co,Al,u,eta
0,1.0,0.964624297752809,5211.0,5777.0,0.4510126363164272,0.4350577475843766
1,2.0,0.03195224719101124,111.0,253.0,-0.06126482213438733,-0.0019575487409512807
2,3.0,0.0016678370786516853,2.0,17.0,-0.8235294117647058,-0.0013735128883013879
3,4.0,0.0007900280898876404,2.0,7.0,-0.9285714285714286,-0.0007335975120385232
4,5.0,0.000526685393258427,0.0,6.0,-2.0,-0.001053370786516854
5,6.0,0.00017556179775280898,0.0,2.0,-2.5,-0.00043890449438202246
6,7.0,8.778089887640449e-05,0.0,1.0,-3.0,-0.0002633426966292135
7,8.0,0.00017556179775280898,1.0,1.0,0.5,8.778089887640449e-05
