,Li,lamb,Co,Al,u,eta
0,1.0,0.9777263523286086,1609.0,1770.0,0.45451977401129945,0.4443959607052913
1,2.0,0.021405843216661846,24.0,50.0,-0.020000000000000018,-0.0004281168643332373
2,3.0,0.0005785363031530228,1.0,1.0,0.5,0.0002892681515765114
3,4.0,0.0002892681515765114,0.0,1.0,-1.5,-0.0004339022273647671
