,chgavg,dt_alt,dt_avg,dt_cont,duration,eta1,ndfpr,rvp,rvx,rvxe,spot_avg,M,S1,Volume
6JU5_20150910,0.5296084049665711,6.7949591190000005,6.8704479460000005,6.95681642,6.002808359426462,0.429965923353913,4188.0,0.004433631173016975,0.004168975345214099,0.004111417484310745,8285.251730723323,14621.0,0.9629243106668132,52006.0
