,ask12qty,ask12tomid,ask1qty,ask1tomid,bid12qty,bid12tomid,bid1qty,bid1tomid,twspr1,twspr2
6JU5_20150717,159.90626755667967,1.3063412519124584,51.21801415159527,0.5875954267388621,149.85029628904311,1.3147300940837332,47.050495805841614,0.5875954267388621,1.1751908534777242,3.1761300685635
