,chgavg,dt_alt,dt_avg,dt_cont,duration,eta1,ndfpr,rvp,rvx,rvxe,spot_avg,M,S1,Volume
6JU5_20150825,0.5464850534783801,2.516404012,2.630752445,2.762837057,2.1838775273586197,0.4075790689225923,10939.0,0.0072834547178579345,0.006720230630901758,0.006575947825232541,8361.629981718464,33466.0,0.9254913013400292,107698.0
