,chgavg,dt_alt,dt_avg,dt_cont,duration,eta1,ndfpr,rvp,rvx,rvxe,spot_avg,M,S1,Volume
6JU5_20150728,0.5149068322981366,16.208975119,17.879885714,21.00414539,17.41785359138942,0.2694715325980496,1610.0,0.002664001711038533,0.002032052428567137,0.001955716696468904,8094.885164494103,8041.0,0.970020964360587,35075.0
