,chgavg,dt_alt,dt_avg,dt_cont,duration,eta1,ndfpr,rvp,rvx,rvxe,spot_avg,M,S1,Volume
6JU5_20150713,0.5108370702541106,10.277049206000001,10.759871449,11.925522292,11.344623400680105,0.20763380370985404,2676.0,0.0032956423157402648,0.0021622966905354064,0.002123753454787045,8107.881583862532,10312.0,0.9479763840164285,49666.0
