,Li,lamb,Co,Al,u,eta
0,1.0,0.9795440349781387,2823.0,3449.0,0.40924905769788344,0.40087747328838585
1,2.0,0.018738288569643973,37.0,83.0,-0.054216867469879526,-0.0010159313079927458
2,3.0,0.0010930668332292317,1.0,6.0,-0.75,-0.0008198001249219238
3,4.0,0.00046845721424109934,1.0,2.0,-0.5,-0.00023422860712054967
4,5.0,0.0001561524047470331,0.0,1.0,-2.0,-0.0003123048094940662
