,Li,lamb,Co,Al,u,eta
0,1.0,0.9943991853360489,677.0,1275.0,0.2654901960784314,0.26400323469510006
1,2.0,0.00560081466395112,1.0,10.0,-0.4,-0.002240325865580448
