,Li,lamb,Co,Al,u,eta
0,1.0,0.9440389294403893,416.0,359.0,0.5793871866295265,0.5469640593972172
1,2.0,0.049878345498783457,18.0,23.0,0.28260869565217395,0.014096054162699673
2,3.0,0.0036496350364963502,0.0,3.0,-1.0,-0.0036496350364963502
3,4.0,0.0012165450121654502,0.0,1.0,-1.5,-0.0018248175182481751
4,5.0,0.0012165450121654502,0.0,1.0,-2.0,-0.0024330900243309003
