,chgavg,dt_alt,dt_avg,dt_cont,duration,eta1,ndfpr,rvp,rvx,rvxe,spot_avg,M,S1,Volume
6JU5_20150813,0.5094292803970223,13.050494542000001,14.289503225,16.098314702,15.218390569233659,0.3465344116021034,2015.0,0.002869210009977989,0.002399945873791746,0.0023886389999731943,8040.736111111111,9311.0,0.9806776071995765,43708.0
