,ask12qty,ask12tomid,ask1qty,ask1tomid,bid12qty,bid12tomid,bid1qty,bid1tomid,twspr1,twspr2
6JU5_20150716,120.77563741858806,1.5299056269745097,35.43814059041043,0.8096242216024306,123.63954870475168,1.5194382793612333,38.091141947700024,0.8096242216024306,1.6192484432048613,3.619366671043259
