,Li,lamb,Co,Al,u,eta
0,1.0,0.9836527621195039,693.0,1051.0,0.329686013320647,0.324296557635022
1,2.0,0.015783540022547914,4.0,24.0,-0.33333333333333337,-0.005261180007515972
2,3.0,0.0005636978579481398,0.0,1.0,-1.0,-0.0005636978579481398
