,ask12qty,ask12tomid,ask1qty,ask1tomid,bid12qty,bid12tomid,bid1qty,bid1tomid,twspr1,twspr2
6JU5_20150909,100.66244139116938,1.5741315033581276,26.651860533467048,0.8272763528376232,102.17151728484028,1.573689842071186,26.49885592036239,0.8272763528376232,1.6545527056752465,3.6545616485046892
