,Li,lamb,Co,Al,u,eta
0,1.0,0.9836423118865867,632.0,1171.0,0.2698548249359522,0.2654406238737501
1,2.0,0.013631406761177753,3.0,22.0,-0.36363636363636365,-0.00495687518588282
2,4.0,0.0005452562704471102,0.0,1.0,-1.5,-0.0008178844056706653
3,6.0,0.0010905125408942203,0.0,2.0,-2.5,-0.0027262813522355507
4,7.0,0.0010905125408942203,1.0,1.0,0.5,0.0005452562704471102
