,ask12qty,ask12tomid,ask1qty,ask1tomid,bid12qty,bid12tomid,bid1qty,bid1tomid,twspr1,twspr2
6JU5_063015,83.79926003626382,1.3929106514543026,22.15131669864577,0.6236644819489959,89.59296636882006,1.3870261984255936,23.98123361548552,0.6236644819489959,1.2473289638979919,3.2476516368368675
