,chgavg,dt_alt,dt_avg,dt_cont,duration,eta1,ndfpr,rvp,rvx,rvxe,spot_avg,M,S1,Volume
6JU5_20150811,0.5085725677830941,10.411103343,11.479844896000001,13.528167053,12.267565116697213,0.2628989846058264,2508.0,0.00321021804430849,0.0023491786341267146,0.0023277909946828384,8004.400159426066,12130.0,0.9768718687804543,58535.0
