,ask12qty,ask12tomid,ask1qty,ask1tomid,bid12qty,bid12tomid,bid1qty,bid1tomid,twspr1,twspr2
6JU5_070915,95.7179099100315,1.7684133725958273,27.55235205936831,1.0435465352628235,95.41146486096675,1.7665143966055674,27.951405342306966,1.0435465352628235,2.087093070525647,4.087283473747117
