,ask12qty,ask12tomid,ask1qty,ask1tomid,bid12qty,bid12tomid,bid1qty,bid1tomid,twspr1,twspr2
6JU5_062315,132.68768525465842,1.5547567330433298,42.10516635818022,0.8466205104654554,131.54021694593317,1.5898911929779098,40.98303633492182,0.8466205104654554,1.6932410209309108,3.693246027438896
