,Li,lamb,Co,Al,u,eta
0,1.0,0.97400513478819,1067.0,1967.0,0.2712252160650737,0.2641747531314181
1,2.0,0.024069319640564826,6.0,69.0,-0.4130434782608696,-0.009941675503711559
2,3.0,0.0019255455712451862,1.0,5.0,-0.7000000000000002,-0.0013478818998716308
