,ask12qty,ask12tomid,ask1qty,ask1tomid,bid12qty,bid12tomid,bid1qty,bid1tomid,twspr1,twspr2
6JU5_20150901,78.35624710524199,2.679137208133723,19.068124760192756,1.9025456316210287,83.40307389277694,2.6524232579292484,21.113581456007076,1.9025456316210287,3.8050912632420575,5.827813479815284
