,Trade Qty,Avg_Cost
0,1.0,0.26662862732311704
1,2.0,0.2615921787709497
2,3.0,0.2593062605752961
3,4.0,0.25867609254498714
4,5.0,0.26003460207612455
5,6.0,0.26092592592592595
6,7.0,0.2535128805620609
7,8.0,0.3619604316546763
8,9.0,0.2602969348659004
9,10.0,0.26699999999999996
10,11.0,0.25555555555555554
11,12.0,0.26608187134502925
12,13.0,0.2699849170437406
13,14.0,0.265
14,15.0,0.26134751773049647
15,16.0,0.26979166666666665
16,17.0,0.27877237851662406
17,18.0,0.2837301587301587
18,19.0,0.25
19,20.0,0.26918604651162786
20,21.0,0.2703081232492997
21,22.0,0.2777777777777778
22,23.0,0.30869565217391304
23,24.0,0.3125
24,25.0,0.31083333333333335
25,26.0,0.2576923076923077
26,27.0,0.2777777777777778
27,28.0,0.25223214285714285
28,29.0,0.28125
29,30.0,0.25
30,31.0,0.9274193548387096
31,32.0,0.29375
32,33.0,0.3143939393939394
33,34.0,0.3713235294117647
34,35.0,0.6928571428571428
35,36.0,0.25
36,39.0,0.25
37,40.0,0.3794642857142857
38,41.0,0.3333333333333333
39,42.0,0.25
40,43.0,0.25
41,44.0,0.8636363636363636
42,45.0,0.5
43,46.0,0.25
44,48.0,0.25
45,50.0,0.5383333333333333
46,51.0,0.7401960784313726
47,55.0,0.6227272727272727
48,58.0,0.25
49,59.0,0.25
50,60.0,0.25
51,61.0,0.5
52,81.0,0.25
53,95.0,0.6868421052631579
54,97.0,1.3118556701030928
