,ask12qty,ask12tomid,ask1qty,ask1tomid,bid12qty,bid12tomid,bid1qty,bid1tomid,twspr1,twspr2
6JU5_20150902,79.43587048467052,2.102731387639276,16.99193725033114,1.2963645511576836,76.68896736587429,2.1724480006619546,16.132583213549637,1.2963645511576836,2.592729102315367,4.874836253013218
