,Trade Qty,Avg_Cost
0,1.0,0.2626192674669129
1,2.0,0.2578310393925012
2,3.0,0.2653307052124398
3,4.0,0.26880733944954127
4,5.0,0.2679089026915114
5,6.0,0.2738660337552743
6,7.0,0.26554802955665024
7,8.0,0.26875
8,9.0,0.26327160493827156
9,10.0,0.26961414790996785
10,11.0,0.2573763955342903
11,12.0,0.2632783882783883
12,13.0,0.26744186046511625
13,14.0,0.2645278450363196
14,15.0,0.2790909090909091
15,16.0,0.26328125
16,17.0,0.259024064171123
17,18.0,0.2572337962962963
18,19.0,0.25
19,20.0,0.2839622641509434
20,21.0,0.25
21,22.0,0.259297520661157
22,23.0,0.2631578947368421
23,24.0,0.265625
24,25.0,0.3561904761904762
25,26.0,0.29967948717948717
26,27.0,0.335016835016835
27,28.0,0.3068181818181818
28,29.0,0.2908545727136432
29,30.0,0.30833333333333335
30,31.0,0.3209677419354839
31,32.0,0.3541666666666667
32,33.0,0.251010101010101
33,34.0,0.25
34,35.0,0.3
35,36.0,0.25
36,37.0,0.375
37,38.0,0.25
38,39.0,0.2866300366300366
39,40.0,0.3875
40,41.0,0.2652439024390244
41,42.0,0.31746031746031744
42,43.0,0.4883720930232558
43,44.0,0.3125
44,45.0,0.25
45,46.0,0.5434782608695652
46,48.0,0.25
47,50.0,0.3871428571428571
48,51.0,0.25
49,52.0,0.3685897435897436
50,53.0,0.375
51,54.0,0.25
52,56.0,0.375
53,57.0,0.25
54,59.0,0.25
55,65.0,0.25
56,67.0,0.417910447761194
57,71.0,0.2992957746478873
58,72.0,0.5
59,75.0,0.75
60,76.0,0.7236842105263158
61,77.0,0.25
62,82.0,0.4024390243902439
63,83.0,1.0210843373493976
64,85.0,0.25
65,89.0,0.25
66,97.0,0.25
67,126.0,0.25
