,Trade Qty,Avg_Cost
0,1.0,0.25724544755065404
1,2.0,0.2540646114864865
2,3.0,0.2556010928961749
3,4.0,0.2526834504293521
4,5.0,0.2542520491803279
5,6.0,0.3192090395480226
6,7.0,0.2557957393483709
7,8.0,0.253489847715736
8,9.0,0.25448848238482386
9,10.0,0.25792079207920793
10,11.0,0.25313171080887614
11,12.0,0.26289682539682535
12,13.0,0.25530910806984425
13,14.0,0.26190476190476186
14,15.0,0.2561111111111111
15,16.0,0.2762564432989691
16,17.0,0.2811835577604536
17,18.0,0.6766381766381766
18,19.0,0.25877192982456143
19,20.0,0.2922697368421052
20,21.0,0.25808625336927227
21,22.0,0.2762923351158645
22,23.0,0.25
23,24.0,0.34375
24,25.0,0.27862745098039216
25,26.0,0.278525641025641
26,27.0,0.2887205387205387
27,28.0,0.2956349206349207
28,29.0,0.28823088455772117
29,30.0,0.2833333333333333
30,31.0,0.275089605734767
31,32.0,0.9166666666666666
32,33.0,0.33249158249158245
33,34.0,0.25
34,35.0,0.36309523809523814
35,36.0,0.39351851851851843
36,37.0,0.26597051597051596
37,38.0,0.39860681114551083
38,39.0,0.3108974358974359
39,40.0,0.4270833333333333
40,41.0,0.25
41,42.0,0.3119047619047619
42,43.0,0.42857142857142855
43,44.0,0.44886363636363635
44,45.0,0.375
45,46.0,0.4440993788819876
46,47.0,0.2521276595744681
47,48.0,0.27291666666666664
48,49.0,0.25
49,50.0,0.33
50,51.0,0.25
51,52.0,0.25240384615384615
52,53.0,0.49764150943396224
53,54.0,0.5030864197530864
54,55.0,0.25
55,56.0,0.25
56,57.0,0.43530701754385964
57,58.0,0.7241379310344828
58,59.0,0.5
59,60.0,0.7083333333333334
60,61.0,0.25
61,62.0,0.5080645161290323
62,66.0,0.25
63,67.0,0.6305970149253731
64,68.0,0.25
65,69.0,0.5
66,70.0,0.2571428571428571
67,71.0,0.25
68,73.0,0.8904109589041096
69,74.0,0.6824324324324325
70,78.0,0.7307692307692307
71,79.0,0.25
72,81.0,0.6388888888888888
73,82.0,0.524390243902439
74,83.0,0.5632530120481928
75,85.0,0.5735294117647058
76,86.0,0.3023255813953488
77,88.0,0.7443181818181818
78,90.0,0.8222222222222222
79,93.0,0.25
80,96.0,1.3125
81,103.0,0.25
82,130.0,1.0961538461538463
83,160.0,1.284375
84,200.0,32.25
85,205.0,32.25
86,434.0,32.5
