,ask12qty,ask12tomid,ask1qty,ask1tomid,bid12qty,bid12tomid,bid1qty,bid1tomid,twspr1,twspr2
6JZ5_20151209,78.91726653991766,1.585475387240752,20.789181959876842,0.8430245407698452,80.81086841860602,1.7265275131423052,21.648704263561097,0.8430245407698452,1.6860490972602538,3.943906836782445
