,ask12qty,ask12tomid,ask1qty,ask1tomid,bid12qty,bid12tomid,bid1qty,bid1tomid,twspr1,twspr2
6JZ5_20151111,102.68770084553648,1.617573990563199,25.584471600326054,0.8429712538571664,130.47306857807234,1.554135414051965,41.61495937265789,0.8429712538571664,1.6859425125178986,3.689233519711712
