,chgavg,dt_alt,dt_avg,dt_cont,duration,eta1,ndfpr,rvp,rvx,rvxe,spot_avg,M,S1,Volume
6JZ5_20151102,0.5066225165562914,15.660032840000001,17.337390947,20.976083142,18.738889690497977,0.23005948310122035,1661.0,0.0025080816055914387,0.0017212654093493234,0.0017012836595540644,8289.511131167268,10149.0,0.973837496297759,34387.0
