,ask12qty,ask12tomid,ask1qty,ask1tomid,bid12qty,bid12tomid,bid1qty,bid1tomid,twspr1,twspr2
6JZ5_20151119,118.63996674491234,1.5902427924821154,35.51779481081256,0.8835095271720496,119.46583759137692,1.6832793998342654,35.51278968345784,0.8835095271720496,1.7670190611679635,3.8530285283611807
