,Li,lamb,Co,Al,u,eta
0,1.0,0.992626728110599,789.0,1364.0,0.2892228739002933,0.2870903550143925
1,2.0,0.007373271889400922,0.0,16.0,-0.5,-0.003686635944700461
