,chgavg,dt_alt,dt_avg,dt_cont,duration,eta1,ndfpr,rvp,rvx,rvxe,spot_avg,M,S1,Volume
6JZ5_20151009,0.5104510451045104,14.03667824,15.840934800000001,19.065068885000002,16.514945955428885,0.2797659924025765,1818.0,0.002661783054345008,0.0020309418573578567,0.001991063516460708,8320.152281473336,14476.0,0.9758677914534643,45599.0
