,Li,lamb,Co,Al,u,eta
0,1.0,0.966529351184346,726.0,1150.0,0.31565217391304345,0.3050870908521022
1,2.0,0.017507723995880537,4.0,30.0,-0.3666666666666667,-0.006419498798489531
2,3.0,0.008238928939237899,2.0,14.0,-0.7857142857142858,-0.006473444166544064
3,4.0,0.003089598352214212,4.0,2.0,2.5,0.00772399588053553
4,5.0,0.0010298661174047373,0.0,2.0,-2.0,-0.0020597322348094747
5,6.0,0.0020597322348094747,0.0,4.0,-2.5,-0.005149330587023687
6,7.0,0.0010298661174047373,0.0,2.0,-3.0,-0.003089598352214212
7,8.0,0.0005149330587023687,0.0,1.0,-3.5,-0.0018022657054582903
