,ask12qty,ask12tomid,ask1qty,ask1tomid,bid12qty,bid12tomid,bid1qty,bid1tomid,twspr1,twspr2
6JZ5_20151103,114.3784386572848,1.552746437295094,32.408777055930344,0.8255404176271611,109.22366111864088,1.6266989880608806,31.908297999967644,0.8255404176271611,1.6510808409098408,3.7455142562135344
