,Li,lamb,Co,Al,u,eta
0,1.0,0.9885057471264368,571.0,1320.0,0.2162878787878788,0.21380181121560435
1,2.0,0.01044932079414838,1.0,19.0,-0.44736842105263164,-0.004674696144750592
2,3.0,0.0010449320794148381,0.0,2.0,-1.0,-0.0010449320794148381
