,ask12qty,ask12tomid,ask1qty,ask1tomid,bid12qty,bid12tomid,bid1qty,bid1tomid,twspr1,twspr2
6JZ5_20151009,122.00182850255808,1.3196174753614156,34.60618544416417,0.5790403849589033,125.51020023204161,1.3077007631763944,37.373946809687936,0.5790403849589033,1.1580807760200043,3.1617851800621857
