,Li,lamb,Co,Al,u,eta
0,1.0,0.9727272727272728,66.0,147.0,0.22448979591836737,0.21836734693877555
1,2.0,0.02727272727272727,0.0,6.0,-0.5,-0.013636363636363636
