,Li,lamb,Co,Al,u,eta
0,1.0,0.980225988700565,2323.0,3229.0,0.3597088882006813,0.35259600058089385
1,2.0,0.013241525423728813,23.0,51.0,-0.0490196078431373,-0.0006490943835161189
2,3.0,0.0024717514124293787,3.0,11.0,-0.5909090909090908,-0.0014605803800719053
3,4.0,0.0014124293785310734,3.0,5.0,-0.30000000000000004,-0.0004237288135593221
4,5.0,0.0007062146892655367,1.0,3.0,-1.166666666666667,-0.0008239171374764598
5,6.0,0.0012358757062146894,0.0,7.0,-2.5,-0.0030896892655367233
6,7.0,0.0005296610169491525,0.0,3.0,-3.0,-0.0015889830508474577
7,8.0,0.00017655367231638418,1.0,0.0,inf,inf
