,Li,lamb,Co,Al,u,eta
0,1.0,0.9890873015873016,1294.0,1696.0,0.38148584905660377,0.3773228090371369
1,2.0,0.010582010582010581,9.0,23.0,-0.10869565217391308,-0.0011502185415228896
2,4.0,0.00033068783068783067,0.0,1.0,-1.5,-0.000496031746031746
