,Li,lamb,Co,Al,u,eta
0,1.0,0.9779433681073025,1515.0,1765.0,0.42917847025495753,0.4197122387202729
1,2.0,0.020566318926974664,15.0,54.0,-0.2222222222222222,-0.004570293094883258
2,3.0,0.0008941877794336811,0.0,3.0,-1.0,-0.0008941877794336811
3,4.0,0.00029806259314456036,0.0,1.0,-1.5,-0.00044709388971684054
4,5.0,0.00029806259314456036,0.0,1.0,-2.0,-0.0005961251862891207
