,chgavg,dt_alt,dt_avg,dt_cont,duration,eta1,ndfpr,rvp,rvx,rvxe,spot_avg,M,S1,Volume
6JZ5_20151020,0.502773575390822,13.186052908,14.523024184,17.179510529,16.071401736446436,0.2514621032018914,1983.0,0.0026890723423953,0.0019162053529098993,0.0019070134476896824,8348.590221774193,13628.0,0.9792265193370165,55282.0
