,ask12qty,ask12tomid,ask1qty,ask1tomid,bid12qty,bid12tomid,bid1qty,bid1tomid,twspr1,twspr2
6JZ5_20150918,66.48137994294684,1.3219239038866315,19.397154384367358,0.5966512801679871,71.58663079570232,1.3146920961593085,21.488311576112125,0.5966512801679871,1.1933025603359741,3.1954970219187118
