,ask12qty,ask12tomid,ask1qty,ask1tomid,bid12qty,bid12tomid,bid1qty,bid1tomid,twspr1,twspr2
6JZ5_20151118,114.99459853739299,1.5942404849797898,34.51310590720608,0.8839132216835643,114.308430338564,1.5850036778446213,34.61580550386059,0.8839132216835643,1.7678264504826735,3.767928801560362
