,ask12qty,ask12tomid,ask1qty,ask1tomid,bid12qty,bid12tomid,bid1qty,bid1tomid,twspr1,twspr2
6JZ5_20151029,104.6610793901719,1.6734640008790895,29.17889344684237,0.9570359609731739,105.26734866973462,1.7183299964098087,28.582401018205235,0.9570359609731739,1.9140719287107504,3.9141790999431345
