,ask12qty,ask12tomid,ask1qty,ask1tomid,bid12qty,bid12tomid,bid1qty,bid1tomid,twspr1,twspr2
6JZ5_20151110,120.99941402505567,1.6143439326479623,34.64832577962237,0.8490316639989186,118.85735788768031,1.5662161354884765,34.372118425336424,0.8490316639989186,1.6980633348398713,3.7839500107139092
