,chgavg,dt_alt,dt_avg,dt_cont,duration,eta1,ndfpr,rvp,rvx,rvxe,spot_avg,M,S1,Volume
6JZ5_20151007,0.503277972027972,11.906428576000001,12.586015258000002,13.575010923,13.887665365686093,0.347371051723146,2288.0,0.0028942805863683284,0.0024182169366062482,0.0024124173384642493,8344.249017038008,18708.0,0.983844219761408,51687.0
