,Trade Qty,Avg_Cost
0,1.0,0.2678262374524057
1,2.0,0.26046153846153847
2,3.0,0.2705799812909261
3,4.0,0.26458036984352773
4,5.0,0.2755474452554745
5,6.0,0.2707253886010363
6,7.0,0.27522255192878337
7,8.0,0.2806332236842105
8,9.0,0.27586865215731193
9,10.0,0.2759233926128591
10,11.0,0.280952380952381
11,12.0,0.27437943262411346
12,13.0,0.2532467532467532
13,14.0,0.2801724137931034
14,15.0,0.280188679245283
15,16.0,0.27309782608695654
16,17.0,0.2708333333333333
17,18.0,0.26515151515151514
18,19.0,0.25833333333333336
19,20.0,0.27938596491228074
20,21.0,0.3137254901960784
21,22.0,0.34318181818181814
22,23.0,0.31453804347826086
23,24.0,0.4053030303030303
24,25.0,0.31068965517241376
25,26.0,0.25
26,27.0,0.25
27,28.0,0.25
28,29.0,0.25
29,30.0,0.29166666666666663
30,31.0,0.5262096774193549
31,32.0,0.25
32,33.0,0.25
33,34.0,0.3161764705882353
34,35.0,0.5428571428571428
35,36.0,1.0138888888888888
36,37.0,0.25
37,38.0,0.3125
38,39.0,0.375
39,40.0,0.3333333333333333
40,42.0,0.25
41,43.0,0.312015503875969
42,44.0,0.25
43,45.0,0.25
44,46.0,0.3442028985507246
45,48.0,0.39236111111111116
46,49.0,0.25
47,50.0,0.25
48,51.0,0.25
49,54.0,0.5
50,58.0,0.5
51,62.0,0.25
52,63.0,0.45634920634920634
53,65.0,1.4884615384615385
54,69.0,0.25
55,73.0,0.3595890410958904
56,80.0,0.25
57,81.0,0.595679012345679
58,82.0,1.6951219512195121
59,84.0,0.6964285714285714
60,91.0,0.36538461538461536
61,111.0,0.25
62,123.0,0.5
63,142.0,0.48239436619718307
64,162.0,0.5648148148148148
65,207.0,4.3272946859903385
