,Li,lamb,Co,Al,u,eta
0,1.0,0.9815436241610739,995.0,1344.0,0.37016369047619047,0.36333181028283795
1,2.0,0.015100671140939598,12.0,24.0,0.0,0.0
2,3.0,0.0020973154362416107,4.0,1.0,5.0,0.010486577181208054
3,4.0,0.0008389261744966443,0.0,2.0,-1.5,-0.0012583892617449664
4,5.0,0.00041946308724832214,1.0,0.0,inf,inf
