,chgavg,dt_alt,dt_avg,dt_cont,duration,eta1,ndfpr,rvp,rvx,rvxe,spot_avg,M,S1,Volume
6JZ5_20151113,0.511744966442953,11.554317534,12.078385791,12.800156351,12.5306864437355,0.36333181028283795,2384.0,0.003120849202037286,0.002689894164334716,0.0026603543894827652,8146.7106918239,13717.0,0.970753409671067,49363.0
