,ask12qty,ask12tomid,ask1qty,ask1tomid,bid12qty,bid12tomid,bid1qty,bid1tomid,twspr1,twspr2
6JZ5_20151023,98.15911371144759,1.3774874329013942,24.613037847497836,0.6052651299406484,91.96300232884971,1.365953206929433,23.728624910909943,0.6052651299406484,1.2105302679697052,3.2128287970046903
