,ask12qty,ask12tomid,ask1qty,ask1tomid,bid12qty,bid12tomid,bid1qty,bid1tomid,twspr1,twspr2
6JZ5_20151109,112.55448022797887,1.6765179497379143,29.91836518368566,0.8664619293830764,115.29633692864932,1.6559417516695716,31.41021118549148,0.8664619293830764,1.7329238664329216,3.9044578388638262
