,chgavg,dt_alt,dt_avg,dt_cont,duration,eta1,ndfpr,rvp,rvx,rvxe,spot_avg,M,S1,Volume
6JZ5_20150916,0.5042335115864528,11.345079485000001,12.832502228000001,14.973504338000001,14.080866695357887,0.3465441840323879,2244.0,0.0028867977374134107,0.002412409970888393,0.0024033148024522476,8308.286414253898,11131.0,0.9767025089605734,42675.0
