,Li,lamb,Co,Al,u,eta
0,1.0,0.9810709838107098,1705.0,2233.0,0.3817733990147783,0.37454680416418723
1,2.0,0.01643835616438356,13.0,53.0,-0.2547169811320755,-0.004187128456965625
2,3.0,0.0014943960149439602,3.0,3.0,0.5,0.0007471980074719801
3,5.0,0.00049813200498132,1.0,1.0,0.5,0.00024906600249066
4,7.0,0.00049813200498132,1.0,1.0,0.5,0.00024906600249066
