,chgavg,dt_alt,dt_avg,dt_cont,duration,eta1,ndfpr,rvp,rvx,rvxe,spot_avg,M,S1,Volume
6JZ5_20151123,0.5043859649122807,14.840471195000001,18.044065979000003,23.980226395000003,19.75662711925529,0.2709905874167334,1596.0,0.002488209164734465,0.0018425209301826436,0.0018318039298031274,8137.654038822793,12975.0,0.9693649201327262,45094.0
