,Li,lamb,Co,Al,u,eta
0,1.0,0.9883847549909256,1158.0,1564.0,0.3702046035805627,0.36590458640648715
1,2.0,0.010526315789473684,5.0,24.0,-0.29166666666666663,-0.003070175438596491
2,3.0,0.0007259528130671506,0.0,2.0,-1.0,-0.0007259528130671506
3,6.0,0.0003629764065335753,1.0,0.0,inf,inf
