,ask12qty,ask12tomid,ask1qty,ask1tomid,bid12qty,bid12tomid,bid1qty,bid1tomid,twspr1,twspr2
6JZ5_20150925,86.9102784315079,1.365216866705769,23.38372449616291,0.6176214386504075,87.80278986375059,1.3683764411599835,23.41442937954254,0.6176214386504075,1.235242877300815,3.2361495885753753
