,Li,lamb,Co,Al,u,eta
0,1.0,0.9934440559440559,935.0,1337.0,0.34966342557965596,0.347371051723146
1,2.0,0.006555944055944056,4.0,11.0,-0.13636363636363635,-0.0008939923712650984
