,Li,lamb,Co,Al,u,eta
0,1.0,0.976052001368457,1263.0,1589.0,0.3974197608558842,0.38790235296675935
1,2.0,0.017789941840574752,12.0,40.0,-0.19999999999999996,-0.0035579883681149498
2,3.0,0.0010263427984946972,1.0,2.0,-0.25,-0.0002565856996236743
3,4.0,0.0006842285323297981,1.0,1.0,0.5,0.00034211426616489907
4,5.0,0.0013684570646595963,2.0,2.0,0.5,0.0006842285323297981
5,6.0,0.0013684570646595963,1.0,3.0,-1.5,-0.0020526855969893944
6,7.0,0.0013684570646595963,1.0,3.0,-1.8333333333333335,-0.0025088379518759265
7,12.0,0.00034211426616489907,1.0,0.0,inf,inf
