,Li,lamb,Co,Al,u,eta
0,1.0,0.9875409836065574,637.0,868.0,0.36693548387096775,0.36236382866208355
1,2.0,0.011147540983606558,3.0,14.0,-0.2857142857142857,-0.0031850117096018735
2,3.0,0.0006557377049180328,0.0,1.0,-1.0,-0.0006557377049180328
3,4.0,0.0006557377049180328,0.0,1.0,-1.5,-0.0009836065573770492
