,Li,lamb,Co,Al,u,eta
0,1.0,0.9890167364016736,738.0,1152.0,0.3203125,0.3167944233786611
1,2.0,0.00993723849372385,4.0,15.0,-0.2333333333333334,-0.002318688981868899
2,3.0,0.0010460251046025104,1.0,1.0,0.5,0.0005230125523012552
