,chgavg,dt_alt,dt_avg,dt_cont,duration,eta1,ndfpr,rvp,rvx,rvxe,spot_avg,M,S1,Volume
6JZ5_20151119,0.5068101933216169,11.00745616,12.649670319,14.914889536,13.665125717769332,0.36130062216580966,2276.0,0.0029906756423052016,0.002549474059289227,0.002542252400871034,8140.786780851999,13647.0,0.964408894107287,54511.0
