,chgavg,dt_alt,dt_avg,dt_cont,duration,eta1,ndfpr,rvp,rvx,rvxe,spot_avg,M,S1,Volume
6JZ5_20151209,0.5108732585796806,4.585691547000001,4.892754688,5.2424365040000005,5.140249500249009,0.43732492154077074,5886.0,0.004828905561249753,0.004529763593904653,0.004516123639841711,8220.565568201122,27712.0,0.9808109280138768,104057.0
