,ask12qty,ask12tomid,ask1qty,ask1tomid,bid12qty,bid12tomid,bid1qty,bid1tomid,twspr1,twspr2
6JZ5_20151006,96.56299218305197,1.6517698647281442,27.0418512291486,0.9225380745883415,102.87999073908692,1.6411218383299706,30.039078017452663,0.9225380745883415,1.8450761576383372,3.8484385540753863
