,ask12qty,ask12tomid,ask1qty,ask1tomid,bid12qty,bid12tomid,bid1qty,bid1tomid,twspr1,twspr2
6JZ5_20151016,104.48090407316347,1.3848650898819392,24.84520636125156,0.6011218853140895,99.50521121823517,1.385904075836653,23.542960585674606,0.6011218853140895,1.202243777804229,3.204005974899015
