,Li,lamb,Co,Al,u,eta
0,1.0,0.992244183137353,1444.0,2521.0,0.28639428798095995,0.2841730663328714
1,2.0,0.00725544158118589,0.0,29.0,-0.5,-0.003627720790592945
2,3.0,0.0005003752814610958,1.0,1.0,0.5,0.0002501876407305479
