,Trade Qty,Avg_Cost
0,1.0,0.2677688767683654
1,2.0,0.2573249462009601
2,3.0,0.25701660097933837
3,4.0,0.25690034196384953
4,5.0,0.2565176322418137
5,6.0,0.2522613065326633
6,7.0,0.26794755877034354
7,8.0,0.2627803430079156
8,9.0,0.2580882352941177
9,10.0,0.26727541954590334
10,11.0,0.25899478165339196
11,12.0,0.2635566188197767
12,13.0,0.2612442202606137
13,14.0,0.26450892857142855
14,15.0,0.2609243697478992
15,16.0,0.2700109649122807
16,17.0,0.27328431372549017
17,18.0,0.31125356125356124
18,19.0,0.28146453089244855
19,20.0,0.29464285714285715
20,21.0,0.25
21,22.0,0.29403409090909094
22,23.0,0.25
23,24.0,0.2674731182795699
24,25.0,0.32525423728813563
25,26.0,0.2910839160839161
26,27.0,0.27233115468409586
27,28.0,0.30434782608695654
28,29.0,0.2625
29,30.0,0.2625
30,31.0,0.2727272727272727
31,32.0,0.25
32,33.0,0.2738927738927739
33,34.0,0.3088235294117647
34,35.0,0.25
35,36.0,0.3020833333333333
36,37.0,0.3391891891891892
37,38.0,0.25
38,39.0,0.31002331002331
39,40.0,0.39
40,41.0,0.2857142857142857
41,42.0,0.2777777777777778
42,43.0,0.3701550387596899
43,44.0,0.4053030303030303
44,45.0,0.29259259259259257
45,46.0,0.2916666666666667
46,47.0,0.3
47,48.0,0.25
48,49.0,0.3181818181818182
49,50.0,0.3685714285714286
50,51.0,0.49264705882352944
51,52.0,0.25
52,53.0,0.43946540880503143
53,55.0,0.375
54,57.0,0.4649122807017544
55,59.0,0.25
56,61.0,0.7131147540983607
57,62.0,0.3064516129032258
58,63.0,0.4722222222222222
59,64.0,0.27734375
60,65.0,0.6346153846153846
61,67.0,0.25
62,68.0,0.47794117647058815
63,69.0,0.5072463768115942
64,71.0,0.7359154929577465
65,72.0,0.4305555555555556
66,73.0,0.5342465753424658
67,75.0,0.54
68,77.0,0.698051948051948
69,78.0,0.7275641025641025
70,79.0,0.25
71,84.0,0.5714285714285714
72,85.0,0.25
73,88.0,0.4829545454545454
74,90.0,0.5888888888888889
75,91.0,0.6153846153846154
76,97.0,0.6984536082474226
77,100.0,0.681
78,102.0,0.25
79,105.0,0.7214285714285714
80,106.0,0.6462264150943396
81,110.0,0.25
82,112.0,0.7991071428571429
83,113.0,0.3915929203539823
84,119.0,0.6449579831932774
85,126.0,0.8095238095238095
86,128.0,0.94921875
87,158.0,0.25
88,159.0,0.9638364779874213
89,171.0,0.793859649122807
90,253.0,1.5602766798418972
91,297.0,0.9806397306397306
92,313.0,0.9896166134185304
