,Li,lamb,Co,Al,u,eta
0,1.0,0.9777777777777777,1417.0,1618.0,0.4378862793572311,0.42815547314929264
1,2.0,0.022222222222222223,10.0,59.0,-0.3305084745762712,-0.007344632768361582
