,Trade Qty,Avg_Cost
0,1.0,0.25443660466110757
1,2.0,0.25135135135135134
2,3.0,0.2542406311637081
3,4.0,0.2533682634730539
4,5.0,0.2510112359550562
5,6.0,0.25087719298245614
6,7.0,0.25512422360248443
7,8.0,0.25290697674418605
8,9.0,0.2547743055555555
9,10.0,0.25566037735849056
10,11.0,0.25444664031620556
11,12.0,0.25245098039215685
12,13.0,0.2668269230769231
13,14.0,0.257015306122449
14,15.0,0.25740740740740736
15,16.0,0.25
16,17.0,0.25
17,18.0,0.27904040404040403
18,19.0,0.25
19,20.0,0.2569444444444444
20,21.0,0.25
21,22.0,0.29797979797979796
22,23.0,0.3023715415019763
23,24.0,0.25
24,25.0,0.25
25,26.0,0.25
26,27.0,0.25
27,28.0,0.25
28,29.0,0.3232758620689655
29,30.0,0.25
30,31.0,0.25
31,32.0,0.3697916666666667
32,33.0,0.25
33,34.0,0.3014705882352941
34,35.0,0.34142857142857147
35,36.0,0.25
36,37.0,0.25
37,38.0,0.25
38,39.0,0.25
39,40.0,0.4041666666666666
40,41.0,0.25
41,42.0,0.25
42,44.0,0.25
43,45.0,0.25
44,46.0,0.25
45,47.0,0.25
46,48.0,0.25
47,49.0,0.4489795918367347
48,50.0,0.275
49,54.0,0.25
50,59.0,0.25
51,61.0,0.25
52,70.0,0.7
53,80.0,0.41875
54,94.0,0.5478723404255319
55,117.0,0.6858974358974359
56,125.0,0.63
57,137.0,0.6405109489051095
58,142.0,0.5633802816901409
