,Trade Qty,Avg_Cost
0,1.0,0.2601686507936508
1,2.0,0.25858684985279684
2,3.0,0.2633197877864319
3,4.0,0.25691568047337277
4,5.0,0.2607197549770291
5,6.0,0.2573472544470224
6,7.0,0.26134896729776247
7,8.0,0.26088278210116733
8,9.0,0.263947163947164
9,10.0,0.2684094256259205
10,11.0,0.2650772430184195
11,12.0,0.27640603566529487
12,13.0,0.2706876456876457
13,14.0,0.2746960486322188
14,15.0,0.308433734939759
15,16.0,0.26160714285714287
16,17.0,0.26031102096010816
17,18.0,0.2605820105820106
18,19.0,0.276452850877193
19,20.0,0.28541666666666665
20,21.0,0.27807391613361765
21,22.0,0.251336898395722
22,23.0,0.2904717853839038
23,24.0,0.3352272727272727
24,25.0,0.51
25,26.0,0.286472148541114
26,27.0,0.2824074074074074
27,28.0,0.26785714285714285
28,29.0,0.3078817733990148
29,30.0,0.3260416666666667
30,31.0,0.25
31,32.0,0.35546875
32,33.0,0.25
33,34.0,0.3277310924369748
34,35.0,0.25
35,36.0,0.4409722222222222
36,37.0,0.2934362934362934
37,38.0,0.35714285714285715
38,39.0,0.5
39,40.0,0.3805555555555556
40,41.0,0.25
41,42.0,0.5678571428571428
42,43.0,0.9244186046511628
43,44.0,0.44772727272727275
44,45.0,0.4
45,46.0,0.4945652173913043
46,47.0,0.299645390070922
47,48.0,1.9604166666666667
48,49.0,0.25
49,50.0,0.49
50,52.0,0.4358974358974359
51,53.0,0.7735849056603774
52,55.0,0.7136363636363636
53,56.0,0.25
54,57.0,0.375
55,58.0,5.7844827586206895
56,59.0,0.625
57,60.0,0.39166666666666666
58,61.0,0.25
59,62.0,0.33467741935483875
60,65.0,0.8365384615384616
61,66.0,0.25
62,67.0,1.5895522388059702
63,70.0,0.9
64,71.0,0.25
65,73.0,0.25
66,74.0,0.6621621621621622
67,78.0,0.25
68,80.0,0.25
69,81.0,0.25
70,85.0,0.6470588235294118
71,87.0,1.3879310344827587
72,89.0,0.7893258426966292
73,90.0,0.25
74,91.0,0.25
75,102.0,0.25
76,103.0,1.2839805825242718
77,106.0,0.25
78,158.0,0.25
