,chgavg,dt_alt,dt_avg,dt_cont,duration,eta1,ndfpr,rvp,rvx,rvxe,spot_avg,M,S1,Volume
6JZ5_20151109,0.5050080128205128,10.264719722,11.537835322000001,13.340459694000002,12.602157242619327,0.35405676860754987,2496.0,0.0031225600937972832,0.002632093976151689,0.0026276181535839355,8119.125550660793,15510.0,0.9699592996963629,62367.0
