,ask12qty,ask12tomid,ask1qty,ask1tomid,bid12qty,bid12tomid,bid1qty,bid1tomid,twspr1,twspr2
6JZ5_20151210,99.31782206820381,2.015320250689209,22.75969219263203,1.1881931690246224,107.1717728066915,1.998538397387049,26.653518070427655,1.1881931690246224,2.3763863459652685,4.611278209369124
