,Trade Qty,Avg_Cost
0,1.0,0.265351587815943
1,2.0,0.2534788108791904
2,3.0,0.2580623843510441
3,4.0,0.2556072210065646
4,5.0,0.2609797297297297
5,6.0,0.2535282258064516
6,7.0,0.264338494018297
7,8.0,0.2624198717948718
8,9.0,0.2652101056973447
9,10.0,0.26712095400340713
10,11.0,0.2537565740045079
11,12.0,0.26130952380952377
12,13.0,0.2744755244755245
13,14.0,0.25983436853002073
14,15.0,0.2775
15,16.0,0.2669270833333333
16,17.0,0.25735294117647056
17,18.0,0.2711988304093567
18,19.0,0.26611170784103116
19,20.0,0.3055147058823529
20,21.0,0.2554945054945055
21,22.0,0.26515151515151514
22,23.0,0.2892976588628763
23,24.0,0.3125
24,25.0,0.2590909090909091
25,26.0,0.46153846153846156
26,27.0,0.34444444444444444
27,28.0,0.31980519480519476
28,29.0,0.25
29,30.0,0.33541666666666664
30,31.0,0.25
31,32.0,0.296875
32,33.0,0.6439393939393939
33,34.0,0.3602941176470588
34,35.0,0.4314285714285714
35,36.0,0.25
36,37.0,0.25
37,38.0,0.35526315789473684
38,39.0,0.25
39,40.0,0.34
40,41.0,0.25
41,42.0,0.3904761904761905
42,44.0,0.25
43,46.0,0.7065217391304348
44,47.0,0.5
45,48.0,0.25
46,50.0,0.375
47,51.0,0.41339869281045755
48,52.0,0.25
49,53.0,0.25
50,61.0,0.5286885245901639
51,63.0,0.25
52,78.0,0.6602564102564102
53,79.0,0.25
54,83.0,0.47289156626506024
55,85.0,0.5441176470588235
56,100.0,0.44125000000000003
57,105.0,0.5976190476190476
58,110.0,0.2590909090909091
59,146.0,0.708904109589041
60,149.0,0.8439597315436241
61,170.0,1.138235294117647
62,257.0,1.5593385214007782
63,378.0,1.6150793650793651
