,ask12qty,ask12tomid,ask1qty,ask1tomid,bid12qty,bid12tomid,bid1qty,bid1tomid,twspr1,twspr2
6JZ5_20151012,117.86233954618943,1.6317253503109275,31.075790472494052,0.8806422466951741,120.59214509880067,1.6613949438242064,32.23497618225091,0.8806422466951741,1.761284496705832,3.8508843733505937
