,Li,lamb,Co,Al,u,eta
0,1.0,0.9915329768270945,915.0,1309.0,0.3495034377387319,0.3465441840323879
1,2.0,0.008467023172905526,7.0,12.0,0.08333333333333337,0.0007055852644087941
