,chgavg,dt_alt,dt_avg,dt_cont,duration,eta1,ndfpr,rvp,rvx,rvxe,spot_avg,M,S1,Volume
6JZ5_20150924,0.5166935918147549,4.801231538000001,5.168908454,5.6308023490000005,4.591141956810529,0.397406638117462,5571.0,0.005014970431797609,0.0045696941621761,0.004470961531254349,8375.558417085427,24551.0,0.9707011998232555,103627.0
