,ask12qty,ask12tomid,ask1qty,ask1tomid,bid12qty,bid12tomid,bid1qty,bid1tomid,twspr1,twspr2
6JZ5_20151113,112.34569796531454,1.3264772115914927,32.30585856223364,0.59288123069762,109.27284555431667,1.3343425306348977,30.808471281514688,0.59288123069762,1.1857624691295194,3.190795976568525
