,Li,lamb,Co,Al,u,eta
0,1.0,0.9833290587330085,1711.0,2122.0,0.4031573986804901,0.39643638536573456
1,2.0,0.015388561169530648,12.0,48.0,-0.25,-0.003847140292382662
2,3.0,0.0012823800974608873,1.0,4.0,-0.625,-0.0008014875609130545
