,ask12qty,ask12tomid,ask1qty,ask1tomid,bid12qty,bid12tomid,bid1qty,bid1tomid,twspr1,twspr2
6JZ5_20151124,145.77219448649277,1.2871928380510889,44.427631322911026,0.5649226350850626,141.5212619316079,1.290562944151483,42.15596789468172,0.5649226350850626,1.1298452777681283,3.130144489821908
