,Li,lamb,Co,Al,u,eta
0,1.0,0.994452849218356,662.0,1309.0,0.25286478227654696,0.2514621032018914
1,2.0,0.005547150781643974,3.0,8.0,-0.125,-0.0006933938477054968
