,chgavg,dt_alt,dt_avg,dt_cont,duration,eta1,ndfpr,rvp,rvx,rvxe,spot_avg,M,S1,Volume
6JZ5_20151120,0.5083636363636364,18.568112161000002,20.941524631,24.773698600000003,22.222398216428598,0.30899574375204625,1375.0,0.002344494407444471,0.0018621006795941182,0.0018430641329470403,8143.251453488372,9521.0,0.9660321800399622,38158.0
