,chgavg,dt_alt,dt_avg,dt_cont,duration,eta1,ndfpr,rvp,rvx,rvxe,spot_avg,M,S1,Volume
6JZ5_20150914,0.5054,10.777253173,11.516764,12.494406105000001,12.504649233650873,0.38137655468191567,2500.0,0.0030506839404697427,0.0026714407886424627,0.0026643373267559484,8342.755897640944,12271.0,0.9775722403578769,57581.0
