,chgavg,dt_alt,dt_avg,dt_cont,duration,eta1,ndfpr,rvp,rvx,rvxe,spot_avg,M,S1,Volume
6JZ5_20151029,0.5059813912272929,11.139428524000001,12.752950717000001,15.638187777,13.858065529743241,0.2803607716452705,2257.0,0.002926118083467633,0.0022029272008971296,0.0021911164997966154,8262.269486271036,13975.0,0.9702176403207331,51532.0
