,Trade Qty,Avg_Cost
0,1.0,0.2558521267485013
1,2.0,0.2525296442687747
2,3.0,0.2526415717351824
3,4.0,0.2558176100628931
4,5.0,0.25512354651162794
5,6.0,0.25220680958385877
6,7.0,0.25625135899108503
7,8.0,0.2557259316770186
8,9.0,0.2638888888888889
9,10.0,0.264441416893733
10,11.0,0.2615702479338843
11,12.0,0.25797325102880664
12,13.0,0.26071638285378745
13,14.0,0.2655152224824356
14,15.0,0.26178861788617885
15,16.0,0.2759615384615385
16,17.0,0.2574565037282519
17,18.0,0.2718253968253968
18,19.0,0.2575657894736842
19,20.0,0.29457831325301204
20,21.0,0.2726934523809524
21,22.0,0.2755681818181818
22,23.0,0.299901185770751
23,24.0,0.25
24,25.0,0.2882051282051282
25,26.0,0.32371794871794873
26,27.0,0.2800925925925926
27,28.0,0.3660714285714286
28,29.0,0.30582922824302133
29,30.0,0.35238095238095235
30,31.0,0.3413978494623656
31,32.0,0.25
32,33.0,0.25
33,34.0,0.3691176470588235
34,35.0,0.33163265306122447
35,36.0,0.25
36,37.0,0.46621621621621623
37,38.0,0.25
38,39.0,0.25
39,40.0,0.39375
40,42.0,0.4523809523809524
41,43.0,0.47093023255813954
42,44.0,0.4128787878787879
43,45.0,0.25
44,47.0,0.4556737588652482
45,48.0,0.3824404761904762
46,49.0,0.25
47,50.0,0.4216666666666667
48,51.0,0.45098039215686275
49,52.0,0.3493589743589744
50,53.0,0.35062893081761004
51,54.0,0.25
52,55.0,0.38030303030303036
53,57.0,0.5921052631578948
54,58.0,0.25
55,59.0,0.25
56,60.0,0.6916666666666667
57,63.0,0.7341269841269841
58,64.0,0.7421875
59,66.0,0.25
60,70.0,0.5607142857142857
61,73.0,0.702054794520548
62,76.0,0.6644736842105263
63,81.0,1.2037037037037037
64,95.0,0.5973684210526315
65,99.0,0.547979797979798
66,100.0,0.6925
67,107.0,0.4696261682242991
68,120.0,0.75
69,143.0,1.0087412587412588
70,200.0,1.085
71,300.0,1.3733333333333333
