,chgavg,dt_alt,dt_avg,dt_cont,duration,eta1,ndfpr,rvp,rvx,rvxe,spot_avg,M,S1,Volume
6JZ5_20151023,0.5128366473697458,7.093944107,7.244834809,7.480775531000001,7.459146899893985,0.32220573843555017,3973.0,0.00399159259175721,0.0032548712905004044,0.0032042606849240736,8255.658530447912,17909.0,0.9693021695370163,67958.0
