,chgavg,dt_alt,dt_avg,dt_cont,duration,eta1,ndfpr,rvp,rvx,rvxe,spot_avg,M,S1,Volume
6JZ5_20150917,0.5836439624985881,3.468085148,3.2527051840000003,3.020596948,1.2998860204308047,0.4433608130540786,8853.0,0.00948858152021086,0.009254273847673489,0.008935007953111022,8319.33436864694,26544.0,0.9121594520378884,104310.0
