,chgavg,dt_alt,dt_avg,dt_cont,duration,eta1,ndfpr,rvp,rvx,rvxe,spot_avg,M,S1,Volume
6JZ5_20151118,0.5332476120499633,10.548908661,10.579637529000001,10.637277390000001,9.529608612800278,0.3182132096212885,2722.0,0.0036004624415715957,0.002969315139318525,0.0028723171067495897,8097.4204921042965,14341.0,0.9455535390199638,53554.0
