,chgavg,dt_alt,dt_avg,dt_cont,duration,eta1,ndfpr,rvp,rvx,rvxe,spot_avg,M,S1,Volume
6JZ5_20151105,0.5076983813659692,10.283781776000001,11.340535366000001,13.124729143000001,12.22646470040265,0.2934268930526778,2533.0,0.0031310412671843976,0.0024173860323886426,0.002398577453728499,8220.595303867403,13769.0,0.9720524017467249,45565.0
