,chgavg,dt_alt,dt_avg,dt_cont,duration,eta1,ndfpr,rvp,rvx,rvxe,spot_avg,M,S1,Volume
6JZ5_20151103,0.5049222797927461,12.635765587000002,14.921258189000001,19.11132105,16.289477609946392,0.27550083542893794,1930.0,0.0026998757503763336,0.00201127986916544,0.002004103913375987,8259.336354220612,12224.0,0.9722585924713584,45693.0
