,Li,lamb,Co,Al,u,eta
0,1.0,0.9880372175454143,807.0,1422.0,0.28375527426160335,0.2803607716452705
1,2.0,0.011962782454585734,3.0,24.0,-0.375,-0.00448604342046965
