,Trade Qty,Avg_Cost
0,1.0,0.2600511436283563
1,2.0,0.25369723043828984
2,3.0,0.2553606237816764
3,4.0,0.2575651769087523
4,5.0,0.25955120828538547
5,6.0,0.26295986622073575
6,7.0,0.2604991394148021
7,8.0,0.25803072625698326
8,9.0,0.26995629169542207
9,10.0,0.2724774774774775
10,11.0,0.2783605283605284
11,12.0,0.2603046594982079
12,13.0,0.25872093023255816
13,14.0,0.2759103641456583
14,15.0,0.2790960451977402
15,16.0,0.2766927083333333
16,17.0,0.27906976744186046
17,18.0,0.28703703703703703
18,19.0,0.3118421052631579
19,20.0,0.29508196721311475
20,21.0,0.25
21,22.0,0.25961538461538464
22,23.0,0.25
23,24.0,0.2805555555555556
24,25.0,0.26555555555555554
25,26.0,0.2716346153846154
26,27.0,0.37037037037037035
27,28.0,0.3080357142857143
28,29.0,0.35344827586206895
29,30.0,0.4527777777777778
30,31.0,0.25
31,32.0,0.3125
32,33.0,0.32954545454545453
33,34.0,0.25
34,35.0,0.25
35,36.0,0.25
36,37.0,0.2533783783783784
37,38.0,0.42105263157894735
38,39.0,0.2841880341880342
39,40.0,0.428125
40,41.0,0.3231707317073171
41,42.0,0.3214285714285714
42,43.0,0.25387596899224807
43,44.0,0.5397727272727273
44,47.0,0.3946808510638298
45,48.0,0.25
46,49.0,0.4872448979591837
47,50.0,0.4741666666666667
48,51.0,0.25
49,52.0,0.25
50,53.0,0.6933962264150944
51,55.0,0.25
52,56.0,0.29464285714285715
53,57.0,0.25292397660818716
54,59.0,0.375
55,61.0,0.25
56,62.0,0.5
57,64.0,0.25
58,65.0,0.5346153846153846
59,70.0,0.8642857142857143
60,71.0,0.30633802816901406
61,78.0,0.5737179487179487
62,79.0,0.25
63,80.0,0.25
64,86.0,0.6395348837209303
65,100.0,0.7683333333333334
66,108.0,0.7916666666666666
67,113.0,0.661504424778761
68,114.0,0.25
69,115.0,0.65
70,132.0,0.25
71,135.0,0.6203703703703703
72,190.0,0.868421052631579
73,219.0,0.9897260273972602
