,ask12qty,ask12tomid,ask1qty,ask1tomid,bid12qty,bid12tomid,bid1qty,bid1tomid,twspr1,twspr2
6JZ5_20151015,93.41720515801386,1.6083124880961588,25.030800860409403,0.8869362801639893,91.31033891028534,1.604004604497706,25.155453305459318,0.8869362801639893,1.7738725680498535,3.773894817313119
