,ask12qty,ask12tomid,ask1qty,ask1tomid,bid12qty,bid12tomid,bid1qty,bid1tomid,twspr1,twspr2
6JZ5_20151211,58.7636332119621,1.5100655938856862,13.197556541582053,0.708789626373591,78.05237898130669,1.5142338678408473,18.273671579637554,0.708789626373591,1.4175792629232031,3.442081171168036
