,chgavg,dt_alt,dt_avg,dt_cont,duration,eta1,ndfpr,rvp,rvx,rvxe,spot_avg,M,S1,Volume
6JZ5_20151104,0.5183018301830183,8.410668612,8.639690706,8.965625203,8.324517690104816,0.35007197063108536,3333.0,0.0037891905348801944,0.003237416546486981,0.0031705901880137795,8232.211607678464,18815.0,0.9615977873517366,73674.0
