,chgavg,dt_alt,dt_avg,dt_cont,duration,eta1,ndfpr,rvp,rvx,rvxe,spot_avg,M,S1,Volume
6JZ5_20151211,0.5968937019093759,8.421596035,8.202336911,7.971816672,5.4801998601795585,0.4222019890741,3509.0,0.004651718061783963,0.004394272873769648,0.004274531480206292,8264.772934472934,9508.0,0.9697001578116781,25206.0
