,Li,lamb,Co,Al,u,eta
0,1.0,0.9918546365914787,559.0,1023.0,0.2732160312805474,0.2709905874167334
1,2.0,0.007518796992481203,1.0,11.0,-0.40909090909090906,-0.003075871496924128
2,3.0,0.0006265664160401002,1.0,0.0,inf,inf
