,chgavg,dt_alt,dt_avg,dt_cont,duration,eta1,ndfpr,rvp,rvx,rvxe,spot_avg,M,S1,Volume
6JZ5_20150929,0.5168896687870147,5.87994617,6.316633588,6.833228935,6.303530344139459,0.4186894632941204,4559.0,0.004291047083996463,0.003955585265326555,0.00392666899763892,8353.862171052631,25006.0,0.9707836388377491,71468.0
