,ask12qty,ask12tomid,ask1qty,ask1tomid,bid12qty,bid12tomid,bid1qty,bid1tomid,twspr1,twspr2
6JZ5_20151001,89.36689410938101,1.9496737822511723,24.2716335787169,0.8490481553354965,84.67567800052238,1.8330495239187738,23.120197857300845,0.8490481553354965,1.6980963200164874,4.711599492987927
