,chgavg,dt_alt,dt_avg,dt_cont,duration,eta1,ndfpr,rvp,rvx,rvxe,spot_avg,M,S1,Volume
6JZ5_20150922,0.5059980006664445,8.73538944,9.590655781,10.588006474,10.414492335861258,0.43376674737299936,3001.0,0.003341104791381286,0.003114955239568938,0.003111954388424655,8347.056628914057,14629.0,0.9809391786518801,56794.0
