,chgavg,dt_alt,dt_avg,dt_cont,duration,eta1,ndfpr,rvp,rvx,rvxe,spot_avg,M,S1,Volume
6JZ5_20151116,0.5036401456058243,13.49954138,14.960967957000001,17.52600101,16.488229634117744,0.28697728554303464,1923.0,0.002728199907421994,0.00207396986738388,0.0020668785080421694,8124.175675675676,12711.0,0.9743893763338867,44456.0
