,ask12qty,ask12tomid,ask1qty,ask1tomid,bid12qty,bid12tomid,bid1qty,bid1tomid,twspr1,twspr2
6JZ5_20151104,111.00165959055367,1.3153296964592116,31.69160322196002,0.5728541570405333,109.99689565992804,1.3154033672604137,31.378403077151965,0.5728541570405333,1.145708324755674,3.1458296444913674
