,ask12qty,ask12tomid,ask1qty,ask1tomid,bid12qty,bid12tomid,bid1qty,bid1tomid,twspr1,twspr2
6JZ5_20150928,80.6504970321535,1.8763833718472347,20.290681663599536,1.1270584300866335,76.60694905063076,2.209250639021715,19.16138862576437,1.1270584300866335,2.2541168688051485,4.762591408637595
