,Li,lamb,Co,Al,u,eta
0,1.0,0.9820823244552058,1781.0,2274.0,0.39160070360598065,0.3845841292556556
1,2.0,0.01694915254237288,15.0,55.0,-0.2272727272727273,-0.0038520801232665644
2,3.0,0.00024213075060532688,0.0,1.0,-1.0,-0.00024213075060532688
3,5.0,0.00024213075060532688,0.0,1.0,-2.0,-0.00048426150121065375
4,6.0,0.00048426150121065375,1.0,1.0,0.5,0.00024213075060532688
