,Li,lamb,Co,Al,u,eta
0,1.0,0.9908,1077.0,1399.0,0.38491779842744817,0.38137655468191567
1,2.0,0.008,4.0,16.0,-0.25,-0.002
2,3.0,0.0008,0.0,2.0,-1.0,-0.0008
3,4.0,0.0004,0.0,1.0,-1.5,-0.0006000000000000001
