,Li,lamb,Co,Al,u,eta
0,1.0,0.9706075893836368,2049.0,2375.0,0.43136842105263157,0.4186894632941204
1,2.0,0.027418293485413466,34.0,91.0,-0.12637362637362637,-0.0034649491767280755
2,3.0,0.0013160780872998464,3.0,3.0,0.5,0.0006580390436499232
3,4.0,0.00021934634788330776,0.0,1.0,-1.5,-0.00032901952182496166
4,5.0,0.00021934634788330776,0.0,1.0,-2.0,-0.0004386926957666155
5,11.0,0.00021934634788330776,1.0,0.0,inf,inf
