,ask12qty,ask12tomid,ask1qty,ask1tomid,bid12qty,bid12tomid,bid1qty,bid1tomid,twspr1,twspr2
6JZ5_20151116,113.09754814059866,1.65092785268283,32.12417335702322,0.9337654929401994,110.96992823341351,1.6494051477887917,31.513240554317594,0.9337654929401994,1.8675309933388007,3.867531084282587
