,chgavg,dt_alt,dt_avg,dt_cont,duration,eta1,ndfpr,rvp,rvx,rvxe,spot_avg,M,S1,Volume
6JZ5_20151030,0.5147880381202761,8.481391925,9.460130998,10.881304042,9.275853104003966,0.344431004571395,3043.0,0.003562754048065294,0.0030178022452910657,0.002957004321372245,8294.299934296978,16046.0,0.9685844293461323,57594.0
