,chgavg,dt_alt,dt_avg,dt_cont,duration,eta1,ndfpr,rvp,rvx,rvxe,spot_avg,M,S1,Volume
6JZ5_20151117,0.5062240663900415,12.119276182,13.276829706000001,15.04890954,14.40017528494341,0.32956851643593027,2169.0,0.002925619978888673,0.0023846119445121894,0.0023752305443542326,8106.6366359447,14080.0,0.9688765721594542,54952.0
