,ask12qty,ask12tomid,ask1qty,ask1tomid,bid12qty,bid12tomid,bid1qty,bid1tomid,twspr1,twspr2
6JZ5_20151208,118.3669226084119,1.5971693371731022,31.133479911915874,0.8623380890654279,118.051307759762,1.6059855238577372,30.207668057829366,0.8623380890654279,1.7246761864739957,3.724707121025524
