,ask12qty,ask12tomid,ask1qty,ask1tomid,bid12qty,bid12tomid,bid1qty,bid1tomid,twspr1,twspr2
6JZ5_20151019,97.40501876393563,1.5840120103161428,25.331588376143724,0.8602785182170734,94.72573218170606,1.6133932453016895,22.981800841837593,0.8602785182170734,1.7205570411047828,3.72055720313957
