,Li,lamb,Co,Al,u,eta
0,1.0,0.9923371647509579,566.0,987.0,0.2867274569402229,0.28453031167631315
1,2.0,0.007662835249042145,1.0,11.0,-0.40909090909090906,-0.0031347962382445136
