,chgavg,dt_alt,dt_avg,dt_cont,duration,eta1,ndfpr,rvp,rvx,rvxe,spot_avg,M,S1,Volume
6JZ5_20151012,0.504182156133829,22.916284207,26.759270697,36.538561974000004,29.374348730877617,0.19599082309893148,1076.0,0.001991307897697543,0.0012568427954600138,0.001246726763073152,8339.11513463324,8863.0,0.9734673139889353,27970.0
