,ask12qty,ask12tomid,ask1qty,ask1tomid,bid12qty,bid12tomid,bid1qty,bid1tomid,twspr1,twspr2
6JZ5_20151021,120.50051880434698,1.5636530822887564,31.687280294583516,0.8285230493165736,116.41909660186896,1.6725618680244339,29.286006559759873,0.8285230493165736,1.6570461050680052,3.7470238451395517
