,chgavg,dt_alt,dt_avg,dt_cont,duration,eta1,ndfpr,rvp,rvx,rvxe,spot_avg,M,S1,Volume
6JZ5_20151001,0.508152900294039,7.0176113330000005,7.6826788630000005,8.536807492000001,8.23197717362523,0.38486694307472685,3741.0,0.0037519692398678968,0.0033081871855960166,0.0032917706768324797,8360.479021913416,25488.0,0.9711840452261307,71032.0
