,Li,lamb,Co,Al,u,eta
0,1.0,0.9906735751295337,683.0,1228.0,0.2780944625407166,0.27550083542893794
1,2.0,0.008808290155440414,0.0,17.0,-0.5,-0.004404145077720207
2,3.0,0.0005181347150259067,0.0,1.0,-1.0,-0.0005181347150259067
