,Li,lamb,Co,Al,u,eta
0,1.0,0.9854085603112841,2698.0,3379.0,0.3992305415803492,0.39340519321098616
1,2.0,0.013294422827496757,18.0,64.0,-0.21875,-0.0029081549935149158
2,3.0,0.0011348897535667965,3.0,4.0,0.125,0.00014186121919584956
3,4.0,0.00016212710765239947,0.0,1.0,-1.5,-0.00024319066147859923
