,chgavg,dt_alt,dt_avg,dt_cont,duration,eta1,ndfpr,rvp,rvx,rvxe,spot_avg,M,S1,Volume
6JZ5_20151124,0.512707468879668,13.770229085,14.930080345,16.907916779,15.390815449124279,0.2911001798296866,1928.0,0.002809526033006829,0.0021833201616009066,0.0021437260988283325,8165.421980300674,11894.0,0.967522086663862,51539.0
