,chgavg,dt_alt,dt_avg,dt_cont,duration,eta1,ndfpr,rvp,rvx,rvxe,spot_avg,M,S1,Volume
6JZ5_20151125,0.513407455853499,17.521601469,18.834455187,21.166628046,19.494181922285996,0.2843497061065681,1529.0,0.0025023352386874427,0.0019125594346069595,0.0018870650947934544,8146.001960784314,8827.0,0.9606531352761084,30622.0
