,Trade Qty,Avg_Cost
0,1.0,0.2580518460329929
1,2.0,0.25406192519926424
2,3.0,0.2572895957587807
3,4.0,0.2588951310861423
4,5.0,0.2682170542635659
5,6.0,0.26966292134831454
6,7.0,0.27252747252747256
7,8.0,0.2605088495575221
8,9.0,0.28250591016548465
9,10.0,0.30783664459161136
10,11.0,0.2813852813852814
11,12.0,0.3645833333333333
12,13.0,0.334319526627219
13,14.0,0.27197802197802196
14,15.0,0.3979166666666667
15,16.0,0.3125
16,17.0,0.375
17,18.0,0.2916666666666667
18,19.0,0.381578947368421
19,20.0,0.35000000000000003
20,21.0,0.530952380952381
21,22.0,0.25
22,23.0,0.5
23,24.0,0.5
24,25.0,0.25
25,27.0,0.4166666666666667
26,28.0,0.25
27,29.0,0.3333333333333333
28,30.0,0.4916666666666667
29,33.0,0.5
30,34.0,0.5
31,40.0,0.7625
32,48.0,0.6145833333333333
33,62.0,0.6290322580645161
34,63.0,0.5
35,75.0,0.94
36,77.0,0.814935064935065
37,79.0,0.6930379746835443
38,128.0,0.73046875
39,220.0,1.231818181818182
