,ask12qty,ask12tomid,ask1qty,ask1tomid,bid12qty,bid12tomid,bid1qty,bid1tomid,twspr1,twspr2
6JZ5_20151202,136.18512601698131,1.5525330797441734,38.40416778966825,0.8251520422813173,142.5522723421417,1.5251808039087291,41.876238485372625,0.8251520422813173,1.6503040931484836,3.6503041559700655
