,Li,lamb,Co,Al,u,eta
0,1.0,0.9927197087883516,699.0,1209.0,0.2890818858560794,0.28697728554303464
1,2.0,0.007280291211648466,2.0,12.0,-0.33333333333333337,-0.0024267637372161555
