,Li,lamb,Co,Al,u,eta
0,1.0,0.9705735660847881,1772.0,2119.0,0.4181217555450684,0.40581792333700906
1,2.0,0.028678304239401497,25.0,90.0,-0.2222222222222222,-0.006372956497644777
2,3.0,0.0007481296758104738,0.0,3.0,-1.0,-0.0007481296758104738
