,Trade Qty,Avg_Cost
0,1.0,0.25440074906367044
1,2.0,0.2540688872066616
2,3.0,0.252755376344086
3,4.0,0.2526895491803279
4,5.0,0.2542003231017771
5,6.0,0.25548780487804884
6,7.0,0.25308641975308643
7,8.0,0.250936329588015
8,9.0,0.25135975135975136
9,10.0,0.25674157303370787
10,11.0,0.2542372881355932
11,12.0,0.2640449438202247
12,13.0,0.25132625994694957
13,14.0,0.2542372881355932
14,15.0,0.25
15,16.0,0.2604166666666667
16,17.0,0.25
17,18.0,0.2606837606837607
18,19.0,0.25
19,20.0,0.2846774193548387
20,21.0,0.25
21,22.0,0.2619047619047619
22,23.0,0.25
23,24.0,0.25
24,25.0,0.25
25,26.0,0.25
26,27.0,0.25
27,28.0,0.25
28,29.0,0.25
29,30.0,0.39761904761904765
30,31.0,0.3649193548387097
31,32.0,0.25
32,33.0,0.25
33,34.0,0.25
34,35.0,0.25
35,36.0,0.25
36,37.0,0.25
37,38.0,0.25
38,39.0,0.3125
39,40.0,0.41250000000000003
40,41.0,0.25
41,42.0,0.25
42,43.0,0.25
43,44.0,0.25
44,46.0,0.2608695652173913
45,47.0,0.25
46,50.0,0.25
47,54.0,0.6851851851851852
48,56.0,0.36607142857142855
49,67.0,0.25
50,74.0,0.5
51,98.0,0.25
52,100.0,0.605
53,104.0,0.42788461538461536
54,188.0,0.8138297872340425
55,222.0,0.6576576576576577
56,418.0,1.5873205741626795
