,Li,lamb,Co,Al,u,eta
0,1.0,0.9850307404437316,1616.0,2068.0,0.390715667311412,0.38486694307472685
1,2.0,0.013900026730820636,17.0,35.0,-0.014285714285714235,-0.0001985718104402941
2,3.0,0.0008019246190858059,1.0,2.0,-0.25,-0.00020048115477145148
3,4.0,0.0002673082063619353,1.0,0.0,inf,inf
