,ask12qty,ask12tomid,ask1qty,ask1tomid,bid12qty,bid12tomid,bid1qty,bid1tomid,twspr1,twspr2
6JH5_20150303,199.79945439367748,1.571697766524229,63.94042624640829,0.861581509753353,193.12684838988324,1.6038347253818364,60.53679992259712,0.861581509753353,1.723163019506706,3.9889388983238834
