,ask12qty,ask12tomid,ask1qty,ask1tomid,bid12qty,bid12tomid,bid1qty,bid1tomid,twspr1,twspr2
6JH5_20150306,212.69354599742672,1.232339551239226,68.83687030241457,0.5304572199304619,215.58987994285425,1.2423174572591318,65.92913859306074,0.5304572199304619,1.0609144398609238,3.0612288839232313
