,Trade Qty,Avg_Cost
0,1.0,0.5054744525547445
1,2.0,0.5063131313131313
2,3.0,0.5158460667798528
3,4.0,0.5166040100250626
4,5.0,0.5787790697674419
5,6.0,0.5216666666666666
6,7.0,0.5102678571428572
7,8.0,0.5193548387096775
8,9.0,0.501338688085676
9,10.0,0.5127167630057804
10,11.0,0.5074866310160429
11,12.0,0.53125
12,13.0,0.5
13,14.0,0.5
14,15.0,0.5291666666666667
15,16.0,0.5
16,17.0,0.5172413793103449
17,18.0,0.5681818181818182
18,19.0,0.5
19,20.0,0.5108108108108108
20,21.0,0.5
21,22.0,0.5
22,23.0,0.5
23,24.0,0.5
24,25.0,0.5819047619047618
25,26.0,0.5664335664335665
26,27.0,0.5339506172839507
27,28.0,0.5476190476190477
28,29.0,0.5
29,30.0,0.5
30,31.0,0.5
31,32.0,0.5
32,33.0,0.6558441558441558
33,34.0,0.5
34,35.0,0.5
35,36.0,0.5
36,37.0,0.5337837837837838
37,38.0,0.5
38,39.0,0.5
39,40.0,0.5375
40,41.0,0.5
41,42.0,0.5
42,43.0,0.5
43,44.0,0.5
44,45.0,0.5
45,46.0,0.5
46,47.0,1.5
47,48.0,0.5
48,49.0,0.5
49,50.0,0.5
50,51.0,0.7450980392156863
51,52.0,0.5
52,53.0,0.5
53,54.0,0.5
54,55.0,0.5
55,56.0,1.0
56,57.0,0.5
57,58.0,0.7629310344827587
58,59.0,0.5
59,60.0,0.5
60,61.0,0.8934426229508197
61,64.0,1.296875
62,65.0,1.2538461538461538
63,72.0,0.5
64,77.0,0.5
65,80.0,0.5
66,100.0,0.5
67,102.0,0.5
68,116.0,1.7758620689655173
69,171.0,0.5
