,chgavg,dt_alt,dt_avg,dt_cont,duration,eta1,ndfpr,rvp,rvx,rvxe,spot_avg,M,S1,Volume
6JH5_20150119,1.0099750623441397,32.579669491000004,35.859359102,40.792664634000005,78.07099137680238,0.34929842775036657,401.0,0.0023920125989447902,0.002004686791010314,0.0019992945219543643,8516.559701492537,1693.0,0.9777553083923155,7118.0
