,ask12qty,ask12tomid,ask1qty,ask1tomid,bid12qty,bid12tomid,bid1qty,bid1tomid,twspr1,twspr2
6JH5_20150116,140.29774525562135,1.3033701714636161,32.95743357283693,0.5191194511717521,140.2333181364658,1.2967167968242672,34.130024674251715,0.5191194511717521,1.0382389023435041,3.0382801289073424
