,ask12qty,ask12tomid,ask1qty,ask1tomid,bid12qty,bid12tomid,bid1qty,bid1tomid,twspr1,twspr2
6JH5_20150226,166.53630523717047,1.6636909050651125,51.209286984330156,0.968696783830765,156.8252451450568,1.6771639128266576,47.52493611676251,0.968696783830765,1.93739356766153,3.9486398119454535
