,Li,lamb,Co,Al,u,eta
0,1.0,0.9993781094527363,538.0,1068.0,0.25187265917602997,0.25171602195017423
1,2.0,0.0006218905472636816,0.0,1.0,-0.5,-0.0003109452736318408
