,ask12qty,ask12tomid,ask1qty,ask1tomid,bid12qty,bid12tomid,bid1qty,bid1tomid,twspr1,twspr2
6JH5_20150120,154.0532781858878,1.8120850198939407,44.786614604785214,1.0590608446747294,153.26639803558652,1.7963688659459225,45.27943837746703,1.0590608446747294,2.1181216893494588,4.13772418454229
