,ask12qty,ask12tomid,ask1qty,ask1tomid,bid12qty,bid12tomid,bid1qty,bid1tomid,twspr1,twspr2
6JH5_20150121,121.30301596989338,2.5374906564567246,34.8000182469281,1.5259174906181572,124.06355279215067,2.2697012295961,36.83146083760066,1.5259174906181572,3.0518349812363144,5.547090624187602
