,Li,lamb,Co,Al,u,eta
0,1.0,0.9868544600938968,801.0,1300.0,0.3080769230769231,0.3040270855904659
1,2.0,0.0107981220657277,1.0,22.0,-0.4545454545454546,-0.004908237302603501
2,3.0,0.0009389671361502347,0.0,2.0,-1.0,-0.0009389671361502347
3,4.0,0.00046948356807511736,1.0,0.0,inf,inf
4,8.0,0.00046948356807511736,0.0,1.0,-3.5,-0.0016431924882629107
5,10.0,0.00046948356807511736,0.0,1.0,-4.5,-0.002112676056338028
