,ask12qty,ask12tomid,ask1qty,ask1tomid,bid12qty,bid12tomid,bid1qty,bid1tomid,twspr1,twspr2
6JH5_20150312,156.73640846924317,1.5257061289653722,47.751702632680285,0.8323397689084585,155.08129576233816,1.5534350053343513,42.87943449115535,0.8323397689084585,1.664679537816917,3.664692470513221
