,ask12qty,ask12tomid,ask1qty,ask1tomid,bid12qty,bid12tomid,bid1qty,bid1tomid,twspr1,twspr2
6JH5_20150122,116.31949521869117,1.8384382676830207,30.602058420699528,1.0943089748861483,116.56804493471881,1.829850723252434,31.442047816180086,1.0943089748861483,2.1886179497722966,4.1886180734401615
