,chgavg,dt_alt,dt_avg,dt_cont,duration,eta1,ndfpr,rvp,rvx,rvxe,spot_avg,M,S1,Volume
6JH5_20150121,1.0027369141293192,8.694686851,9.848889839,11.518202861,10.994053548831973,0.3427189585780249,2923.0,0.006381860940294515,0.005287488587421276,0.005283617857317936,8506.408686730507,20401.0,0.995806738904557,94951.0
