,Trade Qty,Avg_Cost
0,1.0,0.5115530303030303
1,2.0,0.5082001245588541
2,3.0,0.5057629338572364
3,4.0,0.5055858310626703
4,5.0,0.5125298329355609
5,6.0,0.5077854671280276
6,7.0,0.5103700016592002
7,8.0,0.5055473372781065
8,9.0,0.5092230902777778
9,10.0,0.5163447251114412
10,11.0,0.5085813891123626
11,12.0,0.5114306784660767
12,13.0,0.5059615384615384
13,14.0,0.514365522745411
14,15.0,0.5105855855855856
15,16.0,0.5300099206349206
16,17.0,0.5055555555555555
17,18.0,0.534795321637427
18,19.0,0.5169779286926994
19,20.0,0.5646341463414634
20,21.0,0.5493827160493827
21,22.0,0.5978428351309707
22,23.0,0.5602006688963211
23,24.0,0.5455426356589148
24,25.0,0.5565
25,26.0,0.5528846153846154
26,27.0,0.5317460317460317
27,28.0,0.548941798941799
28,29.0,0.5476190476190477
29,30.0,0.6833333333333333
30,31.0,0.589605734767025
31,32.0,0.8734375
32,33.0,0.8265993265993266
33,34.0,0.638655462184874
34,35.0,0.6446428571428572
35,36.0,0.5802469135802469
36,37.0,0.5630630630630631
37,38.0,0.7
38,39.0,13.75
39,40.0,0.6375
40,41.0,0.5
41,42.0,0.5105820105820106
42,43.0,0.625
43,44.0,0.6318181818181818
44,45.0,1.0
45,46.0,0.8333333333333334
46,47.0,0.5
47,48.0,0.6319444444444445
48,49.0,0.5
49,50.0,0.8366666666666668
50,51.0,0.5
51,52.0,0.5
52,53.0,1.3254716981132075
53,54.0,0.5
54,55.0,0.5
55,56.0,0.7892857142857143
56,57.0,0.6666666666666666
57,59.0,0.9576271186440678
58,60.0,0.5
59,61.0,1.0
60,62.0,1.1666666666666667
61,63.0,0.8333333333333334
62,64.0,1.5
63,67.0,0.5
64,68.0,0.8455882352941176
65,69.0,0.8333333333333334
66,72.0,0.5
67,74.0,0.6621621621621622
68,75.0,0.7566666666666667
69,76.0,1.486842105263158
70,82.0,2.5609756097560976
71,83.0,0.5
72,84.0,0.5
73,86.0,1.3604651162790697
74,87.0,1.5
75,88.0,2.5
76,92.0,1.5
77,94.0,0.5
78,95.0,1.4578947368421051
79,97.0,1.2783505154639174
80,98.0,0.5
81,99.0,1.7323232323232323
82,100.0,1.2225
83,103.0,1.441747572815534
84,104.0,0.5
85,106.0,0.5
86,109.0,1.4724770642201834
87,111.0,0.7792792792792793
88,127.0,1.2322834645669292
89,159.0,0.9842767295597484
