,chgavg,dt_alt,dt_avg,dt_cont,duration,eta1,ndfpr,rvp,rvx,rvxe,spot_avg,M,S1,Volume
6JH5_20150312,1.0059820538384845,26.104409295,28.675270189000003,33.870107462,31.732499910543144,0.24962894123060683,1003.0,0.0038719575086914276,0.002751845709737432,0.0027358548221051095,8252.580677290836,8295.0,0.9920236601541494,42761.0
