,chgavg,dt_alt,dt_avg,dt_cont,duration,eta1,ndfpr,rvp,rvx,rvxe,spot_avg,M,S1,Volume
6JH5_20150227,1.0634278002699056,16.931138257,19.431648448,25.654348235,15.280572272157933,0.19756135206050318,1482.0,0.005504839957554972,0.004039042691218872,0.0034602755965054263,8364.846931894808,9952.0,0.9829187396351575,55861.0
