,ask12qty,ask12tomid,ask1qty,ask1tomid,bid12qty,bid12tomid,bid1qty,bid1tomid,twspr1,twspr2
6JH5_20150304,174.63634714466087,1.6767383267620588,50.91818901708803,0.9720035124238575,178.59405312286296,1.6494147409008033,55.400273422549326,0.9720035124238575,1.944007024847715,4.034217565522631
