,Li,lamb,Co,Al,u,eta
0,1.0,0.9928840519045625,864.0,1507.0,0.28666224286662245,0.28462236922546186
1,2.0,0.006697362913352867,3.0,13.0,-0.26923076923076916,-0.0018031361689796177
2,5.0,0.0004185851820845542,1.0,0.0,inf,inf
