,chgavg,dt_alt,dt_avg,dt_cont,duration,eta1,ndfpr,rvp,rvx,rvxe,spot_avg,M,S1,Volume
6JH5_20150120,1.004035874439462,12.141958158000001,12.912070852000001,14.286304402,14.354775338039095,0.27782157186688694,2230.0,0.005628949013410538,0.004201013166554183,0.004195901599756219,8440.08830121022,15887.0,0.9941919191919192,69411.0
