,ask12qty,ask12tomid,ask1qty,ask1tomid,bid12qty,bid12tomid,bid1qty,bid1tomid,twspr1,twspr2
6JH5_20150107,141.96652062213002,1.973969436181953,42.18285436081944,1.2613410664240565,131.80180037087703,2.0827311293017527,37.61429572231574,1.2613410664240565,2.522682132848113,4.737678641236148
