,ask12qty,ask12tomid,ask1qty,ask1tomid,bid12qty,bid12tomid,bid1qty,bid1tomid,twspr1,twspr2
6JH5_20150129,148.04977347202092,1.6300680163645753,44.165520697188974,0.9360904747116908,141.8540253090996,1.6594777698373218,40.39643186123549,0.9360904747116908,1.8721809494233816,3.8778451166216708
