,ask12qty,ask12tomid,ask1qty,ask1tomid,bid12qty,bid12tomid,bid1qty,bid1tomid,twspr1,twspr2
6JH5_20150128,140.32564298036957,1.7587094047260659,44.398666599318474,1.0434312438868263,133.32283661858443,1.759481010725917,39.56200729418345,1.0434312438868263,2.0868624877736526,4.107958249109117
