,chgavg,dt_alt,dt_avg,dt_cont,duration,eta1,ndfpr,rvp,rvx,rvxe,spot_avg,M,S1,Volume
6JH5_20150126,1.0015420200462606,18.977176056,22.182744024,28.383628378,24.86551485818921,0.26077373123497666,1297.0,0.004270723968184852,0.00308604449327522,0.003084241813999098,8452.248844375963,9671.0,0.9926748971193415,42297.0
