,Li,lamb,Co,Al,u,eta
0,1.0,0.9628099173553719,882.0,1447.0,0.3047684865238424,0.2934341213225425
1,2.0,0.028512396694214875,11.0,58.0,-0.31034482758620685,-0.00884867483613565
2,3.0,0.006198347107438017,2.0,13.0,-0.7692307692307692,-0.004767959313413859
3,4.0,0.002066115702479339,1.0,4.0,-1.0,-0.002066115702479339
4,5.0,0.00041322314049586776,1.0,0.0,inf,inf
