,Li,lamb,Co,Al,u,eta
0,1.0,1.0,301.0,810.0,0.18580246913580245,0.18580246913580245
