,ask12qty,ask12tomid,ask1qty,ask1tomid,bid12qty,bid12tomid,bid1qty,bid1tomid,twspr1,twspr2
6JH5_20150211,166.75408094950257,1.4674106202126929,53.3113894408684,0.7916427507293528,159.02828700547192,1.5439280138107592,44.58210899291949,0.7916427507293528,1.5832855014587055,3.583568841418333
