,ask12qty,ask12tomid,ask1qty,ask1tomid,bid12qty,bid12tomid,bid1qty,bid1tomid,twspr1,twspr2
6JH5_20150126,155.02669901690726,1.647842493962034,48.4223875540121,0.925563207098858,157.60040390202641,1.6517801061490291,46.7943860759171,0.925563207098858,1.851126414197716,3.86377798787781
