,chgavg,dt_alt,dt_avg,dt_cont,duration,eta1,ndfpr,rvp,rvx,rvxe,spot_avg,M,S1,Volume
6JH5_20150309,1.0038535645472062,21.482105540000003,27.743540462000002,44.685594982000005,30.85682960697309,0.1843003020499532,1038.0,0.003924753965010176,0.002390246960951434,0.002382815728918007,8256.280076997113,9410.0,0.9910953574824933,53098.0
