,chgavg,dt_alt,dt_avg,dt_cont,duration,eta1,ndfpr,rvp,rvx,rvxe,spot_avg,M,S1,Volume
6JH5_20150123,1.0215962441314554,12.862935897000002,13.515515492,14.604767123,13.545304435409337,0.3040270855904659,2130.0,0.0057572389763402825,0.004593929461055425,0.004489369925794002,8495.009385265133,13661.0,0.9911922169132462,58431.0
