,chgavg,dt_alt,dt_avg,dt_cont,duration,eta1,ndfpr,rvp,rvx,rvxe,spot_avg,M,S1,Volume
6JH5_20150202,1.026137463697967,12.031009174000001,13.938826234,17.253029062,14.346928495958238,0.29051524284887137,2066.0,0.005574715782413413,0.004313487198628565,0.004249346936378144,8524.52733430092,13895.0,0.9869647185564234,72302.0
