,ask12qty,ask12tomid,ask1qty,ask1tomid,bid12qty,bid12tomid,bid1qty,bid1tomid,twspr1,twspr2
6JH5_20150202,158.9672993035151,2.1366102480058995,46.968746055027204,1.2195220567006377,157.91071982762605,1.9487699304759203,47.26026941757593,1.2195220567006377,2.4390441134012755,4.713858782659329
