,chgavg,dt_alt,dt_avg,dt_cont,duration,eta1,ndfpr,rvp,rvx,rvxe,spot_avg,M,S1,Volume
6JH5_20150225,1.002389486260454,30.257107317000003,34.380011947,45.980457013000006,38.43411973106533,0.17983028020916778,837.0,0.003451985721241038,0.0020745046502842705,0.0020702147519743087,8410.949880668259,5902.0,0.9919944789510007,30497.0
