,chgavg,dt_alt,dt_avg,dt_cont,duration,eta1,ndfpr,rvp,rvx,rvxe,spot_avg,M,S1,Volume
6JH5_20150105,1.0039138943248533,12.611891006,14.089569471,16.687325581,15.6673785522062,0.2791943800799587,2044.0,0.005436105523607703,0.00406712459323213,0.0040621523958680305,8365.39511002445,16285.0,0.9946371291098637,82339.0
