,Trade Qty,Avg_Cost
0,1.0,0.5051880674448768
1,2.0,0.5051712992889463
2,3.0,0.5048337200309357
3,4.0,0.5063786929274844
4,5.0,0.5096320346320347
5,6.0,0.5039389463318562
6,7.0,0.5027165228507511
7,8.0,0.5134048257372654
8,9.0,0.5158730158730159
9,10.0,0.512962962962963
10,11.0,0.5073379535262944
11,12.0,0.5
12,13.0,0.5
13,14.0,0.5172518159806295
14,15.0,0.5104166666666666
15,16.0,0.5316091954022989
16,17.0,0.5186274509803922
17,18.0,0.5513468013468013
18,19.0,0.5244088482074751
19,20.0,0.5385714285714286
20,21.0,0.5216450216450217
21,22.0,0.5166666666666667
22,23.0,0.5284857571214393
23,24.0,0.5328282828282829
24,25.0,0.516
25,26.0,0.5384615384615384
26,27.0,0.5
27,28.0,0.5178571428571429
28,29.0,0.5
29,30.0,0.5546666666666666
30,31.0,0.5
31,32.0,0.5
32,33.0,0.5714285714285714
33,34.0,0.5
34,35.0,0.5
35,36.0,0.5208333333333334
36,37.0,0.6
37,38.0,0.5
38,39.0,0.9871794871794872
39,40.0,0.5
40,41.0,0.5
41,42.0,0.5
42,43.0,0.5
43,44.0,0.6590909090909091
44,45.0,0.5
45,46.0,0.5
46,47.0,0.75
47,48.0,1.4375
48,49.0,0.6938775510204082
49,50.0,0.51
50,51.0,0.5
51,52.0,0.5
52,53.0,0.8773584905660378
53,55.0,1.5
54,57.0,0.5
55,58.0,0.5
56,59.0,1.1271186440677965
57,60.0,0.5
58,62.0,1.1491935483870968
59,66.0,0.5
60,67.0,0.5746268656716418
61,70.0,0.5
62,73.0,1.5
63,75.0,1.42
64,84.0,1.4761904761904763
65,89.0,0.5
66,98.0,2.561224489795918
67,99.0,0.5
68,100.0,0.895
69,105.0,1.5
70,112.0,3.3392857142857144
71,123.0,1.451219512195122
72,174.0,0.5
