,ask12qty,ask12tomid,ask1qty,ask1tomid,bid12qty,bid12tomid,bid1qty,bid1tomid,twspr1,twspr2
6JH5_20150227,183.55296552303645,1.249381529433493,56.290321776428385,0.5314876730089538,187.64491383797323,1.24499165856806,57.95232662993263,0.5314876730089538,1.0629753460179077,3.0629775682547904
