,Li,lamb,Co,Al,u,eta
0,1.0,0.9944275582573455,671.0,1291.0,0.25987606506584043,0.25842792083295074
1,2.0,0.005572441742654508,0.0,11.0,-0.5,-0.002786220871327254
