,chgavg,dt_alt,dt_avg,dt_cont,duration,eta1,ndfpr,rvp,rvx,rvxe,spot_avg,M,S1,Volume
6JH5_20150213,1.0101522842639594,19.24171372,22.072146362,27.194834515,26.5555784442753,0.27842594412403227,1182.0,0.004147826891812328,0.003116381387479358,0.0030952125048255602,8421.200338123415,7537.0,0.9905315257155154,39041.0
