,Li,lamb,Co,Al,u,eta
0,1.0,0.9979381443298969,461.0,990.0,0.23282828282828283,0.23234822451317297
1,2.0,0.002061855670103093,0.0,3.0,-0.5,-0.0010309278350515464
