,chgavg,dt_alt,dt_avg,dt_cont,duration,eta1,ndfpr,rvp,rvx,rvxe,spot_avg,M,S1,Volume
6JH5_20150114,1.0060975609756098,7.732388778000001,8.779911890000001,10.454603952000001,9.688192796963186,0.3151447712498167,3280.0,0.006752767333620784,0.0053703588581717,0.005361074434891417,8563.855531850046,23154.0,0.9948078565328778,121976.0
