,Li,lamb,Co,Al,u,eta
0,1.0,0.990990990990991,416.0,903.0,0.230343300110742,0.22826813524487946
1,2.0,0.009009009009009009,0.0,12.0,-0.5,-0.0045045045045045045
