,Li,lamb,Co,Al,u,eta
0,1.0,0.997610513739546,221.0,613.0,0.1802610114192496,0.17983028020916778
1,2.0,0.0023894862604540022,0.0,2.0,-0.5,-0.0011947431302270011
