,Li,lamb,Co,Al,u,eta
0,1.0,0.9932279909706546,1640.0,2319.0,0.35360068995256577,0.35120610288742427
1,2.0,0.0065211938801103585,2.0,24.0,-0.41666666666666663,-0.0027171641167126493
2,3.0,0.00025081514923501377,0.0,1.0,-1.0,-0.00025081514923501377
