,chgavg,dt_alt,dt_avg,dt_cont,duration,eta1,ndfpr,rvp,rvx,rvxe,spot_avg,M,S1,Volume
6JH5_20150205,1.0101867572156198,21.611467484000002,24.423638370000003,30.81509116,26.688268657068566,0.22132470024992354,1178.0,0.004091085814417258,0.002746343419271076,0.002721877211320708,8516.746395250211,8544.0,0.9916563951834645,40314.0
