,ask12qty,ask12tomid,ask1qty,ask1tomid,bid12qty,bid12tomid,bid1qty,bid1tomid,twspr1,twspr2
6JH5_20150205,148.2743978135046,1.6297448573915587,44.84700465875835,0.9443763595684165,147.30079470859891,1.721164310848818,45.7300628994625,0.9443763595684165,1.888752719136833,4.059047967490702
