,chgavg,dt_alt,dt_avg,dt_cont,duration,eta1,ndfpr,rvp,rvx,rvxe,spot_avg,M,S1,Volume
6JH5_20150127,1.008371703641691,10.858296052,12.054516952,14.162864055,13.165475712654292,0.28462236922546186,2389.0,0.005831662524142316,0.004432862448287567,0.004399890781747329,8506.714225941423,16677.0,0.9910805065163139,71301.0
