,Li,lamb,Co,Al,u,eta
0,1.0,0.9951124144672532,300.0,717.0,0.20920502092050208,0.20818251348687303
1,2.0,0.004887585532746823,0.0,5.0,-0.5,-0.0024437927663734115
