,chgavg,dt_alt,dt_avg,dt_cont,duration,eta1,ndfpr,rvp,rvx,rvxe,spot_avg,M,S1,Volume
6JH5_20150313,1.0858310626702998,38.670662068000006,39.223482288,40.019315436,33.711325493665306,0.33804883937502156,734.0,0.003762008785435321,0.0031942088986574983,0.003093317708832478,8240.712925170068,2224.0,0.9163195759182128,7489.0
