,Li,lamb,Co,Al,u,eta
0,1.0,0.9916044776119403,302.0,760.0,0.1986842105263158,0.19701615278868814
1,2.0,0.008395522388059701,0.0,9.0,-0.5,-0.004197761194029851
