,ask12qty,ask12tomid,ask1qty,ask1tomid,bid12qty,bid12tomid,bid1qty,bid1tomid,twspr1,twspr2
6JH5_20150305,201.15905081939354,1.5846674466689088,64.75640993425672,0.9033460021499756,215.4404412298951,1.656365981701443,61.4889241864818,0.9033460021499756,1.8066920042999512,3.8499963361491023
