,Li,lamb,Co,Al,u,eta
0,1.0,0.9960861056751468,731.0,1304.0,0.2802914110429448,0.2791943800799587
1,2.0,0.003913894324853229,0.0,8.0,-0.5,-0.0019569471624266144
