,ask12qty,ask12tomid,ask1qty,ask1tomid,bid12qty,bid12tomid,bid1qty,bid1tomid,twspr1,twspr2
6JH5_20150123,113.97649875531175,1.297237093704905,30.091353412398604,0.5408163577102042,115.81676080634645,1.2998538830559723,30.145632292358698,0.5408163577102042,1.0816327154204084,3.0817202861388853
