,chgavg,dt_alt,dt_avg,dt_cont,duration,eta1,ndfpr,rvp,rvx,rvxe,spot_avg,M,S1,Volume
6JM5_20150529,1.0108368452739314,15.100287469000001,17.323319084,23.536107061000003,18.61053509120674,0.17912587355224113,1661.0,0.005173803449064427,0.0031872682633698234,0.003096735298637492,8064.605896510228,9353.0,0.9914635219572296,58439.0
