,Li,lamb,Co,Al,u,eta
0,1.0,0.9967585089141004,311.0,918.0,0.16938997821350765,0.16884090210908784
1,2.0,0.0032414910858995136,0.0,4.0,-0.5,-0.0016207455429497568
