,Li,lamb,Co,Al,u,eta
0,1.0,0.9871007371007371,560.0,1046.0,0.2676864244741874,0.26423346691033117
1,2.0,0.009828009828009828,1.0,15.0,-0.43333333333333335,-0.004258804258804259
2,3.0,0.002457002457002457,0.0,4.0,-1.0,-0.002457002457002457
3,5.0,0.0006142506142506142,0.0,1.0,-2.0,-0.0012285012285012285
