,ask12qty,ask12tomid,ask1qty,ask1tomid,bid12qty,bid12tomid,bid1qty,bid1tomid,twspr1,twspr2
6JM5_20150504,263.886020328645,1.4454609393373348,83.38498018015405,0.7483314789261594,286.15899296110814,1.441823911534792,94.13413907088028,0.7483314789261594,1.4966629578523187,3.4966639892650564
