,ask12qty,ask12tomid,ask1qty,ask1tomid,bid12qty,bid12tomid,bid1qty,bid1tomid,twspr1,twspr2
6JM5_20150528,212.94921969795416,1.3315055528278328,69.37692633932636,0.6421638283955926,198.5673427257465,1.3137209681670596,66.45149752739985,0.6421638283955926,1.2843276567911852,3.284444241408251
