,Trade Qty,Avg_Cost
0,1.0,0.5243939393939394
1,2.0,0.5021671826625387
2,3.0,0.5013149243918474
3,4.0,0.5013568521031208
4,5.0,0.5452579034941764
5,6.0,0.5
6,7.0,0.5014925373134328
7,8.0,0.5012295081967213
8,9.0,0.5
9,10.0,0.5023121387283237
10,11.0,0.504381161007667
11,12.0,0.5072355289421158
12,13.0,0.5041666666666667
13,14.0,0.5
14,15.0,0.5
15,16.0,0.5068359375
16,17.0,0.5028462998102466
17,18.0,0.5136054421768707
18,19.0,0.5106595602931379
19,20.0,0.5
20,21.0,0.5
21,22.0,0.5181818181818182
22,23.0,0.5
23,24.0,0.5
24,25.0,0.5740740740740741
25,26.0,0.5
26,27.0,0.5
27,28.0,0.5
28,29.0,0.5
29,30.0,0.510144927536232
30,31.0,0.5691244239631337
31,32.0,0.5607638888888888
32,33.0,0.5
33,34.0,0.5
34,35.0,0.5
35,36.0,0.5
36,37.0,0.5
37,38.0,0.5
38,39.0,0.5
39,40.0,0.5
40,41.0,0.5
41,42.0,0.5
42,43.0,0.5
43,44.0,0.5
44,45.0,0.8555555555555555
45,46.0,0.5
46,47.0,0.5
47,48.0,0.5
48,49.0,0.5
49,50.0,0.5
50,51.0,0.5
51,52.0,0.5
52,53.0,0.5
53,54.0,0.5
54,55.0,0.75
55,56.0,0.5
56,57.0,0.8157894736842106
57,58.0,0.5
58,59.0,0.5
59,60.0,0.675
60,64.0,0.5
61,66.0,0.5
62,69.0,0.5
63,70.0,0.6952380952380951
64,72.0,1.125
65,76.0,0.5
66,85.0,0.5
67,93.0,1.2096774193548387
68,94.0,0.5
69,96.0,0.5
70,97.0,0.5
71,100.0,0.5
72,103.0,0.5
73,120.0,1.3166666666666667
74,126.0,0.5
75,137.0,1.5
