,Li,lamb,Co,Al,u,eta
0,1.0,0.9948979591836735,446.0,723.0,0.3084370677731674,0.3068634092641206
1,2.0,0.004251700680272109,0.0,5.0,-0.5,-0.0021258503401360546
2,3.0,0.0008503401360544217,0.0,1.0,-1.0,-0.0008503401360544217
