,ask12qty,ask12tomid,ask1qty,ask1tomid,bid12qty,bid12tomid,bid1qty,bid1tomid,twspr1,twspr2
6JM5_20150420,234.08831147417618,1.2555401017822616,68.6908251756732,0.5274024210564954,233.78996987804635,1.2281517103711943,75.03593301569829,0.5274024210564954,1.0548048421129907,3.0548048768401075
