,Li,lamb,Co,Al,u,eta
0,1.0,0.9865470852017937,41.0,178.0,0.1151685393258427,0.11361918677885827
1,2.0,0.013452914798206279,0.0,3.0,-0.5,-0.006726457399103139
