,ask12qty,ask12tomid,ask1qty,ask1tomid,bid12qty,bid12tomid,bid1qty,bid1tomid,twspr1,twspr2
6JM5_20150323,212.7256537628059,1.6795442148362514,66.3006642442984,0.9103837380566485,227.6788230972667,1.6190112325575188,70.91611544155418,0.9103837380566485,1.820767476113297,4.168294846196548
