,chgavg,dt_alt,dt_avg,dt_cont,duration,eta1,ndfpr,rvp,rvx,rvxe,spot_avg,M,S1,Volume
6JM5_20150408,1.008649367930805,16.909007889,19.127326014,23.731493852,20.984347538773296,0.24156875869020442,1503.0,0.0047115455431032275,0.0032900423139429085,0.0032749055192863802,8339.910239361701,9471.0,0.9902879243661367,52094.0
