,chgavg,dt_alt,dt_avg,dt_cont,duration,eta1,ndfpr,rvp,rvx,rvxe,spot_avg,M,S1,Volume
6JM5_20150331,1.0087994971715901,14.665203315000001,18.080743557,26.900049549000002,19.840154663340144,0.1943873777631687,1591.0,0.004842826834453826,0.0030379469930546087,0.0030195899320754702,8344.513819095477,9166.0,0.9865047233468286,47536.0
