,chgavg,dt_alt,dt_avg,dt_cont,duration,eta1,ndfpr,rvp,rvx,rvxe,spot_avg,M,S1,Volume
6JM5_20150520,1.0035659704533877,12.3599048,14.665998981000001,18.538360163,16.313854247101748,0.2981056406260925,1963.0,0.005399702821715527,0.004177384238721131,0.004169365354424342,8253.237780040734,11715.0,0.9910907127429806,82111.0
