,ask12qty,ask12tomid,ask1qty,ask1tomid,bid12qty,bid12tomid,bid1qty,bid1tomid,twspr1,twspr2
6JM5_20150324,216.6997227616722,1.5252268641906983,65.57753835106435,0.8132443270333471,220.5091281382829,1.509751609008305,67.73903225000454,0.8132443270333471,1.6264886540666943,3.626488778066304
