,ask12qty,ask12tomid,ask1qty,ask1tomid,bid12qty,bid12tomid,bid1qty,bid1tomid,twspr1,twspr2
6JM5_20150608,215.18855650485182,1.3931387123289256,65.74993707449423,0.687395816290683,218.25326660487258,1.3788519698580728,69.01590208709966,0.687395816290683,1.374791632581366,3.3747916638642423
