,chgavg,dt_alt,dt_avg,dt_cont,duration,eta1,ndfpr,rvp,rvx,rvxe,spot_avg,M,S1,Volume
6JM5_20150318,1.1130847696095674,4.443089868,5.0648826940000005,6.107128449,3.145737030069686,0.28608504999508905,5686.0,0.012208907038556462,0.010387932371612106,0.009235052452460514,8312.554598206436,27296.0,0.9525604486531213,127644.0
