,chgavg,dt_alt,dt_avg,dt_cont,duration,eta1,ndfpr,rvp,rvx,rvxe,spot_avg,M,S1,Volume
6JM5_20150406,1.0105337078651686,17.476273148,20.217721207,28.907204081000003,22.02281628465973,0.15930009802474865,1424.0,0.004567976543471542,0.002609128316753372,0.00257837976679401,8396.769122807018,7022.0,0.9873181648638568,38099.0
