,Li,lamb,Co,Al,u,eta
0,1.0,0.9974921630094044,562.0,1028.0,0.2733463035019455,0.2726607955307807
1,2.0,0.0025078369905956114,1.0,3.0,-0.16666666666666674,-0.00041797283176593544
