,ask12qty,ask12tomid,ask1qty,ask1tomid,bid12qty,bid12tomid,bid1qty,bid1tomid,twspr1,twspr2
6JM5_20150605,219.52240741446116,1.1920168963007798,76.03784442266284,0.5169821447836033,226.0232390972472,1.203199609945617,76.4674609339993,0.5169821447836033,1.0339642895672065,3.034121442110347
