,ask12qty,ask12tomid,ask1qty,ask1tomid,bid12qty,bid12tomid,bid1qty,bid1tomid,twspr1,twspr2
6JM5_20150429,189.34860108276374,1.5062834090582022,57.984625228825195,0.7553954349495132,192.60144348020043,1.447496370754427,61.59529023663915,0.7553954349495132,1.5107908698990264,3.6112443859034213
