,Li,lamb,Co,Al,u,eta
0,1.0,0.9870466321243523,510.0,1013.0,0.25172754195459035,0.24846682249922
1,2.0,0.011010362694300517,1.0,16.0,-0.4375,-0.0048170336787564765
2,3.0,0.0019430051813471502,1.0,2.0,-0.25,-0.00048575129533678756
