,Li,lamb,Co,Al,u,eta
0,1.0,0.9959100204498977,278.0,695.0,0.2,0.19918200408997955
1,2.0,0.003067484662576687,1.0,2.0,0.0,0.0
2,3.0,0.0010224948875255625,0.0,1.0,-1.0,-0.0010224948875255625
