,ask12qty,ask12tomid,ask1qty,ask1tomid,bid12qty,bid12tomid,bid1qty,bid1tomid,twspr1,twspr2
6JM5_20150406,218.09294929454376,1.7625349597496625,66.71636714312993,0.9678099344185637,197.52048530567214,2.1048333017862473,59.20207217377076,0.9678099344185637,1.9356198688371273,4.587200628241236
