,Li,lamb,Co,Al,u,eta
0,1.0,0.9990714948932219,362.0,713.0,0.2538569424964937,0.25362123502899464
1,2.0,0.0009285051067780873,0.0,1.0,-0.5,-0.00046425255338904364
