,Trade Qty,Avg_Cost
0,1.0,0.5313455657492355
1,2.0,0.5122615803814714
2,3.0,0.5165876777251185
3,4.0,0.5096685082872928
4,5.0,0.5245033112582782
5,6.0,0.5803212851405622
6,7.0,0.5512820512820513
7,8.0,0.532608695652174
8,9.0,0.5202614379084968
9,10.0,0.5287128712871287
10,11.0,0.5
11,12.0,0.5263157894736842
12,13.0,0.5344827586206896
13,14.0,0.5277777777777778
14,15.0,0.5
15,16.0,0.5454545454545454
16,17.0,0.5454545454545454
17,18.0,0.5
18,19.0,0.5307017543859649
19,20.0,0.5294117647058824
20,21.0,0.5
21,22.0,0.5
22,23.0,0.5
23,24.0,0.7
24,25.0,0.666
25,26.0,0.625
26,27.0,0.5
27,28.0,0.6298701298701299
28,29.0,0.5
29,30.0,0.5
30,31.0,0.8118279569892474
31,35.0,1.4428571428571428
32,36.0,0.7407407407407408
33,37.0,0.5
34,38.0,1.8289473684210527
35,40.0,0.5
36,44.0,1.3484848484848484
37,49.0,1.2755102040816326
38,50.0,0.5
39,54.0,0.5
40,68.0,0.5
41,91.0,0.5
42,102.0,0.5
