,chgavg,dt_alt,dt_avg,dt_cont,duration,eta1,ndfpr,rvp,rvx,rvxe,spot_avg,M,S1,Volume
6JM5_20150317,1.0022446689113356,28.765610632,32.305300785,45.009072164,36.12021592709071,0.13945571630489978,891.0,0.003628893011696686,0.0019221876590111199,0.00191649337615483,8253.215246636772,6375.0,0.9944793940172038,35141.0
