,ask12qty,ask12tomid,ask1qty,ask1tomid,bid12qty,bid12tomid,bid1qty,bid1tomid,twspr1,twspr2
6JM5_20150413,201.3093202037961,1.4638842901560356,54.55786701020106,0.713223572256677,206.17592233656586,1.4394545405341925,57.56297499586525,0.713223572256677,1.426447144513354,3.4264471445133537
