,chgavg,dt_alt,dt_avg,dt_cont,duration,eta1,ndfpr,rvp,rvx,rvxe,spot_avg,M,S1,Volume
6JM5_20150504,1.001418439716312,32.972769685,40.848373049,61.43160204,45.76260071112009,0.19301970987732034,705.0,0.003195821020777052,0.001987955695061199,0.0019856297730082057,8325.967422096317,4878.0,0.9931984074319841,35434.0
