,chgavg,dt_alt,dt_avg,dt_cont,duration,eta1,ndfpr,rvp,rvx,rvxe,spot_avg,M,S1,Volume
6JM5_20150420,1.0113314447592068,24.320683593000002,27.190570349,34.743048275,29.482024930175726,0.1894865221085257,1059.0,0.003950923190242853,0.0024595296427995968,0.0024322193923862847,8390.643396226415,6237.0,0.9918000780944943,36519.0
