,Li,lamb,Co,Al,u,eta
0,1.0,0.9898911353032659,359.0,913.0,0.196604600219058,0.19461715091668805
1,2.0,0.00933125972006221,1.0,11.0,-0.40909090909090906,-0.003817333521843631
2,3.0,0.0007776049766718507,0.0,1.0,-1.0,-0.0007776049766718507
