,chgavg,dt_alt,dt_avg,dt_cont,duration,eta1,ndfpr,rvp,rvx,rvxe,spot_avg,M,S1,Volume
6JM5_20150316,1.006295907660021,24.753970000000002,30.193534102,45.226436507,33.36737926964778,0.1804131349205149,953.0,0.0037749211949292863,0.002278815143639806,0.002267550480165619,8254.74318658281,7236.0,0.99011769931157,40660.0
