,chgavg,dt_alt,dt_avg,dt_cont,duration,eta1,ndfpr,rvp,rvx,rvxe,spot_avg,M,S1,Volume
6JM5_20150407,1.0081447963800905,22.298018518000003,26.060980995,36.515278911,28.622181702459397,0.18202586133848528,1105.0,0.004044269182979479,0.0024557114192029646,0.0024401785171666215,8319.190777576854,7374.0,0.9923248053392658,45746.0
