,chgavg,dt_alt,dt_avg,dt_cont,duration,eta1,ndfpr,rvp,rvx,rvxe,spot_avg,M,S1,Volume
6JM5_20150428,1.011609907120743,17.621849284,22.278729876,33.409903141,24.233105382805647,0.20802419549463205,1292.0,0.004345193682359398,0.002842235523438034,0.00280272871345527,8415.091260634184,8703.0,0.9887412329272794,57185.0
