,chgavg,dt_alt,dt_avg,dt_cont,duration,eta1,ndfpr,rvp,rvx,rvxe,spot_avg,M,S1,Volume
6JM5_20150604,1.0027643400138218,16.132713878,19.901266067,30.001893401,22.207174034129192,0.1868034386914052,1447.0,0.004753209692367697,0.0029172396838505845,0.002905322885627614,8035.980662983426,9371.0,0.9939201918136668,60088.0
