,ask12qty,ask12tomid,ask1qty,ask1tomid,bid12qty,bid12tomid,bid1qty,bid1tomid,twspr1,twspr2
6JM5_20150318,185.98126947558904,1.4693662300442922,59.20542409822813,0.769426005220603,192.64494065786954,1.465868884022562,59.8752001072573,0.769426005220603,1.538852010441206,3.5528318756299178
