,ask12qty,ask12tomid,ask1qty,ask1tomid,bid12qty,bid12tomid,bid1qty,bid1tomid,twspr1,twspr2
6JM5_20150520,237.41432340936535,1.4393345750012483,72.84002517841176,0.692706804006086,233.332085253049,1.3816603033631303,77.50158647057218,0.692706804006086,1.385413608012172,3.4709925573617806
