,chgavg,dt_alt,dt_avg,dt_cont,duration,eta1,ndfpr,rvp,rvx,rvxe,spot_avg,M,S1,Volume
6JM5_20150507,1.0085397096498718,20.736187645,24.593190435,35.260791666,26.796626842309728,0.1798318857158857,1171.0,0.004157317032180489,0.0025464859563160904,0.0024932251065723342,8364.101535836178,8249.0,0.995116603547937,54312.0
