,Li,lamb,Co,Al,u,eta
0,1.0,0.9969434538970963,732.0,1224.0,0.29901960784313725,0.2981056406260925
1,2.0,0.0025471217524197657,1.0,4.0,-0.25,-0.0006367804381049414
2,3.0,0.0005094243504839531,0.0,1.0,-1.0,-0.0005094243504839531
