,chgavg,dt_alt,dt_avg,dt_cont,duration,eta1,ndfpr,rvp,rvx,rvxe,spot_avg,M,S1,Volume
6JM5_20150515,1.0089869281045751,20.021967441,23.519430555000003,31.710732782,25.774619925006835,0.21185968498117735,1224.0,0.004233289469699651,0.0027700752392944205,0.0027556060221780978,8375.262040816326,7646.0,0.9904537056045987,57197.0
