,Li,lamb,Co,Al,u,eta
0,1.0,0.9696048632218845,662.0,1251.0,0.26458832933653076,0.25654613087645384
1,2.0,0.022796352583586626,11.0,34.0,-0.17647058823529416,-0.0040228857500446994
2,3.0,0.005572441742654508,2.0,9.0,-0.6666666666666667,-0.0037149611617696724
3,4.0,0.0005065856129685917,0.0,1.0,-1.5,-0.0007598784194528876
4,7.0,0.001519756838905775,2.0,1.0,4.0,0.0060790273556231
