,chgavg,dt_alt,dt_avg,dt_cont,duration,eta1,ndfpr,rvp,rvx,rvxe,spot_avg,M,S1,Volume
6JM5_20150605,1.0035310734463276,16.518402275,20.335239406000003,28.617609375,22.61028671935078,0.23194935787997722,1416.0,0.004754732530505609,0.0032470183946985433,0.003238453582348857,7961.47212420607,10439.0,0.991951404707669,62764.0
