,Li,lamb,Co,Al,u,eta
0,1.0,0.9914122137404581,245.0,793.0,0.15447667087011352,0.15315005823859537
1,2.0,0.008587786259541985,1.0,8.0,-0.375,-0.0032204198473282444
