,chgavg,dt_alt,dt_avg,dt_cont,duration,eta1,ndfpr,rvp,rvx,rvxe,spot_avg,M,S1,Volume
6JM5_20150417,1.0184397163120567,16.909579487000002,20.414846099000002,28.335513824000003,21.457579913342347,0.22182907579092465,1410.0,0.004620301640715796,0.0031477774471182908,0.003077475204991827,8410.30616583983,8322.0,0.988144578313253,51598.0
