,ask12qty,ask12tomid,ask1qty,ask1tomid,bid12qty,bid12tomid,bid1qty,bid1tomid,twspr1,twspr2
6JM5_20150330,270.300394351489,1.4665419069541532,92.67635865922318,0.7895913488137286,253.58338463964407,1.4821873726358394,77.61459221637253,0.7895913488137286,1.5791826976274572,3.588032489581665
