,Trade Qty,Avg_Cost
0,1.0,0.5068040435458787
1,2.0,0.5066948555320648
2,3.0,0.5073402417962004
3,4.0,0.5062260536398467
4,5.0,0.5151950718685832
5,6.0,0.507366482504604
6,7.0,0.5037453183520599
7,8.0,0.5020161290322581
8,9.0,0.5101918465227817
9,10.0,0.5149851632047479
10,11.0,0.5
11,12.0,0.5059121621621622
12,13.0,0.5167757774140753
13,14.0,0.5168067226890757
14,15.0,0.5
15,16.0,0.5
16,17.0,0.5071428571428571
17,18.0,0.5089285714285714
18,19.0,0.5
19,20.0,0.5
20,21.0,0.5384615384615384
21,22.0,0.5
22,23.0,0.5246376811594203
23,24.0,0.5
24,25.0,0.5
25,26.0,0.5300480769230769
26,27.0,0.5161290322580645
27,28.0,0.5
28,29.0,0.5
29,30.0,0.5
30,31.0,1.9913978494623656
31,32.0,0.5010416666666667
32,33.0,0.5
33,34.0,0.5357142857142857
34,35.0,0.5285714285714286
35,36.0,0.5198412698412699
36,37.0,0.5
37,38.0,0.5578947368421052
38,39.0,0.6666666666666666
39,40.0,0.5
40,41.0,0.5548780487804879
41,42.0,0.5
42,43.0,0.5
43,44.0,0.5
44,45.0,0.5
45,46.0,0.625
46,47.0,0.5
47,48.0,0.5162037037037037
48,49.0,0.5
49,50.0,0.5
50,51.0,0.6691176470588236
51,52.0,0.5
52,53.0,0.5
53,54.0,0.8333333333333334
54,55.0,0.5
55,56.0,0.5
56,57.0,0.9824561403508771
57,58.0,0.5
58,59.0,0.5
59,60.0,0.5
60,62.0,0.5
61,63.0,1.0
62,65.0,0.5
63,67.0,0.5
64,69.0,0.5
65,74.0,1.5
66,75.0,0.5
67,76.0,0.5
68,77.0,0.5
69,79.0,0.5
70,80.0,0.5
71,81.0,2.8549382716049383
72,89.0,0.5
73,90.0,0.5
74,91.0,0.5
75,92.0,2.141304347826087
76,96.0,0.5
77,99.0,0.5
78,101.0,0.9356435643564357
79,105.0,1.0
80,108.0,1.462962962962963
81,126.0,1.0
82,129.0,2.643410852713178
83,138.0,2.0
84,142.0,1.7464788732394365
85,147.0,0.6020408163265306
86,164.0,0.5
