,ask12qty,ask12tomid,ask1qty,ask1tomid,bid12qty,bid12tomid,bid1qty,bid1tomid,twspr1,twspr2
6JM5_20150320,232.5157069908954,1.242856264237009,69.81793288710107,0.5192059751313052,238.08904511921926,1.2419087607229375,72.515151807665,0.5192059751313052,1.0384119502626104,3.038419867066447
