,Li,lamb,Co,Al,u,eta
0,1.0,0.9892839746712129,693.0,1337.0,0.2591623036649215,0.25638511385458135
1,2.0,0.01071602532878714,3.0,19.0,-0.3421052631578947,-0.0036660086651113897
