,ask12qty,ask12tomid,ask1qty,ask1tomid,bid12qty,bid12tomid,bid1qty,bid1tomid,twspr1,twspr2
6JM5_20150611,204.35984292544347,1.41859495622363,60.63603905055901,0.7501135293093533,213.56555658136045,1.5018302345579044,62.06696611267949,0.7501135293093533,1.5002270586187065,3.5002313546982005
