,chgavg,dt_alt,dt_avg,dt_cont,duration,eta1,ndfpr,rvp,rvx,rvxe,spot_avg,M,S1,Volume
6JM5_20150409,1.0015037593984963,17.523083505000002,21.653417293,32.732830083,24.25140514995467,0.1851550363512086,1330.0,0.004398553309794883,0.0026796423651328422,0.002676656386565352,8309.869271224643,8747.0,0.9954566966398486,57751.0
