,Trade Qty,Avg_Cost
0,1.0,0.5109748224661071
1,2.0,0.5062542258282623
2,3.0,0.5100755667506297
3,4.0,0.5153679653679654
4,5.0,0.5132530120481927
5,6.0,0.517346460384435
6,7.0,0.5157014157014156
7,8.0,0.5050747863247863
8,9.0,0.5132487196615454
9,10.0,0.5184475806451614
10,11.0,0.5100083402835697
11,12.0,0.5205761316872428
12,13.0,0.5255195041924899
13,14.0,0.5141369047619048
14,15.0,0.5095571095571096
15,16.0,0.5
16,17.0,0.5127450980392158
17,18.0,0.5
18,19.0,0.5133928571428571
19,20.0,0.5256637168141592
20,21.0,0.5061443932411674
21,22.0,0.5
22,23.0,0.5
23,24.0,0.5
24,25.0,0.5226415094339623
25,26.0,0.579020979020979
26,27.0,0.5131578947368421
27,28.0,0.5
28,29.0,0.5862068965517241
29,30.0,0.5653508771929825
30,31.0,0.5587096774193548
31,32.0,0.5294117647058824
32,33.0,0.512987012987013
33,34.0,0.5
34,35.0,0.5
35,36.0,0.5588235294117647
36,37.0,0.5
37,38.0,0.5
38,39.0,0.5357142857142857
39,40.0,0.6101851851851853
40,41.0,0.6219512195121951
41,42.0,0.6
42,43.0,0.5996677740863786
43,44.0,0.5
44,45.0,0.5
45,46.0,0.5
46,47.0,1.0
47,48.0,0.5
48,49.0,0.8816326530612244
49,50.0,0.7085714285714285
50,51.0,0.5
51,52.0,0.5
52,53.0,0.5
53,54.0,0.6333333333333333
54,55.0,0.5
55,56.0,0.5
56,57.0,0.6140350877192983
57,59.0,0.5
58,61.0,0.5
59,62.0,0.7204301075268816
60,63.0,0.5
61,64.0,0.7604166666666666
62,65.0,0.5
63,66.0,0.5
64,67.0,0.5
65,68.0,0.5
66,69.0,0.5
67,70.0,0.5
68,71.0,0.7018779342723005
69,73.0,0.5
70,77.0,0.5
71,79.0,0.5
72,80.0,0.5
73,81.0,0.5
74,83.0,0.75
75,85.0,0.5
76,86.0,0.5
77,88.0,1.0
78,89.0,0.5
79,102.0,0.5
80,103.0,0.5
81,117.0,0.5
82,121.0,1.0
83,122.0,0.5
84,127.0,0.5
85,128.0,0.5
86,139.0,0.5
