,chgavg,dt_alt,dt_avg,dt_cont,duration,eta1,ndfpr,rvp,rvx,rvxe,spot_avg,M,S1,Volume
6JM5_20150601,1.0322239830956155,13.283638081000001,15.204730586,20.349267441000002,15.334214009148276,0.18790446923976778,1893.0,0.005722426462383148,0.00365266907271903,0.003508033831669073,8032.699577613516,10842.0,0.9777218280308232,70680.0
