,chgavg,dt_alt,dt_avg,dt_cont,duration,eta1,ndfpr,rvp,rvx,rvxe,spot_avg,M,S1,Volume
6JM5_20150611,1.0629750271444083,29.400401709,31.264915309000003,34.586680597000004,8.239011172892546,0.2853838088735164,921.0,0.0077500669641760184,0.007324049246836453,0.005855110799014013,8091.508676789588,6794.0,0.9885939665280887,38168.0
