,Li,lamb,Co,Al,u,eta
0,1.0,0.9972222222222222,496.0,939.0,0.2641107561235357,0.2633771151343036
1,2.0,0.002777777777777778,0.0,4.0,-0.5,-0.001388888888888889
