,Li,lamb,Co,Al,u,eta
0,1.0,0.9958677685950413,475.0,970.0,0.2448453608247423,0.24383360313538385
1,2.0,0.004132231404958678,0.0,6.0,-0.5,-0.002066115702479339
