,chgavg,dt_alt,dt_avg,dt_cont,duration,eta1,ndfpr,rvp,rvx,rvxe,spot_avg,M,S1,Volume
6JM5_20150518,1.000999000999001,25.137984981000002,28.726817182,42.982318407,32.270703142514236,0.12581403558847165,1001.0,0.0037981387745291166,0.001908276248691898,0.0019052429927710062,8342.523952095808,7203.0,0.9950597426470589,48820.0
