,Li,lamb,Co,Al,u,eta
0,1.0,0.9985815602836879,196.0,507.0,0.1932938856015779,0.19301970987732034
1,2.0,0.0014184397163120568,0.0,1.0,-0.5,-0.0007092198581560284
