,ask12qty,ask12tomid,ask1qty,ask1tomid,bid12qty,bid12tomid,bid1qty,bid1tomid,twspr1,twspr2
6JM5_20150316,214.90294646555975,1.4555281284699473,63.02409907225748,0.7393255721087313,221.90678899870352,1.4430214678653601,65.1684553738662,0.7393255721087313,1.4786511442174626,3.4787006323462006
