,chgavg,dt_alt,dt_avg,dt_cont,duration,eta1,ndfpr,rvp,rvx,rvxe,spot_avg,M,S1,Volume
6JM5_20150325,1.000928505106778,21.902565826,26.738747446,36.345367403000004,29.999960549595396,0.25362123502899464,1077.0,0.0039223732515143985,0.0027946991917378694,0.0027935517625955336,8378.441558441558,8459.0,0.9974283265072864,52237.0
