,chgavg,dt_alt,dt_avg,dt_cont,duration,eta1,ndfpr,rvp,rvx,rvxe,spot_avg,M,S1,Volume
6JM5_20150608,1.0025078369905955,14.840116391,18.043804388,23.814834813,20.162463595560755,0.2726607955307807,1595.0,0.005005966720375371,0.003702663635874779,0.003696700827146859,8007.791353383459,10304.0,0.9938645542093818,68243.0
