,ask12qty,ask12tomid,ask1qty,ask1tomid,bid12qty,bid12tomid,bid1qty,bid1tomid,twspr1,twspr2
6JM5_20150501,297.5078341100873,1.2178801693256422,98.03046749027739,0.5200180401326804,261.51069926677974,1.2207058809293603,84.7510813436923,0.5200180401326804,1.0400360802653608,3.04045727364684
