,Li,lamb,Co,Al,u,eta
0,1.0,0.9905571293673276,290.0,758.0,0.1912928759894459,0.1894865221085257
1,2.0,0.007554296506137866,0.0,8.0,-0.5,-0.003777148253068933
2,3.0,0.0018885741265344666,0.0,2.0,-1.0,-0.0018885741265344666
