,Li,lamb,Co,Al,u,eta
0,1.0,0.9938217122683142,357.0,768.0,0.232421875,0.23098590578111208
1,2.0,0.00529567519858782,1.0,5.0,-0.30000000000000004,-0.0015887025595763464
2,3.0,0.00088261253309797,0.0,1.0,-1.0,-0.00088261253309797
