,Li,lamb,Co,Al,u,eta
0,1.0,0.997003745318352,435.0,895.0,0.2430167597765363,0.24228861967233695
1,2.0,0.00299625468164794,0.0,4.0,-0.5,-0.00149812734082397
