,Trade Qty,Avg_Cost
0,1.0,0.5025469595670169
1,2.0,0.5009529860228716
2,3.0,0.5030864197530864
3,4.0,0.501610305958132
4,5.0,0.5138353765323994
5,6.0,0.5029535864978903
6,7.0,0.5015576323987538
7,8.0,0.5034246575342466
8,9.0,0.5019277953031896
9,10.0,0.5058011049723756
10,11.0,0.5049261083743842
11,12.0,0.5102040816326531
12,13.0,0.5026525198938993
13,14.0,0.5
14,15.0,0.5
15,16.0,0.5079022988505747
16,17.0,0.5
17,18.0,0.5071428571428571
18,19.0,0.5015710919088767
19,20.0,0.50625
20,21.0,0.5
21,22.0,0.5
22,23.0,0.5
23,24.0,0.5345744680851063
24,25.0,0.5608
25,26.0,0.5
26,27.0,0.5504469987228607
27,28.0,0.5291005291005292
28,29.0,0.5875331564986738
29,30.0,0.5255555555555556
30,31.0,0.5669975186104218
31,32.0,0.5
32,33.0,0.5113636363636364
33,34.0,0.5833333333333334
34,35.0,0.6666666666666666
35,36.0,0.5
36,37.0,0.5
37,38.0,0.6
38,39.0,0.5
39,40.0,0.5
40,41.0,0.5592334494773519
41,42.0,0.5
42,43.0,0.563953488372093
43,44.0,0.5
44,45.0,0.75
45,46.0,0.5
46,47.0,0.5
47,48.0,0.5
48,49.0,0.6122448979591837
49,50.0,0.666923076923077
50,51.0,0.5
51,52.0,0.5
52,53.0,0.5
53,54.0,0.5
54,56.0,0.5
55,57.0,0.5
56,58.0,0.75
57,60.0,0.5
58,61.0,0.5
59,62.0,0.5
60,63.0,0.5
61,65.0,0.5
62,67.0,0.5
63,68.0,0.5
64,72.0,0.5
65,74.0,0.5
66,75.0,0.5
67,76.0,1.4342105263157894
68,78.0,0.5
69,82.0,0.8536585365853658
70,84.0,0.5
71,87.0,0.5
72,88.0,0.5
73,92.0,0.5
74,95.0,1.5
75,105.0,1.5
76,112.0,0.5
77,140.0,1.5
