,ask12qty,ask12tomid,ask1qty,ask1tomid,bid12qty,bid12tomid,bid1qty,bid1tomid,twspr1,twspr2
6JM5_20150407,263.1059795708471,1.559972806839957,82.00972317528743,0.839865176228343,262.22153557934996,1.532536765279164,80.91169499233273,0.839865176228343,1.679730352456686,3.706887904590018
