,ask12qty,ask12tomid,ask1qty,ask1tomid,bid12qty,bid12tomid,bid1qty,bid1tomid,twspr1,twspr2
6JM5_20150603,242.47606263055394,1.3278192129682969,80.24430360254584,0.6499669152337827,226.05232578811035,1.3329071279926001,74.6156934480984,0.6499669152337827,1.2999338304675654,3.2999531450525645
