,Li,lamb,Co,Al,u,eta
0,1.0,0.9878463782207098,427.0,1604.0,0.13310473815461343,0.1314870335100508
1,2.0,0.009722897423432183,2.0,18.0,-0.38888888888888884,-0.003781126775779182
2,3.0,0.0014584346135148275,1.0,2.0,-0.25,-0.00036460865337870687
3,4.0,0.0004861448711716091,0.0,1.0,-1.5,-0.0007292173067574136
4,5.0,0.0004861448711716091,1.0,0.0,inf,inf
