,ask12qty,ask12tomid,ask1qty,ask1tomid,bid12qty,bid12tomid,bid1qty,bid1tomid,twspr1,twspr2
6JM5_20150402,232.1289620910846,1.5408087515498394,69.98788072636191,0.7856998545399603,246.0902373760846,1.5284514134540652,71.483019642838,0.7856998545399603,1.5713997090799205,3.7389236155375443
