,chgavg,dt_alt,dt_avg,dt_cont,duration,eta1,ndfpr,rvp,rvx,rvxe,spot_avg,M,S1,Volume
6JM5_20150327,1.0041322314049588,16.905811475,19.827241046,25.871096842,22.04093190086808,0.24383360313538385,1452.0,0.004562115296797437,0.003191712358112065,0.0031858698714152737,8404.101169993117,8854.0,0.9936505015183583,43346.0
