,Trade Qty,Avg_Cost
0,1.0,0.5057393652937204
1,2.0,0.5025690430314708
2,3.0,0.50187265917603
3,4.0,0.5033167495854063
4,5.0,0.504313725490196
5,6.0,0.5019607843137256
6,7.0,0.5016447368421053
7,8.0,0.5040160642570282
8,9.0,0.5
9,10.0,0.5030035335689046
10,11.0,0.5078888054094666
11,12.0,0.5191885964912281
12,13.0,0.5
13,14.0,0.5
14,15.0,0.5
15,16.0,0.5
16,17.0,0.5
17,18.0,0.5
18,19.0,0.5136452241715399
19,20.0,0.5
20,21.0,0.5
21,22.0,0.5
22,23.0,0.5476190476190477
23,24.0,0.5
24,25.0,0.5
25,26.0,0.5
26,27.0,0.5
27,28.0,0.5261904761904762
28,29.0,0.5
29,30.0,0.5357142857142857
30,31.0,0.5
31,32.0,0.5
32,33.0,0.5
33,34.0,0.5
34,35.0,0.5
35,36.0,0.5
36,37.0,0.5
37,38.0,0.5
38,39.0,0.5
39,40.0,0.5
40,41.0,0.5
41,42.0,0.5
42,43.0,0.5
43,44.0,0.5
44,45.0,0.5
45,46.0,0.5
46,47.0,0.5
47,48.0,0.5
48,49.0,0.5
49,50.0,0.7400000000000001
50,51.0,0.5
51,52.0,0.5
52,54.0,0.5
53,55.0,0.5
54,56.0,0.5
55,57.0,0.5
56,58.0,0.5732758620689655
57,60.0,0.5
58,62.0,0.5
59,65.0,0.5
60,66.0,0.5
61,74.0,0.5
62,86.0,0.5
63,97.0,0.5
