,Li,lamb,Co,Al,u,eta
0,1.0,0.9753255654557916,468.0,954.0,0.24528301886792453,0.2392307990740621
1,2.0,0.021247429746401644,2.0,29.0,-0.43103448275862066,-0.009158374890690364
2,3.0,0.0027416038382453737,0.0,4.0,-1.0,-0.0027416038382453737
3,4.0,0.0006854009595613434,0.0,1.0,-1.5,-0.001028101439342015
