,Trade Qty,Avg_Cost
0,1.0,0.5076121794871795
1,2.0,0.5047923322683706
2,3.0,0.5019685039370079
3,4.0,0.5019417475728155
4,5.0,0.5750588235294117
5,6.0,0.503957783641161
6,7.0,0.505226480836237
7,8.0,0.5072222222222222
8,9.0,0.5
9,10.0,0.5075842696629214
10,11.0,0.5040276179516685
11,12.0,0.5
12,13.0,0.5
13,14.0,0.5097744360902255
14,15.0,0.5
15,16.0,0.5120614035087719
16,17.0,0.5
17,18.0,0.5
18,19.0,0.5
19,20.0,0.5
20,21.0,0.5
21,22.0,0.5
22,23.0,0.5
23,24.0,0.5228494623655915
24,25.0,0.5
25,26.0,0.5
26,27.0,0.5
27,28.0,0.5
28,29.0,0.5
29,30.0,0.5020833333333333
30,31.0,0.5
31,32.0,0.5
32,33.0,0.5523415977961433
33,34.0,0.5
34,35.0,0.5
35,36.0,0.5
36,37.0,0.5
37,38.0,0.5
38,39.0,0.5
39,40.0,0.5431818181818181
40,41.0,0.5
41,42.0,0.5
42,43.0,0.6017441860465116
43,44.0,0.5
44,45.0,0.7
45,46.0,0.6043478260869566
46,47.0,0.5
47,48.0,0.5555555555555556
48,49.0,0.5833333333333334
49,50.0,0.5
50,51.0,0.5
51,52.0,0.5
52,53.0,0.5
53,54.0,0.5
54,55.0,0.7181818181818183
55,57.0,0.5
56,58.0,0.5
57,59.0,0.5
58,60.0,0.5
59,61.0,1.5327868852459017
60,62.0,0.5
61,63.0,1.441798941798942
62,64.0,0.5
63,65.0,0.5
64,66.0,0.5
65,67.0,0.5
66,68.0,0.5
67,70.0,0.5
68,73.0,0.5
69,74.0,0.5
70,75.0,0.5
71,76.0,0.5
72,78.0,0.5128205128205128
73,80.0,0.5
74,81.0,0.5
75,83.0,0.5
76,91.0,0.5
77,93.0,1.0913978494623655
78,100.0,1.5
79,102.0,1.5
80,105.0,0.5
81,123.0,0.5
82,136.0,0.5
83,143.0,2.5
84,150.0,1.8066666666666666
85,151.0,1.2417218543046358
86,152.0,2.1842105263157894
