,chgavg,dt_alt,dt_avg,dt_cont,duration,eta1,ndfpr,rvp,rvx,rvxe,spot_avg,M,S1,Volume
6JM5_20150330,1.010886469673406,19.926259459,22.392115085,28.771938888,24.36041723396337,0.19461715091668805,1286.0,0.004373880542082854,0.0027574916956326187,0.002728804801809823,8338.02564102564,7320.0,0.990950744558992,45588.0
