,chgavg,dt_alt,dt_avg,dt_cont,duration,eta1,ndfpr,rvp,rvx,rvxe,spot_avg,M,S1,Volume
6JM5_20150610,1.0036683785766691,18.025148232,21.107783565000002,26.674292783000002,23.51252390532774,0.2761881470612212,1363.0,0.004554840388523608,0.003392970467519273,0.0033852494716570046,8149.851906158357,9730.0,0.9877565718401152,61081.0
