,Li,lamb,Co,Al,u,eta
0,1.0,0.9912005028284098,444.0,1132.0,0.196113074204947,0.1943873777631687
1,2.0,0.008799497171590195,0.0,14.0,-0.5,-0.0043997485857950975
