,chgavg,dt_alt,dt_avg,dt_cont,duration,eta1,ndfpr,rvp,rvx,rvxe,spot_avg,M,S1,Volume
6JM5_20150429,1.020780167699599,8.957834185000001,10.489816259000001,13.242713557,10.98492358071413,0.2766138832942347,2743.0,0.006455509539638466,0.004884696129431458,0.0048015616775928475,8412.856049562683,16313.0,0.9854748603351955,97392.0
