,ask12qty,ask12tomid,ask1qty,ask1tomid,bid12qty,bid12tomid,bid1qty,bid1tomid,twspr1,twspr2
6JM5_20150421,215.62209554760994,1.4631493175467098,63.95001390065107,0.7637392090781939,207.81573492003713,1.458495428843717,62.41547830797324,0.7637392090781939,1.5274784181563879,3.52747869859992
