,chgavg,dt_alt,dt_avg,dt_cont,duration,eta1,ndfpr,rvp,rvx,rvxe,spot_avg,M,S1,Volume
6JU5_061915,1.0061946902654868,21.596083333000003,25.464020353000002,35.109516923,28.14942521359176,0.20174995009648014,1130.0,0.0041583730203670274,0.00265793326871098,0.002641466822875962,8158.574712643678,6893.0,0.9886810437269152,40317.0
