,chgavg,dt_alt,dt_avg,dt_cont,duration,eta1,ndfpr,rvp,rvx,rvxe,spot_avg,M,S1,Volume
6JU5_061715,1.0302284710017575,10.235572459,10.116816168000001,9.796453499,10.192960842998266,0.2826980492390447,2845.0,0.0069751058984610865,0.005401868335332262,0.005244779196515965,8082.980323260716,14095.0,0.9809288759255105,77229.0
