,Li,lamb,Co,Al,u,eta
0,0.5,0.029946524064171122,13.0,43.0,0.32558139534883723,0.009750031090660366
1,1.0,0.9652406417112299,536.0,1268.0,0.21135646687697163,0.2040098517181464
2,2.0,0.004812834224598931,1.0,8.0,-0.375,-0.001804812834224599
