,chgavg,dt_alt,dt_avg,dt_cont,duration,eta1,ndfpr,rvp,rvx,rvxe,spot_avg,M,S1,Volume
6JU5_061815,1.0148056755089452,14.554278061000002,17.765023442,26.309114864,19.138391864670783,0.18808255285738323,1621.0,0.005051835976370958,0.003146333602637839,0.003098407210479753,8144.61467324291,10090.0,0.9871387742140362,75101.0
