,Li,lamb,Co,Al,u,eta
0,1.0,0.9417389589905363,4163.0,5389.0,0.3862497680460197,0.36374645446999465
1,2.0,0.05540220820189275,137.0,425.0,-0.1776470588235295,-0.00984203933939507
2,3.0,0.0024645110410094636,7.0,18.0,-0.41666666666666674,-0.00102687960042061
3,4.0,0.00029574132492113565,1.0,2.0,-0.5,-0.00014787066246056783
4,5.0,9.858044164037855e-05,1.0,0.0,inf,inf
