,Trade Qty,Avg_Cost
0,1.0,0.31623016259371045
1,2.0,0.3225852717221237
2,3.0,0.3123321332647578
3,4.0,0.3593579607415485
4,5.0,0.35957092040907074
5,6.0,0.3517525035765376
6,7.0,0.36898224092432813
7,8.0,0.4172275641025641
8,9.0,0.3635526737111751
9,10.0,0.49882352941176483
10,11.0,0.3624111737319284
11,12.0,0.41277985074626866
12,13.0,0.35654051830522415
13,14.0,0.4388528138528139
14,15.0,0.5242424242424242
15,16.0,0.5876785714285714
16,17.0,0.5429411764705881
17,18.0,0.4801587301587302
18,19.0,0.6091749644381224
19,20.0,0.6330985915492958
20,21.0,0.6316137566137566
21,22.0,0.615987460815047
22,23.0,0.5483508245877061
23,24.0,0.7904411764705882
24,25.0,0.7746875
25,26.0,0.743006993006993
26,27.0,0.5727513227513228
27,28.0,1.0410714285714284
28,29.0,0.6336206896551725
29,30.0,0.8515151515151516
30,31.0,1.0008064516129032
31,32.0,0.7044270833333334
32,33.0,0.9318181818181819
33,34.0,1.0563725490196079
34,35.0,0.8261904761904763
35,36.0,1.3055555555555554
36,37.0,0.687110187110187
37,38.0,1.0447368421052632
38,39.0,1.2335164835164836
39,40.0,1.2369999999999999
40,41.0,0.8963414634146342
41,42.0,0.8857142857142858
42,43.0,0.7558139534883721
43,44.0,1.375
44,45.0,2.0944444444444446
45,47.0,1.2420212765957448
46,48.0,0.25
47,49.0,0.8265306122448979
48,50.0,1.4292307692307693
49,51.0,1.0441176470588236
50,52.0,1.1057692307692306
51,54.0,1.0925925925925926
52,55.0,1.4136363636363636
53,56.0,1.0982142857142856
54,57.0,0.7631578947368421
55,59.0,1.3177966101694916
56,60.0,1.263888888888889
57,61.0,1.2336065573770492
58,64.0,1.40625
59,65.0,0.826923076923077
60,66.0,1.1098484848484849
61,68.0,0.25
62,69.0,0.25
63,70.0,0.25
64,72.0,1.456597222222222
65,75.0,1.745
66,78.0,1.814102564102564
67,79.0,1.0174050632911391
68,80.0,1.57875
69,81.0,1.5308641975308641
70,82.0,1.3231707317073171
71,85.0,1.423529411764706
72,86.0,1.5843023255813953
73,91.0,3.173076923076923
74,95.0,0.25
75,99.0,2.7146464646464645
76,113.0,3.5376106194690267
77,123.0,0.8150406504065041
78,129.0,4.459302325581396
79,133.0,1.7969924812030076
80,136.0,0.5
81,139.0,2.1780575539568345
82,145.0,7.117241379310345
83,150.0,2.03
84,154.0,0.6948051948051948
