,Li,lamb,Co,Al,u,eta
0,1.0,0.9537837361086612,2314.0,3093.0,0.3740704817329454,0.3567823416352153
1,2.0,0.04480508026106897,36.0,217.0,-0.3341013824884793,-0.014969439257730418
2,3.0,0.0012347856764861529,1.0,6.0,-0.75,-0.0009260892573646146
3,4.0,0.0001763979537837361,1.0,0.0,inf,inf
