,ask12qty,ask12tomid,ask1qty,ask1tomid,bid12qty,bid12tomid,bid1qty,bid1tomid,twspr1,twspr2
x6EH6_20160203,49.228109289403804,1.4670902175945413,14.331322958442936,0.73715750215301,52.23831087074538,1.4678465779336272,15.548845083729224,0.73715750215301,1.4743150268137806,3.477777846223274
