,Li,lamb,Co,Al,u,eta
0,0.5,0.8835646140503035,1756.0,2318.0,0.4393874029335634,0.38822716109155914
1,1.0,0.10841283607979185,94.0,406.0,0.11576354679802958,0.012550254423030094
2,1.5,0.006504770164787511,5.0,25.0,-0.10000000000000009,-0.0006504770164787516
3,2.0,0.0008673026886383347,1.0,3.0,-0.16666666666666674,-0.0001445504481063892
4,2.5,0.0002168256721595837,1.0,0.0,inf,inf
5,3.0,0.0004336513443191674,0.0,2.0,-1.0,-0.0004336513443191674
