,ask12qty,ask12tomid,ask1qty,ask1tomid,bid12qty,bid12tomid,bid1qty,bid1tomid,twspr1,twspr2
x6EH6_20160128,45.776489487673736,1.4542931957077394,9.289627898866717,0.6649614815389796,46.35520527367589,1.4835568359775806,10.700407459100193,0.6649614815389796,1.3299229732224853,3.5870283336853466
