,Li,lamb,Co,Al,u,eta
0,1.0,0.9781192583931853,2580.0,3275.0,0.3938931297709924,0.38527445597777377
1,2.0,0.020210455987973944,31.0,90.0,-0.15555555555555556,-0.0031438487092403915
2,3.0,0.0008351428094204109,0.0,5.0,-1.0,-0.0008351428094204109
3,4.0,0.0005010856856522465,0.0,3.0,-1.5,-0.0007516285284783699
4,5.0,0.00033405712376816435,1.0,1.0,0.5,0.00016702856188408218
