,ask12qty,ask12tomid,ask1qty,ask1tomid,bid12qty,bid12tomid,bid1qty,bid1tomid,twspr1,twspr2
x6EH6_20160307,77.66854748807904,0.7259243535746083,21.49830909076133,0.35211800055311854,77.4694210842911,0.7282292508847209,21.400548690804495,0.35211800055311854,0.704236016128478,1.7042366786867187
