,chgavg,dt_alt,dt_avg,dt_cont,duration,eta1,ndfpr,rvp,rvx,rvxe,spot_avg,M,S1,Volume
x6EH6_20160209,0.5433045701502077,1.50969683,1.5332336180000001,1.5628481870000002,1.1912577483702353,0.39200925834850003,18774.0,0.006880988882315682,0.0062033712741125175,0.006092759227113972,11298.284926764314,55342.0,0.9097556561085973,166660.0
