,chgavg,dt_alt,dt_avg,dt_cont,duration,eta1,ndfpr,rvp,rvx,rvxe,spot_avg,M,S1,Volume
x6EH6_20160121,0.6059630205883417,0.9937708510000001,1.042022003,1.105100369,2.255393032305539,0.3940741641154317,27637.0,0.010418334828308846,0.008871636853078969,0.009249159954670997,10846.42995151603,75441.0,0.1477302928825812,205345.0
