,chgavg,dt_alt,dt_avg,dt_cont,duration,eta1,ndfpr,rvp,rvxe,spot_avg,M
x6EH6_20160223,0.5344416162901686,4.480246323,4.58084175,4.7312633150000005,4.150719744534568,0.3368195010691903,6286.0,0.004008477948655506,0.0032899788855569245,11020.500159058374,20974
