,ask12qty,ask12tomid,ask1qty,ask1tomid,bid12qty,bid12tomid,bid1qty,bid1tomid,twspr1,twspr2
x6EH6_20160212,58.28681783197883,0.7554204017669607,16.40361161282729,0.3857957122423459,59.738911639094795,0.7527417399154906,16.95422266384854,0.3857957122423459,0.7715914447017166,1.7717471851164328
