,Trade Qty,Avg_Cost
0,1.0,0.264342267506003
1,2.0,0.2605831723168804
2,3.0,0.265507184521269
3,4.0,0.27420610211706103
4,5.0,0.28590333716916
5,6.0,0.2776699029126213
6,7.0,0.2805480682839174
7,8.0,0.3160171102661597
8,9.0,0.2983660130718955
9,10.0,0.35028901734104045
10,11.0,0.2956773618538324
11,12.0,0.3140350877192983
12,13.0,0.3062130177514793
13,14.0,0.3185483870967742
14,15.0,0.33089430894308947
15,16.0,0.37780898876404495
16,17.0,0.3819327731092437
17,18.0,0.3561507936507936
18,19.0,0.3315789473684211
19,20.0,0.43472222222222223
20,21.0,0.3187830687830688
21,22.0,0.34517045454545453
22,23.0,0.35093167701863354
23,24.0,0.3384259259259259
24,25.0,0.3527272727272727
25,26.0,0.3535502958579882
26,27.0,0.4
27,28.0,0.5306122448979591
28,29.0,0.40840517241379315
29,30.0,0.3222222222222222
30,31.0,0.375
31,32.0,0.494140625
32,33.0,0.2878787878787879
33,34.0,0.38725490196078427
34,35.0,0.5857142857142857
35,36.0,0.6138888888888889
36,38.0,0.513157894736842
37,40.0,0.35375
38,41.0,0.5
39,42.0,0.4928571428571429
40,43.0,0.5247093023255813
41,44.0,1.0568181818181819
42,46.0,0.6521739130434783
43,47.0,0.5851063829787233
44,49.0,0.5561224489795918
45,50.0,0.4799999999999999
46,54.0,0.6018518518518519
47,56.0,0.7232142857142857
48,57.0,0.6885964912280702
49,58.0,0.4080459770114942
50,59.0,0.7076271186440678
51,60.0,0.36666666666666664
52,61.0,0.5
53,62.0,0.25
54,63.0,1.0833333333333333
55,66.0,0.25
56,67.0,0.6082089552238806
57,73.0,0.25
58,74.0,0.25
59,80.0,0.25
60,88.0,1.928977272727273
61,92.0,0.6739130434782609
62,93.0,0.9973118279569892
63,100.0,0.655
64,106.0,0.7688679245283019
65,115.0,0.9543478260869566
66,124.0,0.25
67,239.0,0.25
68,240.0,0.796875
69,243.0,0.9886831275720165
70,263.0,1.5047528517110267
71,432.0,2.0636574074074074
