,chgavg,dt_alt,dt_avg,dt_cont,duration,eta1,ndfpr,rvp,rvx,rvxe,spot_avg,M,S1,Volume
x6EH6_20160208,0.5383140321852911,2.139240688,2.165535384,2.1962778910000003,6.972631588045912,0.44135253491088833,13298.0,0.005756848926230521,0.005155631394179976,0.005408696882674415,11163.825813970976,41493.0,0.0751357220412595,124039.0
