,ask12qty,ask12tomid,ask1qty,ask1tomid,bid12qty,bid12tomid,bid1qty,bid1tomid,twspr1,twspr2
x6EH6_20160129,77.01511137155265,1.4556033229014118,20.976192314181507,0.6952116247803809,71.78845965304879,1.460307592665329,18.887972281858122,0.6952116247803809,1.3904232632104812,3.393272928655436
