,Trade Qty,Avg_Cost
0,1.0,0.27363453504564444
1,2.0,0.26872871736662884
2,3.0,0.26403173670290925
3,4.0,0.2758641382621219
4,5.0,0.27142857142857146
5,6.0,0.27501673360107093
6,7.0,0.27794226498889707
7,8.0,0.3010144589552239
8,9.0,0.2818543799772469
9,10.0,0.3079391891891892
10,11.0,0.28102453102453095
11,12.0,0.31866852886405955
12,13.0,0.2918427726120034
13,14.0,0.3135382059800665
14,15.0,0.3041666666666667
15,16.0,0.3473053892215569
16,17.0,0.3334276018099548
17,18.0,0.30743243243243246
18,19.0,0.30434782608695654
19,20.0,0.3855263157894737
20,21.0,0.30297619047619045
21,22.0,0.31751336898395727
22,23.0,0.36345108695652173
23,24.0,0.3394396551724138
24,25.0,0.38294117647058823
25,26.0,0.3942307692307692
26,27.0,0.34259259259259256
27,28.0,0.3489010989010989
28,29.0,0.4109195402298851
29,30.0,0.4045454545454545
30,31.0,0.467741935483871
31,32.0,0.3997395833333333
32,33.0,0.3125
33,34.0,0.42436974789915966
34,35.0,0.35
35,36.0,0.4916666666666667
36,37.0,0.3581081081081081
37,38.0,0.35
38,39.0,0.43681318681318676
39,40.0,0.558125
40,41.0,0.7164634146341463
41,42.0,0.375
42,43.0,0.25
43,44.0,0.375
44,45.0,0.4759259259259259
45,46.0,0.42391304347826086
46,47.0,0.5577507598784194
47,48.0,0.4930555555555556
48,49.0,0.6122448979591837
49,50.0,0.5014285714285714
50,51.0,0.3970588235294118
51,52.0,0.483974358974359
52,53.0,0.4858490566037736
53,54.0,0.5833333333333334
54,55.0,0.5
55,56.0,0.6785714285714286
56,57.0,0.5
57,58.0,0.5
58,60.0,0.7208333333333333
59,61.0,0.7172131147540983
60,62.0,0.5967741935483871
61,63.0,0.7103174603174603
62,64.0,0.7109375
63,66.0,0.5833333333333334
64,67.0,0.332089552238806
65,68.0,0.6029411764705882
66,70.0,0.6285714285714286
67,73.0,0.5993150684931506
68,75.0,0.6233333333333333
69,80.0,1.009375
70,82.0,0.676829268292683
71,87.0,0.49137931034482757
72,97.0,0.9278350515463918
73,100.0,0.6350000000000001
74,106.0,0.7358490566037735
75,112.0,0.7901785714285714
76,117.0,1.1623931623931625
77,122.0,0.7827868852459017
78,125.0,0.97
79,136.0,0.8639705882352942
80,140.0,0.7392857142857143
81,144.0,0.8923611111111112
82,157.0,1.4124203821656052
83,175.0,0.8585714285714285
84,185.0,1.0918918918918918
85,286.0,1.9825174825174825
86,311.0,1.5506430868167203
87,315.0,1.5119047619047619
