,Li,lamb,Co,Al,u,eta
0,1.0,0.9265350877192983,5244.0,5740.0,0.456794425087108,0.42323606271777003
1,2.0,0.06831983805668017,217.0,593.0,-0.13406408094435074,-0.009159236299335705
2,3.0,0.00430161943319838,10.0,41.0,-0.6341463414634148,-0.0027278562259306807
3,4.0,0.0005060728744939271,0.0,6.0,-1.5,-0.0007591093117408907
4,5.0,0.00025303643724696357,1.0,2.0,-0.75,-0.00018977732793522267
5,6.0,8.434547908232118e-05,0.0,1.0,-2.5,-0.00021086369770580295
