,ask12qty,ask12tomid,ask1qty,ask1tomid,bid12qty,bid12tomid,bid1qty,bid1tomid,twspr1,twspr2
x6EH6_20160209,38.87142493999965,1.8994380159029174,10.283643912993938,1.1642430096878857,41.44075607993469,1.9265952089755205,11.831979408448547,1.1642430096878857,2.3284860359695405,4.415276290902773
