,chgavg,dt_alt,dt_avg,dt_cont,duration,eta1,ndfpr,rvp,rvx,rvxe,spot_avg,M,S1,Volume
x6EH6_20160310,0.5990268586998833,0.559279249,0.5605215920000001,0.56193654,1.322677477989698,0.4156395093478429,51380.0,0.013359655038211345,0.011737224315222429,0.012180599222556434,11045.21108970242,126612.0,0.21415522938111578,347210.0
