,chgavg,dt_alt,dt_avg,dt_cont,duration,eta1,ndfpr,rvp,rvx,rvxe,spot_avg,M,S1,Volume
x6EH6_20160212,0.5529734946915138,2.040647229,2.1381213470000002,2.2721464030000003,1.546899080543025,0.3581406476406706,13469.0,0.006061925081156327,0.00529736312654538,0.005130413501203636,11254.460801781737,38408.0,0.8615501162456571,125912.0
