,chgavg,dt_alt,dt_avg,dt_cont,duration,eta1,ndfpr,rvp,rvx,rvxe,spot_avg,M,S1,Volume
x6EH6_20160223,0.5312292799363479,3.640530467,3.819104083,4.087932747,12.561769590858834,0.4047506275595513,7541.0,0.004345460625253022,0.0035330944213677064,0.003909710334971397,11018.818085388491,25274.0,0.07102024612941643,84156.0
