,Trade Qty,Avg_Cost
0,1.0,0.273621612671781
1,2.0,0.26480132450331123
2,3.0,0.26679923203510697
3,4.0,0.27665876777251186
4,5.0,0.2949383802816903
5,6.0,0.28763440860215056
6,7.0,0.2945609436435125
7,8.0,0.349088683351469
8,9.0,0.3103975535168196
9,10.0,0.3289915966386554
10,11.0,0.29965034965034965
11,12.0,0.32385057471264367
12,13.0,0.3402908067542214
13,14.0,0.3305860805860806
14,15.0,0.36428571428571427
15,16.0,0.37413990825688076
16,17.0,0.3526282853566959
17,18.0,0.40530303030303033
18,19.0,0.40948963317384374
19,20.0,0.35198412698412695
20,21.0,0.31802721088435376
21,22.0,0.39772727272727276
22,23.0,0.40353260869565216
23,24.0,0.44878472222222227
24,25.0,0.4536
25,26.0,0.4519230769230769
26,27.0,0.34259259259259256
27,28.0,0.39285714285714285
28,29.0,0.35
29,30.0,0.5511111111111112
30,31.0,0.4166666666666667
31,32.0,0.3693181818181818
32,33.0,0.38636363636363635
33,34.0,0.3125
34,35.0,0.3333333333333333
35,36.0,0.35
36,37.0,0.5916988416988417
37,38.0,0.5789473684210527
38,39.0,0.5
39,40.0,0.5181818181818182
40,41.0,0.5914634146341463
41,42.0,0.3214285714285714
42,43.0,0.25
43,45.0,0.46111111111111114
44,47.0,0.6595744680851063
45,48.0,0.4583333333333333
46,49.0,0.6989795918367347
47,50.0,0.5966666666666667
48,51.0,0.39950980392156865
49,52.0,0.3942307692307692
50,53.0,0.6933962264150944
51,54.0,0.25
52,57.0,0.8596491228070176
53,58.0,0.646551724137931
54,61.0,0.3319672131147541
55,62.0,0.8588709677419355
56,64.0,0.8203125
57,65.0,0.9230769230769231
58,68.0,0.7720588235294118
59,71.0,0.25
60,73.0,0.25
61,75.0,1.0633333333333332
62,77.0,0.5292207792207793
63,80.0,0.25
64,85.0,1.088235294117647
65,87.0,0.7887931034482759
66,93.0,0.7903225806451613
67,98.0,0.8724489795918368
68,100.0,1.115
69,104.0,0.3701923076923077
70,112.0,0.7276785714285714
71,125.0,0.952
72,126.0,0.873015873015873
73,130.0,0.5615384615384615
74,145.0,0.8258620689655173
75,173.0,0.25
76,200.0,1.335
77,282.0,1.0354609929078014
78,295.0,1.4745762711864407
