,ask12qty,ask12tomid,ask1qty,ask1tomid,bid12qty,bid12tomid,bid1qty,bid1tomid,twspr1,twspr2
x6EH6_20160309,80.48606647019544,0.7372635017828231,22.383610778647512,0.3639256261948613,79.77268170531309,0.7378850811819304,22.275160472950564,0.3639256261948613,0.7278512701591078,1.727851882760888
