,ask12qty,ask12tomid,ask1qty,ask1tomid,bid12qty,bid12tomid,bid1qty,bid1tomid,twspr1,twspr2
x6EH6_20160113,64.97761538435097,0.7531475387061889,16.551305906097674,0.3623690772134797,65.78282776419312,0.7504512992890615,17.05202714236369,0.3623690772134797,0.7247381772105297,1.7247410220052763
