,Trade Qty,Avg_Cost
0,1.0,0.26941774855280165
1,2.0,0.2636853028927228
2,3.0,0.26535426316692395
3,4.0,0.27562667860340195
4,5.0,0.2775280898876404
5,6.0,0.27519167579408543
6,7.0,0.27443342776203966
7,8.0,0.308275462962963
8,9.0,0.2865918803418804
9,10.0,0.3327868852459016
10,11.0,0.30178365937859614
11,12.0,0.3174479166666667
12,13.0,0.2932692307692308
13,14.0,0.31353383458646616
14,15.0,0.34383561643835614
15,16.0,0.38078703703703703
16,17.0,0.33634992458521873
17,18.0,0.3618421052631579
18,19.0,0.3582236842105263
19,20.0,0.36174999999999996
20,21.0,0.3568211068211068
21,22.0,0.3777056277056277
22,23.0,0.4008152173913044
23,24.0,0.4239969135802469
24,25.0,0.4045833333333333
25,26.0,0.48668639053254437
26,27.0,0.3419312169312169
27,28.0,0.3611111111111111
28,29.0,0.44942528735632176
29,30.0,0.4551282051282052
30,31.0,0.35850439882697943
31,32.0,0.4912109375
32,33.0,0.42803030303030304
33,34.0,0.34375
34,35.0,0.5757142857142858
35,36.0,0.375
36,37.0,0.5916988416988416
37,38.0,0.3646616541353383
38,39.0,0.4444444444444445
39,40.0,0.5454545454545455
40,41.0,0.4695121951219512
41,43.0,0.42441860465116277
42,44.0,0.8409090909090908
43,45.0,0.25
44,46.0,0.5688405797101449
45,47.0,0.8457446808510638
46,48.0,0.7708333333333334
47,49.0,0.49183673469387756
48,50.0,0.5514285714285714
49,53.0,0.25
50,54.0,0.5925925925925926
51,57.0,0.45614035087719296
52,59.0,1.0
53,62.0,0.6451612903225806
54,63.0,0.25
55,64.0,0.640625
56,65.0,0.49230769230769234
57,66.0,0.25
58,67.0,0.7201492537313433
59,68.0,0.25
60,69.0,0.7246376811594203
61,70.0,0.6
62,72.0,0.25
63,74.0,0.5912162162162162
64,75.0,0.9900000000000001
65,76.0,0.8486842105263157
66,77.0,0.8571428571428571
67,79.0,0.25
68,80.0,0.25
69,81.0,0.8333333333333334
70,85.0,0.8529411764705882
71,88.0,0.9659090909090909
72,89.0,1.0337078651685392
73,91.0,0.25
74,92.0,1.048913043478261
75,93.0,0.8333333333333334
76,100.0,1.02375
77,106.0,1.0518867924528301
78,108.0,0.8240740740740741
79,112.0,0.9955357142857143
80,125.0,0.974
81,151.0,0.7235099337748344
82,183.0,0.25
