,ask12qty,ask12tomid,ask1qty,ask1tomid,bid12qty,bid12tomid,bid1qty,bid1tomid,twspr1,twspr2
x6EH6_20160112,51.72757213493105,1.5629692924727092,13.238007969450555,0.7998720645831531,51.17184052777156,1.5548994571519588,13.493295100819102,0.7998720645831531,1.599744139812637,3.5997694533115667
