,ask12qty,ask12tomid,ask1qty,ask1tomid,bid12qty,bid12tomid,bid1qty,bid1tomid,twspr1,twspr2
x6EH6_20160125,62.41495929705921,1.5459399135144283,14.175935191639827,0.7721036274798355,58.25239570600297,1.6893577987891544,11.82449617772754,0.7721036274798355,1.544207263667101,3.7989432641481975
