,ask12qty,ask12tomid,ask1qty,ask1tomid,bid12qty,bid12tomid,bid1qty,bid1tomid,twspr1,twspr2
x6EH6_20160119,85.93118425546409,1.5097359962819707,20.353662785943783,0.7133014797667488,80.84298233610262,1.5142861935639647,18.368188534034157,0.7133014797667488,1.4266029759404188,3.4266059619496345
