,Li,lamb,Co,Al,u,eta
0,1.0,0.9362559241706161,3537.0,4364.0,0.4052474793767186,0.3794153533216624
1,2.0,0.06018957345971564,108.0,400.0,-0.22999999999999998,-0.013843601895734595
2,3.0,0.002843601895734597,3.0,21.0,-0.7857142857142858,-0.002234258632362898
3,4.0,0.0007109004739336493,3.0,3.0,0.5,0.00035545023696682463
