,chgavg,dt_alt,dt_avg,dt_cont,duration,eta1,ndfpr,rvp,rvx,rvxe,spot_avg,M,S1,Volume
x6EH6_20160120,0.5460519910427417,2.692396635,2.803836022,2.956879658,2.4308592063236545,0.35283867301318345,10271.0,0.0052856817951337344,0.0045664224160155515,0.004440216050341197,10920.979507398753,33233.0,0.8983929809750656,89821.0
