,chgavg,dt_alt,dt_avg,dt_cont,duration,eta1,ndfpr,rvp,rvxe,spot_avg,M
x6EH6_20160225,0.5258707180736706,3.86672924,4.126998883000001,4.473081608,4.004237237356188,0.3775531502467529,6977.0,0.004078848802802008,0.0035443912350337126,11026.685869876756,24282
