,Trade Qty,Avg_Cost
0,1.0,0.2802713234232934
1,2.0,0.2808677370030581
2,3.0,0.272099707850344
3,4.0,0.29770861833105333
4,5.0,0.3111804767309875
5,6.0,0.31858054226475285
6,7.0,0.31229058787694186
7,8.0,0.3552983932670237
8,9.0,0.3330046022353715
9,10.0,0.3856884057971015
10,11.0,0.32019308125502816
11,12.0,0.3436147186147186
12,13.0,0.3499417249417249
13,14.0,0.35638297872340424
14,15.0,0.40800000000000003
15,16.0,0.383362676056338
16,17.0,0.37775735294117646
17,18.0,0.3845486111111111
18,19.0,0.369969040247678
19,20.0,0.41874999999999996
20,21.0,0.35342261904761907
21,22.0,0.40625
22,23.0,0.375
23,24.0,0.44375
24,25.0,0.5135483870967742
25,26.0,0.4495192307692307
26,27.0,0.3
27,28.0,0.3903061224489796
28,29.0,0.375
29,30.0,0.595
30,31.0,0.3333333333333333
31,32.0,0.440625
32,33.0,0.4375
33,34.0,0.49789915966386555
34,35.0,0.5071428571428571
35,36.0,0.46759259259259256
36,37.0,0.5405405405405405
37,38.0,0.6140350877192983
38,39.0,0.5602564102564103
39,40.0,0.75
40,41.0,0.7896341463414633
41,43.0,0.46124031007751937
42,44.0,0.3333333333333333
43,45.0,0.7027777777777777
44,47.0,0.25
45,48.0,0.5354166666666667
46,49.0,0.4051020408163265
47,50.0,0.72
48,52.0,0.25
49,54.0,1.0185185185185186
50,55.0,0.4257575757575758
51,57.0,0.8245614035087719
52,60.0,0.25
53,61.0,0.5
54,64.0,0.25
55,66.0,1.2651515151515151
56,70.0,0.8214285714285714
57,72.0,0.25
58,73.0,0.4315068493150685
59,75.0,0.6366666666666666
60,80.0,0.25
61,87.0,1.235632183908046
62,92.0,0.25
63,100.0,0.59
64,108.0,1.0856481481481481
65,119.0,1.0399159663865547
66,121.0,0.25
67,141.0,0.874113475177305
68,158.0,1.2658227848101267
69,172.0,0.9476744186046512
70,226.0,1.2765486725663717
71,243.0,2.090534979423868
72,244.0,2.194672131147541
73,249.0,0.713855421686747
74,255.0,1.5862745098039215
