,chgavg,dt_alt,dt_avg,dt_cont,duration,eta1,ndfpr,rvp,rvxe,spot_avg
x6EH6_20160226,0.5246615594500997,2.806416472,3.02212653,3.352779668,2.897397044161027,0.325155482782149,9529.0,0.004829598152713932,0.0038946778022497185,10947.816421825813
