,ask12qty,ask12tomid,ask1qty,ask1tomid,bid12qty,bid12tomid,bid1qty,bid1tomid,twspr1,twspr2
x6EH6_20160114,57.35446160810184,1.685108478678713,15.067856408129753,0.9462753527338615,58.04442051254717,1.671415983475189,15.391877472013883,0.9462753527338615,1.8925507161010586,3.89271109030019
