,Li,lamb,Co,Al,u,eta
0,0.5,0.9472198355222782,3179.0,4537.0,0.425170817720961,0.40273023203052116
1,1.0,0.04774763716705536,74.0,315.0,0.11746031746031749,0.005608452619622377
2,1.5,0.002454891371056831,4.0,16.0,-0.0625,-0.00015343071069105193
3,2.0,0.00159567939118694,1.0,12.0,-0.41666666666666663,-0.0006648664129945583
4,2.5,0.0004909782742113662,0.0,4.0,-0.75,-0.0003682337056585246
5,3.0,0.00012274456855284154,0.0,1.0,-1.0,-0.00012274456855284154
6,3.5,0.0002454891371056831,1.0,1.0,0.5,0.00012274456855284154
7,4.0,0.00012274456855284154,1.0,0.0,inf,inf
