,ask12qty,ask12tomid,ask1qty,ask1tomid,bid12qty,bid12tomid,bid1qty,bid1tomid,twspr1,twspr2
x6EH6_20160223,78.79867515692602,0.7187938308995536,21.55314110222421,0.3439613662439752,78.51142428328991,0.7230380009801511,21.179087800213686,0.3439613662439752,0.6879227530640033,1.6879656051431429
