,chgavg,dt_alt,dt_avg,dt_cont,duration,eta1,ndfpr,rvp,rvx,rvxe,spot_avg,M,S1,Volume
x6EH6_20160128,0.5301724137931034,2.544595827,2.7585290220000003,3.0709873990000003,8.559552717756016,0.4084391593476598,10440.0,0.0052995803340319695,0.00443328643922413,0.004789830713720239,10945.339287424576,39480.0,0.05107472371489405,109441.0
