,ask12qty,ask12tomid,ask1qty,ask1tomid,bid12qty,bid12tomid,bid1qty,bid1tomid,twspr1,twspr2
x6EH6_20160128,50.65880799137567,0.6989624241073108,9.610969346726367,0.28677212111101225,52.89728777698715,0.6882095211504958,12.12109830440314,0.28677212111101225,0.5735442589597389,1.573670470133111
