,Trade Qty,Avg_Cost
0,1.0,0.30335174491589256
1,2.0,0.3199765441751368
2,3.0,0.34459984459984455
3,4.0,0.3525552486187845
4,5.0,0.3470059880239521
5,6.0,0.3787878787878788
6,7.0,0.421978021978022
7,8.0,0.36569940476190477
8,9.0,0.407051282051282
9,10.0,0.5469696969696969
10,11.0,0.3409090909090909
11,12.0,0.2708333333333333
12,13.0,0.3482905982905983
13,14.0,0.3392857142857143
14,15.0,0.5208333333333334
15,16.0,0.42291666666666666
16,17.0,0.25
17,18.0,0.6296296296296297
18,19.0,0.25
19,20.0,0.5958333333333333
20,21.0,0.4595238095238095
21,23.0,0.25
22,24.0,0.4625
23,25.0,0.33799999999999997
24,26.0,0.5769230769230769
25,27.0,0.25
26,30.0,0.8055555555555557
27,31.0,0.967741935483871
28,33.0,0.7121212121212122
29,35.0,0.5964285714285714
30,36.0,1.3888888888888888
31,37.0,0.8918918918918919
32,38.0,0.8947368421052632
33,39.0,0.5662393162393162
34,40.0,1.1875
35,43.0,1.255813953488372
36,46.0,0.9347826086956522
37,48.0,0.7916666666666666
38,50.0,0.95
39,53.0,1.1721698113207548
40,59.0,0.25
41,123.0,0.25
42,144.0,1.3541666666666667
43,200.0,1.5025
44,250.0,2.377
