,chgavg,dt_alt,dt_avg,dt_cont,duration,eta1,ndfpr,rvp,rvxe,spot_avg,M
x6EH6_20160307,0.5286026883401063,4.295461798,4.500409146,4.77254235,4.297618000303608,0.37651083850032996,6398.0,0.003949817930966655,0.0034275264601644055,10991.36240037506,21716
