,chgavg,dt_alt,dt_avg,dt_cont,duration,eta1,ndfpr,rvp,rvx,rvxe,spot_avg,M,S1,Volume
x6EH6_20160311,0.7143654114365412,8.681080471000001,8.032064343,7.452567683000001,3.3735583827116318,0.44642196018765057,3585.0,0.004393092733025189,0.004270324549808396,0.004151051712119636,11153.932794199665,6756.0,0.7571428571428571,14823.0
