,Li,lamb,Co,Al,u,eta
0,1.0,0.939707286032453,2466.0,3440.0,0.35843023255813955,0.3368195010691903
1,2.0,0.0556792873051225,45.0,305.0,-0.3524590163934427,-0.019624666837051375
2,3.0,0.002704422526248807,2.0,15.0,-0.8,-0.0021635380209990454
3,4.0,0.0011135857461024498,0.0,7.0,-1.5,-0.0016703786191536747
4,5.0,0.0001590836780146357,0.0,1.0,-2.0,-0.0003181673560292714
5,6.0,0.0004772510340439071,0.0,3.0,-2.5,-0.0011931275851097677
6,10.0,0.0001590836780146357,0.0,1.0,-4.5,-0.0007158765510658606
