,chgavg,dt_alt,dt_avg,dt_cont,duration,eta1,ndfpr,rvp,rvx,rvxe,spot_avg,M,S1,Volume
x6EH6_20160219,0.5269411230513092,4.259642274,4.358129842,4.496556212000001,4.208163342789044,0.3581427726554231,6607.0,0.003945952471953461,0.0033855690668196416,0.00333960377697116,11118.453011501211,21613.0,0.9217520140753773,72922.0
