,ask12qty,ask12tomid,ask1qty,ask1tomid,bid12qty,bid12tomid,bid1qty,bid1tomid,twspr1,twspr2
x6EH6_20160119,72.16463771888255,1.8334684979595324,17.539911243528394,1.0347107207230453,68.39008058725469,1.8026325940339591,15.798608478048395,1.0347107207230453,2.0694214545480736,4.155068942020117
