,ask12qty,ask12tomid,ask1qty,ask1tomid,bid12qty,bid12tomid,bid1qty,bid1tomid,twspr1,twspr2
x6EH6_20160112,57.76589157632182,0.7789654224581551,14.617597865318254,0.3947682379925907,57.60359125442101,0.7760081725237913,14.907810878730546,0.3947682379925907,0.7895364956466853,1.7895490863421348
