,chgavg,dt_alt,dt_avg,dt_cont,duration,eta1,ndfpr,rvp,rvx,rvxe,spot_avg,M,S1,Volume
x6EH6_20160128,0.5159562211981567,3.082612231,3.3114478920000003,3.6546376740000004,3.3922458229183614,0.3307603110944493,8680.0,0.004462915963343542,0.003676673287761259,0.003629864411312776,10949.143359060015,33323.0,0.9518347246411627,91232.0
