,Li,lamb,Co,Al,u,eta
0,1.0,0.88136826783115,1598.0,2034.0,0.3928220255653884,0.3462208682384901
1,2.0,0.1101407083939835,89.0,365.0,-0.25616438356164384,-0.028214126670787557
2,3.0,0.006792819019893256,5.0,23.0,-0.673913043478261,-0.004577769339493281
3,4.0,0.0009704027171276079,1.0,3.0,-0.8333333333333335,-0.0008086689309396735
4,5.0,0.00024260067928190198,1.0,0.0,inf,inf
5,6.0,0.00048520135856380397,0.0,2.0,-2.5,-0.0012130033964095099
