,chgavg,dt_alt,dt_avg,dt_cont,duration,eta1,ndfpr,rvp,rvxe,spot_avg,M
x6EH6_20160119,0.5344745601521635,3.221512644,3.4234553900000004,3.710003706,3.174607696324935,0.3537244245235289,8412.0,0.0046252876294218025,0.003890328432649544,10920.907583501723,29971
