,chgavg,dt_alt,dt_avg,dt_cont,duration,eta1,ndfpr,rvp,rvx,rvxe,spot_avg,M,S1,Volume
x6EH6_20160303,0.5322090549984807,2.7767669550000003,2.9169970910000003,3.123749686,9.600555379697589,0.40573454255309316,9873.0,0.005008088471167019,0.004091284614746559,0.004511365165852966,10936.442475187361,35492.0,0.08225988700564972,122050.0
