,Li,lamb,Co,Al,u,eta
0,1.0,0.9224542548125978,6137.0,7423.0,0.41337734069783105,0.3813216867698311
1,2.0,0.07135569008910958,287.0,762.0,-0.12335958005249337,-0.008802407963748421
2,3.0,0.005373784096319978,23.0,56.0,-0.3839285714285714,-0.002063149251265706
3,4.0,0.00040813550098632746,1.0,5.0,-1.1,-0.00044894905108496024
4,5.0,6.802258349772124e-05,0.0,1.0,-2.0,-0.0001360451669954425
5,6.0,0.0001360451669954425,1.0,1.0,0.5,6.802258349772124e-05
6,9.0,0.0001360451669954425,0.0,2.0,-4.0,-0.00054418066798177
7,10.0,6.802258349772124e-05,1.0,0.0,inf,inf
