,ask12qty,ask12tomid,ask1qty,ask1tomid,bid12qty,bid12tomid,bid1qty,bid1tomid,twspr1,twspr2
x6EH6_20160122,62.120058538922464,1.4167861889747144,14.916417395673545,0.6194425537406216,58.72586488123253,1.4126871332458142,13.308219920557653,0.6194425537406216,1.2388851198838717,3.2418189723779762
