,ask12qty,ask12tomid,ask1qty,ask1tomid,bid12qty,bid12tomid,bid1qty,bid1tomid,twspr1,twspr2
x6EH6_20160301,63.9381293415519,1.7844282034511483,17.669956781708574,1.086456295836532,64.47061217255795,1.8896836708909979,18.39616307540903,1.086456295836532,2.172912606944077,4.257995364441523
