,ask12qty,ask12tomid,ask1qty,ask1tomid,bid12qty,bid12tomid,bid1qty,bid1tomid,twspr1,twspr2
x6EH6_20160311,38.205097854742334,1.7679151452290418,9.770248810634918,0.9904534291325029,40.232540284040994,1.7594439666193098,11.114223505580672,0.9904534291325029,1.9809068615513352,4.00498241079526
