,Li,lamb,Co,Al,u,eta
0,0.5,0.9444370773107015,2967.0,4154.0,0.428562831006259,0.4047506275595513
1,1.0,0.05198249569022676,49.0,343.0,0.0714285714285714,0.003713035406444767
2,1.5,0.0019891261105954116,2.0,13.0,-0.13461538461538458,-0.0002677669764263053
3,2.0,0.0009282588516111921,0.0,7.0,-0.5,-0.00046412942580559605
4,2.5,0.00013260840737302744,0.0,1.0,-0.75,-9.945630552977058e-05
5,3.0,0.00039782522211908233,0.0,3.0,-1.0,-0.00039782522211908233
6,5.0,0.00013260840737302744,0.0,1.0,-2.0,-0.0002652168147460549
