,Li,lamb,Co,Al,u,eta
0,1.0,0.9174401563263312,7160.0,7863.0,0.45529696044766627,0.41770771456801037
1,2.0,0.07779677576941867,291.0,983.0,-0.20396744659206512,-0.015868009706783766
2,3.0,0.004213483146067416,23.0,46.0,-0.25,-0.001053370786516854
3,4.0,0.00018319491939423546,2.0,1.0,2.5,0.00045798729848558865
4,5.0,0.00012212994626282364,1.0,1.0,0.5,6.106497313141182e-05
5,7.0,6.106497313141182e-05,1.0,0.0,inf,inf
6,10.0,6.106497313141182e-05,0.0,1.0,-4.5,-0.0002747923790913532
7,12.0,6.106497313141182e-05,1.0,0.0,inf,inf
8,13.0,6.106497313141182e-05,1.0,0.0,inf,inf
