,chgavg,dt_alt,dt_avg,dt_cont,duration,eta1,ndfpr,rvp,rvx,rvxe,spot_avg,M,S1,Volume
x6EH6_20160114,0.5283410355559747,2.469339181,2.712826551,3.076042057,2.602586081093202,0.3333321887848994,10603.0,0.005123838720464069,0.004259317499463761,0.004183589613984099,10887.90960958129,37298.0,0.8974936939837922,102622.0
