,ask12qty,ask12tomid,ask1qty,ask1tomid,bid12qty,bid12tomid,bid1qty,bid1tomid,twspr1,twspr2
x6EH6_20160201,60.82933197898949,1.5730657447699103,13.257675448206093,0.8021897877578508,58.241893636517865,1.5570037235801895,13.053280956906713,0.8021897877578508,1.6043795838256634,3.6045742270562777
