,chgavg,dt_alt,dt_avg,dt_cont,duration,eta1,ndfpr,rvp,rvx,rvxe,spot_avg,M,S1,Volume
x6EH6_20160307,0.5281351618832179,3.9080889150000004,4.071381623000001,4.289861008,13.871765886609806,0.4225481747172998,7073.0,0.004147082608368201,0.0035245600509169164,0.0038123766355976437,10987.216497031382,23947.0,0.08224275619851988,77604.0
