,Li,lamb,Co,Al,u,eta
0,1.0,0.9451391059706158,2681.0,3365.0,0.39836552748885584,0.37651083850032996
1,2.0,0.053141606752110035,74.0,266.0,-0.22180451127819545,-0.011787048114189817
2,3.0,0.0014066895904970304,2.0,7.0,-0.5714285714285714,-0.0008038226231411602
3,4.0,0.00015629884338855892,0.0,1.0,-1.5,-0.00023444826508283839
4,6.0,0.00015629884338855892,0.0,1.0,-2.5,-0.0003907471084713973
