,chgavg,dt_alt,dt_avg,dt_cont,duration,eta1,ndfpr,rvp,rvx,rvxe,spot_avg,M,S1,Volume
x6EH6_20160112,0.5411909146715776,3.3230740130000003,3.533649912,3.8245552160000003,3.1555056363705485,0.3546930141421911,8145.0,0.004664530657747891,0.004020670325358899,0.003928703620830296,10861.756874539651,28580.0,0.864264958162658,78002.0
