,chgavg,dt_alt,dt_avg,dt_cont,duration,eta1,ndfpr,rvp,rvx,rvxe,spot_avg,M,S1,Volume
x6EH6_20160121,0.6059630205883417,0.9937708510000001,1.042022003,1.105100369,0.5638482580763846,0.36530938044347694,27637.0,0.010418334828308846,0.0093909550613637,0.008905200884488866,10846.42995151603,75441.0,0.8103040450752139,205345.0
