,Li,lamb,Co,Al,u,eta
0,1.0,0.9504617968094039,3861.0,5194.0,0.37167886022333463,0.3532665573239419
1,2.0,0.04775398824517212,87.0,368.0,-0.26358695652173914,-0.012587328423319825
2,3.0,0.0011544920235096558,3.0,8.0,-0.4375,-0.0005050902602854744
3,4.0,0.00041981528127623844,0.0,4.0,-1.5,-0.0006297229219143577
4,5.0,0.00010495382031905961,0.0,1.0,-2.0,-0.00020990764063811922
5,7.0,0.00010495382031905961,0.0,1.0,-3.0,-0.00031486146095717883
