,ask12qty,ask12tomid,ask1qty,ask1tomid,bid12qty,bid12tomid,bid1qty,bid1tomid,twspr1,twspr2
x6EH6_20160204,63.36893253999155,1.466729499457937,17.51908916579673,0.7148504378640382,63.842261964588076,1.4670601021215728,17.547688554754398,0.7148504378640382,1.429700899437736,3.430319206363433
