,ask12qty,ask12tomid,ask1qty,ask1tomid,bid12qty,bid12tomid,bid1qty,bid1tomid,twspr1,twspr2
x6EH6_20160308,74.75065356856936,0.7381378120283419,21.05462036889716,0.3620338471433513,74.22974610826614,0.7380122368350664,20.460963083256757,0.3620338471433513,0.7240677161919673,1.7240686663454339
