,chgavg,dt_alt,dt_avg,dt_cont,duration,eta1,ndfpr,rvp,rvx,rvxe,spot_avg,M,S1,Volume
x6EH6_20160218,0.5261859781696053,2.903202195,3.0225665150000003,3.191759782,2.591528455713129,0.3532665573239419,9528.0,0.0047481718134648005,0.0040491705211306685,0.003991100707143232,11100.993073774793,31315.0,0.918126038604116,107739.0
