,chgavg,dt_alt,dt_avg,dt_cont,duration,eta1,ndfpr,rvp,rvx,rvxe,spot_avg,M,S1,Volume
x6EH6_20160127,0.6152317434653732,1.8060592370000002,1.9401108720000002,2.135148993,0.86029798022127,0.3283068952066527,14844.0,0.008392238596903781,0.007493803692699874,0.006800374379490402,10900.940619737285,41773.0,0.808,116863.0
