,Trade Qty,Avg_Cost
0,1.0,0.2722787081339713
1,2.0,0.2624972104440973
2,3.0,0.26109488035614914
3,4.0,0.2689393939393939
4,5.0,0.2726737338044758
5,6.0,0.2716587427363973
6,7.0,0.27881152460984393
7,8.0,0.29013324873096447
8,9.0,0.274427694025684
9,10.0,0.29661835748792276
10,11.0,0.2960579243765085
11,12.0,0.28900709219858156
12,13.0,0.2914835164835165
13,14.0,0.26643990929705214
14,15.0,0.3407692307692308
15,16.0,0.355859375
16,17.0,0.37967914438502676
17,18.0,0.325
18,19.0,0.3223684210526316
19,20.0,0.38999999999999996
20,21.0,0.3928571428571429
21,22.0,0.30492424242424243
22,23.0,0.3612040133779264
23,24.0,0.340625
24,25.0,0.46
25,26.0,0.325
26,27.0,0.3333333333333333
27,28.0,0.4482142857142858
28,29.0,0.39741379310344827
29,30.0,0.4282051282051282
30,31.0,0.3758064516129032
31,32.0,0.5
32,33.0,0.375
33,34.0,0.34558823529411764
34,36.0,0.375
35,37.0,0.5
36,38.0,0.37280701754385964
37,39.0,0.7243589743589743
38,40.0,0.48392857142857143
39,41.0,0.4105691056910569
40,42.0,0.5119047619047619
41,43.0,0.4166666666666667
42,44.0,0.5
43,45.0,0.4166666666666667
44,46.0,0.6766304347826086
45,49.0,0.5
46,50.0,0.49333333333333335
47,51.0,0.7132352941176471
48,54.0,0.5709876543209876
49,56.0,1.0446428571428572
50,57.0,0.25
51,58.0,0.6724137931034483
52,59.0,0.25
53,62.0,0.6908602150537634
54,65.0,0.6346153846153846
55,68.0,0.8970588235294118
56,70.0,0.3142857142857143
57,71.0,0.25
58,74.0,0.7162162162162162
59,76.0,0.4868421052631579
60,77.0,0.724025974025974
61,80.0,0.6968749999999999
62,91.0,0.5357142857142857
63,96.0,0.6640625
64,100.0,0.755
65,109.0,1.0045871559633028
66,117.0,0.8717948717948718
67,120.0,1.2875
68,202.0,0.9752475247524752
