,chgavg,dt_alt,dt_avg,dt_cont,duration,eta1,ndfpr,rvp,rvx,rvxe,spot_avg,M,S1,Volume
x6EH6_20160112,0.5386777602878345,3.019232606,3.238025991,3.544170352,10.414205681532838,0.40768750997381364,8894.0,0.004841704747993174,0.003999662199195951,0.0043719682893786195,10861.376447442384,31887.0,0.12432534203589808,86134.0
