,chgavg,dt_alt,dt_avg,dt_cont,duration,eta1,ndfpr,rvp,rvx,rvxe,spot_avg,M,S1,Volume
x6EH6_20160302,0.5311771204124217,3.2642651700000003,3.534432164,3.9404176490000005,2.892055918984294,0.3318505462999033,8147.0,0.004599275618976194,0.0038418217061746097,0.00374693105899833,10848.594317623956,29471.0,0.9294089657750739,95750.0
