,chgavg,dt_alt,dt_avg,dt_cont,duration,eta1,ndfpr,rvp,rvx,rvxe,spot_avg,M,S1,Volume
x6EH6_20160113,0.5308063880126183,2.713365403,2.83771516,3.006595699,2.6781774546699992,0.36374645446999465,10144.0,0.005056552529539572,0.0043847176443697795,0.004312895202210728,10875.977772301627,36000.0,0.9022150489759573,106088.0
