,chgavg,dt_alt,dt_avg,dt_cont,duration,eta1,ndfpr,rvp,rvx,rvxe,spot_avg,M,S1,Volume
x6EH6_20160212,0.5466843987893241,2.554861351,2.6406613780000003,2.75706393,2.293064159821306,0.3644220516654855,10903.0,0.005281074055755203,0.004609617512289635,0.004508577920130254,11254.135730007336,31541.0,0.8711381208438067,103010.0
