,ask12qty,ask12tomid,ask1qty,ask1tomid,bid12qty,bid12tomid,bid1qty,bid1tomid,twspr1,twspr2
x6EH6_20160307,69.39199475999524,1.7215444352747926,19.378939487147168,0.9947053704056391,67.62711949219864,1.7332508275604868,18.392944970190616,0.9947053704056391,1.989410750250649,3.9894869166266256
