,Li,lamb,Co,Al,u,eta
0,0.5,0.9455616874006173,4330.0,5778.0,0.4373485635167878,0.4135400457011699
1,1.0,0.052567580207651295,123.0,439.0,0.14009111617312076,0.007364250985809921
2,1.5,0.0017771957721447948,6.0,13.0,0.09615384615384615,0.0001708842088600764
3,2.5,9.353661958656815e-05,1.0,0.0,inf,inf
