,chgavg,dt_alt,dt_avg,dt_cont,duration,eta1,ndfpr,rvp,rvx,rvxe,spot_avg,M,S1,Volume
x6EH6_20160211,0.5649678377041069,1.4783824280000002,1.42494683,1.3657972440000001,1.1309249717328724,0.4255679284246331,20210.0,0.007458792236535903,0.006997204798204276,0.006881259780619983,11346.374202167137,54325.0,0.8798206443517732,140381.0
