,chgavg,dt_alt,dt_avg,dt_cont,duration,eta1,ndfpr,rvp,rvx,rvxe,spot_avg,M,S1,Volume
x6EH6_20160215,0.563529921942758,3.636516192,3.9022844150000005,4.298409991000001,4.426975313283966,0.3346720151579665,4612.0,0.0036118672311348837,0.00306052923142451,0.0029549931254876944,11165.570561456752,11784.0,0.7807986406117248,40005.0
