,Trade Qty,Avg_Cost
0,1.0,0.26742255266418835
1,2.0,0.2654494382022472
2,3.0,0.2645003494060098
3,4.0,0.2785095799557848
4,5.0,0.290232558139535
5,6.0,0.2826492537313433
6,7.0,0.29109062980030725
7,8.0,0.3296598849157419
8,9.0,0.2935370900986947
9,10.0,0.3349759615384616
10,11.0,0.3069430569430569
11,12.0,0.32094594594594594
12,13.0,0.32874668435013266
13,14.0,0.2963917525773196
14,15.0,0.3407232704402516
15,16.0,0.3890895953757225
16,17.0,0.3445378151260504
17,18.0,0.3530864197530864
18,19.0,0.35353185595567865
19,20.0,0.3933333333333333
20,21.0,0.4043040293040293
21,22.0,0.41007905138339923
22,23.0,0.4177693761814745
23,24.0,0.4323979591836734
24,25.0,0.5072
25,26.0,0.3947963800904977
26,27.0,0.38725490196078427
27,28.0,0.42346938775510207
28,29.0,0.4107142857142857
29,30.0,0.47261904761904766
30,31.0,0.40927419354838707
31,32.0,0.43191964285714285
32,33.0,0.43939393939393945
33,34.0,0.41421568627450983
34,35.0,0.48214285714285715
35,36.0,0.4444444444444445
36,37.0,0.3963963963963964
37,38.0,0.3947368421052631
38,39.0,0.47144522144522144
39,40.0,0.5875
40,41.0,0.5198170731707317
41,42.0,0.3125
42,43.0,0.25
43,44.0,0.6193181818181819
44,45.0,0.28888888888888886
45,46.0,0.25
46,47.0,0.598936170212766
47,48.0,0.4166666666666667
48,50.0,0.5044444444444445
49,51.0,0.49019607843137253
50,52.0,0.46153846153846156
51,53.0,0.7759433962264151
52,54.0,0.25
53,55.0,0.25
54,56.0,0.4375
55,59.0,0.25
56,60.0,0.6416666666666667
57,61.0,0.6434426229508197
58,63.0,0.8333333333333334
59,66.0,1.0151515151515151
60,68.0,0.9411764705882353
61,71.0,0.25
62,72.0,0.3611111111111111
63,75.0,0.4477777777777778
64,77.0,0.25
65,80.0,0.540625
66,82.0,0.9451219512195121
67,85.0,0.9176470588235294
68,86.0,0.8837209302325582
69,88.0,1.0227272727272727
70,98.0,0.7857142857142857
71,100.0,1.051
72,101.0,1.0705445544554455
73,111.0,0.777027027027027
74,117.0,0.5918803418803419
75,120.0,1.4125
76,121.0,1.1053719008264462
77,123.0,1.274390243902439
78,124.0,0.9153225806451613
79,127.0,1.2618110236220472
80,142.0,0.8732394366197183
81,206.0,0.7572815533980582
82,211.0,1.6670616113744077
83,241.0,1.2748962655601659
84,264.0,0.25
85,404.0,2.004950495049505
