,chgavg,dt_alt,dt_avg,dt_cont,duration,eta1,ndfpr,rvp,rvx,rvxe,spot_avg,M,S1,Volume
x6EH6_20160301,0.5277524099441908,2.849786913,2.9222119180000004,3.0241556810000003,9.835548697582967,0.41756588321379523,9855.0,0.004982940106693318,0.004181215710660908,0.004553686926994718,10859.53627232143,36513.0,0.06499561211057481,118686.0
