,ask12qty,ask12tomid,ask1qty,ask1tomid,bid12qty,bid12tomid,bid1qty,bid1tomid,twspr1,twspr2
x6EH6_20160225,77.28103074969776,0.7291412748561248,21.471497751304877,0.3552634092721266,76.59297277406824,0.7288434076403755,21.330325756195535,0.3552634092721266,0.71052683955973,1.7107977121705917
