,ask12qty,ask12tomid,ask1qty,ask1tomid,bid12qty,bid12tomid,bid1qty,bid1tomid,twspr1,twspr2
x6EH6_20160209,46.3154817934185,0.7284213343930095,12.182896827724857,0.3483406059833523,46.75033303790458,0.7271077747215444,12.365224337020877,0.3483406059833523,0.6966812429501408,1.6966918786285237
