,Trade Qty,Avg_Cost
0,1.0,0.2662449392712551
1,2.0,0.26150568181818185
2,3.0,0.25916599516518934
3,4.0,0.2661149825783972
4,5.0,0.26584984358706987
5,6.0,0.2662873717090584
6,7.0,0.27000819448238184
7,8.0,0.28269367448471927
8,9.0,0.27661498708010335
9,10.0,0.3043859649122807
10,11.0,0.2958728388176241
11,12.0,0.2884057971014493
12,13.0,0.2847222222222222
13,14.0,0.2895238095238095
14,15.0,0.2994047619047619
15,16.0,0.3045212765957447
16,17.0,0.27941176470588236
17,18.0,0.331511839708561
18,19.0,0.28448275862068967
19,20.0,0.3314285714285714
20,21.0,0.35978835978835977
21,22.0,0.3840909090909091
22,23.0,0.31902173913043474
23,24.0,0.3736979166666667
24,25.0,0.3814285714285714
25,26.0,0.3317307692307692
26,27.0,0.35714285714285715
27,28.0,0.4357142857142858
28,29.0,0.4166666666666667
29,30.0,0.3924242424242424
30,31.0,0.4129032258064516
31,32.0,0.4609375
32,33.0,0.5227272727272727
33,34.0,0.5514705882352942
34,35.0,0.5
35,36.0,0.25
36,37.0,0.6418918918918919
37,38.0,0.5160818713450293
38,39.0,0.46025641025641023
39,40.0,0.4490384615384615
40,41.0,0.375
41,42.0,0.5
42,43.0,0.3333333333333333
43,44.0,0.4951298701298702
44,46.0,0.42934782608695654
45,47.0,0.25
46,48.0,0.4427083333333333
47,49.0,0.25
48,50.0,0.5033333333333333
49,51.0,0.6372549019607843
50,52.0,0.5432692307692308
51,53.0,0.6462264150943396
52,54.0,0.4444444444444444
53,55.0,0.25
54,56.0,0.375
55,57.0,0.6710526315789473
56,60.0,0.25
57,62.0,0.6129032258064516
58,63.0,0.6309523809523809
59,66.0,0.5909090909090909
60,68.0,0.36274509803921573
61,70.0,0.6410714285714285
62,71.0,0.25
63,73.0,0.7328767123287672
64,78.0,0.5769230769230769
65,80.0,0.25
66,83.0,0.6355421686746988
67,86.0,0.6453488372093024
68,89.0,1.0140449438202248
69,99.0,0.8712121212121212
70,107.0,0.6051401869158879
71,146.0,0.952054794520548
72,187.0,0.8302139037433155
73,201.0,0.9241293532338308
74,211.0,1.1267772511848342
75,218.0,1.3577981651376148
76,226.0,1.3517699115044248
