,Li,lamb,Co,Al,u,eta
0,1.0,0.9479728146238575,5061.0,7073.0,0.35776898063056695,0.3391552675534669
1,2.0,0.04835559721896727,107.0,512.0,-0.291015625,-0.014072234346926022
2,3.0,0.002343566908835247,3.0,27.0,-0.8333333333333333,-0.0019529724240293725
3,4.0,0.0007811889696117491,2.0,8.0,-1.0,-0.0007811889696117491
4,5.0,0.0001562377939223498,1.0,1.0,0.5,7.81188969611749e-05
5,6.0,0.00023435669088352472,0.0,3.0,-2.5,-0.0005858917272088118
6,7.0,0.0001562377939223498,2.0,0.0,inf,inf
