,chgavg,dt_alt,dt_avg,dt_cont,duration,eta1,ndfpr,rvp,rvx,rvxe,spot_avg,M,S1,Volume
x6EH6_20160129,0.529060229669557,2.056683097,2.2498241830000003,2.533756475,1.8831654830742341,0.3391552675534669,12801.0,0.005695875048740881,0.004783155691202244,0.004691100473366178,10855.792962037181,44688.0,0.9095107842697637,149628.0
