,ask12qty,ask12tomid,ask1qty,ask1tomid,bid12qty,bid12tomid,bid1qty,bid1tomid,twspr1,twspr2
x6EH6_20160217,77.56730435346832,1.4859836085420643,21.534468209756255,0.7360705340490274,76.7007650344618,1.4868325741547195,21.076992105603882,0.7360705340490274,1.4721410835897688,3.473262207446324
