,chgavg,dt_alt,dt_avg,dt_cont,duration,eta1,ndfpr,rvp,rvxe,spot_avg
x6EH6_20160129,0.5275269023827824,2.493244185,2.76671827,3.1796712250000003,2.6486369798520886,0.3329903389965279,10408.0,0.0050996577338509935,0.004161710285167426,10844.018781823423
