,Li,lamb,Co,Al,u,eta
0,1.0,0.9576466964423225,2502.0,3715.0,0.336742934051144,0.32248075834437295
1,2.0,0.041275219467118436,41.0,227.0,-0.3193832599118943,-0.013182614146987168
2,3.0,0.0007700600646850454,2.0,3.0,0.0,0.0
3,4.0,0.00030802402587401816,1.0,1.0,0.5,0.00015401201293700908
