,ask12qty,ask12tomid,ask1qty,ask1tomid,bid12qty,bid12tomid,bid1qty,bid1tomid,twspr1,twspr2
x6EH6_20160122,67.78193039448033,0.6948356657180355,16.506555312864663,0.2949416916506574,62.95543305497889,0.696874612083003,14.019787419050944,0.2949416916506574,0.5898834014548094,1.589947362642041
