,chgavg,dt_alt,dt_avg,dt_cont,duration,eta1,ndfpr,rvp,rvxe,spot_avg,M
x6EH6_20160304,0.5447911577918906,1.691296362,1.7576248170000002,1.8367356760000002,1.521109035291628,0.41770771456801037,16376.0,0.006628823384802138,0.00605881502861198,11008.442755083348,51768
