,chgavg,dt_alt,dt_avg,dt_cont,duration,eta1,ndfpr,rvp,rvx,rvxe,spot_avg,M,S1,Volume
x6EH6_20160203,0.5433973726175109,1.030735275,1.093440068,1.175583544,3.405029185408852,0.4176424725306712,26338.0,0.008316080377340164,0.007074348882807101,0.007600392228296235,11059.032803067694,80923.0,0.10992249213778076,254265.0
