,chgavg,dt_alt,dt_avg,dt_cont,duration,eta1,ndfpr,rvp,rvx,rvxe,spot_avg,M,S1,Volume
x6EH6_20160204,0.5396548380841575,1.816626274,1.8614842120000001,1.9156878030000002,1.4861699084581463,0.41052129089477624,15471.0,0.00620923807203754,0.00569396368026086,0.005626277549125173,11209.692638314375,50009.0,0.9108881144093258,152352.0
