,ask12qty,ask12tomid,ask1qty,ask1tomid,bid12qty,bid12tomid,bid1qty,bid1tomid,twspr1,twspr2
x6EH6_20160302,74.853537013333,1.4297996301186229,20.78039225285637,0.6798789100556561,75.83996108447693,1.4289587611738186,20.92561452679935,0.6798789100556561,1.3597578338061296,3.3597885608402813
