,chgavg,dt_alt,dt_avg,dt_cont,duration,eta1,ndfpr,rvp,rvxe,spot_avg
x6EH6_20160309,0.5297293406276994,4.041295669,4.1459560280000005,4.297961031000001,3.938373081781606,0.34603718187300786,6946.0,0.004123191744379088,0.0034301247306543054,10998.932848711675
