,ask12qty,ask12tomid,ask1qty,ask1tomid,bid12qty,bid12tomid,bid1qty,bid1tomid,twspr1,twspr2
x6EH6_20160224,64.57517036963688,1.74458641555493,18.602268387698775,1.0284535118257676,65.02281678916535,1.876349978370105,18.37559534820599,1.0284535118257676,2.056907041556097,4.316122325723596
