,Li,lamb,Co,Al,u,eta
0,1.0,0.9620214395099541,2746.0,3535.0,0.3884016973125884,0.3736507599567658
1,2.0,0.03506891271056661,46.0,183.0,-0.2486338797814207,-0.008719319826944155
2,3.0,0.0021439509954058193,3.0,11.0,-0.5909090909090908,-0.0012668801336488931
3,4.0,0.0004594180704441041,2.0,1.0,2.5,0.0011485451761102602
4,5.0,0.00030627871362940275,2.0,0.0,inf,inf
