,chgavg,dt_alt,dt_avg,dt_cont,duration,eta1,ndfpr,rvp,rvxe,spot_avg,M
x6EH6_20160118,0.5341993637327678,7.50145861,7.633690304000001,7.823529723,14.141878140781756,0.3593027225898267,1886.0,0.0021949395895410817,0.001860663437350843,10903.511658717542,5762
