,chgavg,dt_alt,dt_avg,dt_cont,duration,eta1,ndfpr,rvp,rvx,rvxe,spot_avg,M,S1,Volume
x6EH6_20160308,0.5331310065756196,3.4595879860000003,3.641726944,3.9096704480000004,3.0260609007930106,0.3375092929150345,7908.0,0.00442168075998063,0.0037051110475121163,0.003632831454672547,11031.638765962827,25951.0,0.902215018908698,80185.0
