,ask12qty,ask12tomid,ask1qty,ask1tomid,bid12qty,bid12tomid,bid1qty,bid1tomid,twspr1,twspr2
x6EH6_20160205,61.66800777130818,1.4739948372055232,16.149691605100205,0.7140278626565374,64.6033686818486,1.467671417297404,17.670824953973995,0.7140278626565374,1.4280557525856372,3.431008425966575
