,chgavg,dt_alt,dt_avg,dt_cont,duration,eta1,ndfpr,rvp,rvx,rvxe,spot_avg,M,S1,Volume
x6EH6_20160311,0.7127311022700679,7.086016047,6.734131746,6.4197862930000005,10.162576203538,0.39536339662606346,4273.0,0.004775794174160587,0.004292189557853876,0.004246770861293813,11146.762166588676,8017.0,0.22787666081724742,17442.0
