,chgavg,dt_alt,dt_avg,dt_cont,duration,eta1,ndfpr,rvp,rvx,rvxe,spot_avg,M,S1,Volume
x6EH6_20160226,0.5246615594500997,2.806416472,3.02212653,3.352779668,2.897397044161027,0.325155482782149,9529.0,0.004829598152713932,0.00398228485270682,0.0038946778022497185,10947.816421825813,37654.0,0.9426094356683156,133224.0
