,chgavg,dt_alt,dt_avg,dt_cont,duration,eta1,ndfpr,rvp,rvx,rvxe,spot_avg,M,S1,Volume
x6EH6_20160209,0.5456630109670987,1.9071578690000002,1.9142335810000002,1.9233427740000002,1.6641717488920007,0.3910395839267113,15045.0,0.0061709763879637305,0.00555725987685098,0.005457317780670722,11305.494217732288,44233.0,0.9121837414210967,127789.0
