,chgavg,dt_alt,dt_avg,dt_cont,duration,eta1,ndfpr,rvp,rvx,rvxe,spot_avg,M,S1,Volume
x6EH6_20160114,0.5293970477858394,2.197234137,2.401671135,2.695202965,2.0346580282762394,0.34439480926484334,11991.0,0.005462254705848113,0.004615731876490125,0.0045333081794326595,10890.519262841895,42211.0,0.8982166571808006,114618.0
