,chgavg,dt_alt,dt_avg,dt_cont,duration,eta1,ndfpr,rvp,rvx,rvxe,spot_avg,M,S1,Volume
x6EH6_20160205,0.5429001505268439,2.088244101,2.062576244,2.031085895,1.8270193045468524,0.38967900013474416,13951.0,0.0059738278817490905,0.005371373797060136,0.0052737702317463666,11145.979393635322,43592.0,0.9150431905899651,129339.0
