,chgavg,dt_alt,dt_avg,dt_cont,duration,eta1,ndfpr,rvp,rvxe,spot_avg,M
x6EH6_20160111,0.5333433014354066,2.798357486,2.870054683,2.966903812,2.678580876090635,0.37139375244917444,10032.0,0.005048322470827563,0.004350902820346232,10892.888019535532,32913
