,Trade Qty,Avg_Cost
0,1.0,0.26867086671967705
1,2.0,0.2622796393486745
2,3.0,0.26150246945671946
3,4.0,0.2699305847707194
4,5.0,0.28251028806584355
5,6.0,0.278372591006424
6,7.0,0.2916742493175614
7,8.0,0.32945478723404253
8,9.0,0.29314040728831725
9,10.0,0.32553846153846155
10,11.0,0.32117882117882113
11,12.0,0.3152680652680652
12,13.0,0.3468795355587808
13,14.0,0.3512720156555773
14,15.0,0.3838461538461539
15,16.0,0.3868701550387597
16,17.0,0.3475232198142415
17,18.0,0.39197530864197533
18,19.0,0.35
19,20.0,0.4139204545454545
20,21.0,0.4292517006802721
21,22.0,0.33794466403162055
22,23.0,0.44633152173913043
23,24.0,0.3831845238095237
24,25.0,0.4445454545454545
25,26.0,0.5153846153846153
26,27.0,0.3912037037037037
27,28.0,0.43452380952380953
28,29.0,0.3600405679513184
29,30.0,0.4738095238095238
30,31.0,0.4665898617511521
31,32.0,0.4496527777777778
32,33.0,0.5727272727272728
33,34.0,0.5183823529411764
34,35.0,0.4523809523809524
35,36.0,0.3125
36,37.0,0.5962837837837838
37,38.0,0.5789473684210527
38,39.0,0.6666666666666666
39,40.0,0.6660714285714286
40,42.0,0.5119047619047619
41,43.0,0.25
42,44.0,0.6068181818181818
43,45.0,0.25
44,46.0,0.40760869565217395
45,47.0,0.7588652482269502
46,48.0,0.375
47,50.0,0.7730000000000001
48,51.0,0.772875816993464
49,56.0,0.25
50,57.0,1.1008771929824561
51,58.0,0.375
52,59.0,1.0127118644067796
53,61.0,0.7868852459016393
54,66.0,0.25
55,69.0,0.25
56,70.0,0.8928571428571429
57,71.0,0.8609154929577465
58,72.0,0.9444444444444444
59,74.0,1.0168918918918919
60,75.0,0.8777777777777778
61,76.0,0.8026315789473685
62,77.0,1.0064935064935066
63,80.0,0.8395833333333335
64,82.0,0.8475609756097561
65,83.0,0.9939759036144579
66,84.0,0.5
67,86.0,1.1395348837209303
68,92.0,1.0190217391304348
69,95.0,1.0605263157894738
70,98.0,1.030612244897959
71,100.0,1.0683333333333334
72,101.0,1.0635313531353134
73,102.0,1.0098039215686274
74,106.0,0.7688679245283019
75,113.0,0.8617256637168142
76,115.0,1.3608695652173912
77,118.0,1.1906779661016949
78,122.0,0.9467213114754098
79,123.0,0.9735772357723578
80,128.0,1.10546875
81,129.0,1.1589147286821706
82,145.0,1.3224137931034483
83,150.0,1.15
84,329.0,2.3031914893617023
