,chgavg,dt_alt,dt_avg,dt_cont,duration,eta1,ndfpr,rvp,rvx,rvxe,spot_avg,M,S1,Volume
x6EH6_20160125,0.5103110800419434,4.725417296000001,5.033031393,5.500958215000001,18.953687188311825,0.4100248575388269,5722.0,0.0035937626724893597,0.002904586559739793,0.0032543891587460735,10846.759129827014,22711.0,0.0380583208527883,58959.0
