,ask12qty,ask12tomid,ask1qty,ask1tomid,bid12qty,bid12tomid,bid1qty,bid1tomid,twspr1,twspr2
x6EH6_20160115,68.38105559337731,0.7618459641208665,17.055304515149125,0.3731367426150141,66.03143258010252,0.7581599870651987,17.18240752482461,0.3731367426150141,0.7462735240452639,1.7469842629650874
