,ask12qty,ask12tomid,ask1qty,ask1tomid,bid12qty,bid12tomid,bid1qty,bid1tomid,twspr1,twspr2
x6EH6_20160226,79.06496122972199,1.42579121167304,22.712137537841425,0.6827188090029471,76.84326918880916,1.4339916695806108,21.24842462647768,0.6827188090029471,1.365437637886221,3.368492776523135
