,ask12qty,ask12tomid,ask1qty,ask1tomid,bid12qty,bid12tomid,bid1qty,bid1tomid,twspr1,twspr2
x6EH6_20160126,57.1343868611181,1.6927715139123352,13.161894055474832,0.9471733824824515,58.79115532878918,1.7327938820443918,11.351590029806706,0.9471733824824515,1.8943467731239778,4.114183748773341
