,ask12qty,ask12tomid,ask1qty,ask1tomid,bid12qty,bid12tomid,bid1qty,bid1tomid,twspr1,twspr2
x6EH6_20160121,48.862550556109866,0.718467610157585,12.301790692440346,0.33577364972884627,48.519062885207795,0.7174443403162684,12.483330051748743,0.33577364972884627,0.6715473344214601,1.6737017866656076
