,Li,lamb,Co,Al,u,eta
0,0.5,0.9282598887050685,5853.0,6490.0,0.475462249614792,0.44135253491088833
1,1.0,0.06752895172206347,294.0,604.0,0.24337748344370858,0.016435026329707496
2,1.5,0.003910362460520379,19.0,33.0,0.18181818181818188,0.0007109749928218874
3,2.0,0.00015039855617386073,1.0,1.0,0.5,7.519927808693036e-05
4,2.5,7.519927808693036e-05,0.0,1.0,-0.75,-5.639945856519778e-05
5,4.0,7.519927808693036e-05,1.0,0.0,inf,inf
