,chgavg,dt_alt,dt_avg,dt_cont,duration,eta1,ndfpr,rvp,rvx,rvxe,spot_avg,M,S1,Volume
x6EH6_20160115,0.5429902727705598,1.912099827,1.9580240640000002,2.016996464,1.712034962726311,0.3813216867698311,14701.0,0.006273236111348068,0.005592239670723891,0.005478382915810749,10964.644640185008,50464.0,0.8958205102749925,138748.0
