,Li,lamb,Co,Al,u,eta
0,1.0,0.9633879781420766,2322.0,2966.0,0.3914362778152394,0.3771050042558836
1,2.0,0.03424408014571949,32.0,156.0,-0.29487179487179493,-0.010097613376301903
2,3.0,0.0014571948998178506,0.0,8.0,-1.0,-0.0014571948998178506
3,4.0,0.000546448087431694,0.0,3.0,-1.5,-0.000819672131147541
4,5.0,0.00036429872495446266,1.0,1.0,0.5,0.00018214936247723133
