,Li,lamb,Co,Al,u,eta
0,1.0,0.9136934788590296,4420.0,5541.0,0.39884497383143835,0.3644220516654855
1,2.0,0.07997798770980465,194.0,678.0,-0.21386430678466084,-0.017104436899589494
2,3.0,0.0057782261762817574,12.0,51.0,-0.6470588235294117,-0.003738852231711725
3,4.0,0.0003668715032559846,3.0,1.0,4.5,0.0016509217646519306
4,5.0,0.0001834357516279923,2.0,0.0,inf,inf
