,Li,lamb,Co,Al,u,eta
0,1.0,0.9453928133547109,4145.0,5878.0,0.3525859135760463,0.3333321887848994
1,2.0,0.05253230217862869,105.0,452.0,-0.2676991150442478,-0.014062850804455912
2,3.0,0.002074884466660379,7.0,15.0,-0.30000000000000004,-0.0006224653399981139
