,Li,lamb,Co,Al,u,eta
0,1.0,0.9172427222276311,4096.0,5324.0,0.38467317806160783,0.35283867301318345
1,2.0,0.07457891149839353,211.0,555.0,-0.11981981981981982,-0.008936031738095802
2,3.0,0.007107389738097557,23.0,50.0,-0.31000000000000005,-0.002203290818810243
3,4.0,0.0009736150326161036,2.0,8.0,-1.0,-0.0009736150326161036
4,5.0,9.736150326161036e-05,1.0,0.0,inf,inf
