,Trade Qty,Avg_Cost
0,1.0,0.2689021232522009
1,2.0,0.26226993865030673
2,3.0,0.2587578553282524
3,4.0,0.2650200267022697
4,5.0,0.267122641509434
5,6.0,0.2705376344086022
6,7.0,0.2727380952380952
7,8.0,0.29039584685269304
8,9.0,0.27829409334985544
9,10.0,0.3094370860927152
10,11.0,0.27711598746081506
11,12.0,0.28059440559440557
12,13.0,0.2845596432552955
13,14.0,0.30743243243243246
14,15.0,0.3400793650793651
15,16.0,0.35119047619047616
16,17.0,0.3145424836601307
17,18.0,0.29259259259259257
18,19.0,0.32800751879699247
19,20.0,0.32314814814814813
20,21.0,0.3
21,22.0,0.27751196172248804
22,23.0,0.4123641304347826
23,24.0,0.3241421568627451
24,25.0,0.325
25,26.0,0.358974358974359
26,27.0,0.32142857142857145
27,28.0,0.3948412698412699
28,29.0,0.39827586206896554
29,30.0,0.5145833333333333
30,31.0,0.3539426523297491
31,32.0,0.35267857142857145
32,33.0,0.25
33,34.0,0.25
34,35.0,0.6178571428571429
35,36.0,0.46064814814814814
36,37.0,0.45720720720720714
37,38.0,0.45
38,39.0,0.6057692307692308
39,40.0,0.5013888888888889
40,42.0,0.5793650793650794
41,43.0,0.4534883720930233
42,44.0,0.375
43,45.0,0.7194444444444444
44,46.0,0.5543478260869565
45,47.0,0.3776595744680851
46,49.0,0.8392857142857143
47,50.0,0.5449999999999999
48,51.0,0.6813725490196079
49,52.0,0.375
50,53.0,0.5353773584905661
51,55.0,0.25
52,56.0,0.6026785714285714
53,57.0,0.611842105263158
54,60.0,0.5458333333333334
55,64.0,0.25
56,66.0,0.5454545454545454
57,67.0,0.5074626865671642
58,75.0,0.7816666666666667
59,77.0,0.7402597402597403
60,81.0,1.0154320987654322
61,90.0,0.7777777777777778
62,94.0,0.39095744680851063
63,126.0,0.8293650793650794
64,144.0,0.4340277777777778
65,162.0,1.0339506172839505
66,181.0,1.5359116022099448
67,314.0,1.6767515923566878
