,chgavg,dt_alt,dt_avg,dt_cont,duration,eta1,ndfpr,rvp,rvxe,spot_avg,M
x6EH6_20160203,0.545320176534266,1.1506075900000001,1.198931301,1.261624105,1.0412755350936036,0.378557255299596,24018.0,0.007966968376624604,0.006932244601509312,11070.483367334195,72228
