,Li,lamb,Co,Al,u,eta
0,1.0,0.9464468447981808,3464.0,4859.0,0.35645194484461823,0.3373628185203641
1,2.0,0.04945992040932348,69.0,366.0,-0.3114754098360656,-0.015405548979953216
2,3.0,0.0034110289937464467,3.0,27.0,-0.8333333333333333,-0.002842524161455372
3,4.0,0.00034110289937464467,2.0,1.0,2.5,0.0008527572484366117
4,5.0,0.00022740193291642978,1.0,1.0,0.5,0.00011370096645821489
5,6.0,0.00011370096645821489,0.0,1.0,-2.5,-0.0002842524161455372
