,ask12qty,ask12tomid,ask1qty,ask1tomid,bid12qty,bid12tomid,bid1qty,bid1tomid,twspr1,twspr2
x6EH6_20160115,65.24916104010752,1.5362248763373092,16.37980077397197,0.7643454654207905,62.61062650253321,1.5314167074879486,16.320955581420254,0.7643454654207905,1.5286909516375689,3.5321000889362204
