,chgavg,dt_alt,dt_avg,dt_cont,duration,eta1,ndfpr,rvp,rvx,rvxe,spot_avg,M,S1,Volume
x6EH6_20160224,0.5231967943009795,2.3672969630000003,2.564383292,2.8414946320000003,8.88686509782051,0.4187613914405845,11230.0,0.0051666170819966405,0.004330086847271381,0.004728295282124958,11018.327441901878,39187.0,0.06211354693648117,146271.0
