,Li,lamb,Co,Al,u,eta
0,0.5,0.9450577337901281,3159.0,4288.0,0.43417677238805974,0.410322116577372
1,1.0,0.05316584189823626,77.0,342.0,0.11257309941520466,0.005985043605503204
2,1.5,0.0015226494099733537,4.0,8.0,0.125,0.00019033117624666921
3,2.0,0.0001268874508311128,1.0,0.0,inf,inf
4,2.5,0.0001268874508311128,1.0,0.0,inf,inf
