,Li,lamb,Co,Al,u,eta
0,0.5,0.9795526039846207,2257.0,3347.0,0.41858380639378545,0.4100248575388269
1,1.0,0.020272631946871723,17.0,99.0,0.08585858585858586,0.0017405795105899964
2,1.5,0.00017476406850751484,0.0,1.0,-0.25,-4.369101712687871e-05
