,Trade Qty,Avg_Cost
0,1.0,0.27162747524752473
1,2.0,0.26306691071791743
2,3.0,0.25870797893884157
3,4.0,0.2676960444136017
4,5.0,0.27038043478260865
5,6.0,0.2697333333333333
6,7.0,0.272386942198263
7,8.0,0.2985544848035582
8,9.0,0.27652777777777776
9,10.0,0.2838095238095238
10,11.0,0.2883522727272727
11,12.0,0.2975589225589225
12,13.0,0.28313253012048195
13,14.0,0.29024144869215285
14,15.0,0.31178160919540227
15,16.0,0.35072815533980584
16,17.0,0.3216911764705882
17,18.0,0.3107638888888889
18,19.0,0.3369883040935673
19,20.0,0.34068627450980393
20,21.0,0.3179271708683474
21,22.0,0.25
22,23.0,0.4717391304347826
23,24.0,0.3989898989898989
24,25.0,0.4963157894736842
25,26.0,0.35
26,27.0,0.3240740740740741
27,28.0,0.3125
28,29.0,0.3333333333333333
29,30.0,0.39285714285714285
30,31.0,0.3611111111111111
31,32.0,0.3870192307692308
32,33.0,0.5
33,34.0,0.3125
34,35.0,0.3875
35,36.0,0.538888888888889
36,37.0,0.5
37,38.0,0.39473684210526316
38,39.0,0.25
39,40.0,0.548611111111111
40,41.0,0.47560975609756095
41,42.0,0.5
42,43.0,0.6075581395348837
43,44.0,0.5
44,47.0,0.7553191489361702
45,48.0,0.6875
46,49.0,0.25
47,50.0,0.75
48,52.0,0.375
49,53.0,0.4166666666666667
50,54.0,0.6111111111111112
51,55.0,0.5
52,61.0,0.25
53,63.0,0.25
54,64.0,0.5
55,65.0,0.5
56,70.0,1.2214285714285715
57,71.0,0.7288732394366197
58,73.0,0.25
59,75.0,0.375
60,76.0,0.6842105263157895
61,80.0,0.81875
62,83.0,0.9156626506024096
63,97.0,0.5902061855670103
64,100.0,0.9
65,104.0,0.4182692307692308
66,109.0,0.7568807339449541
67,222.0,1.40990990990991
