,ask12qty,ask12tomid,ask1qty,ask1tomid,bid12qty,bid12tomid,bid1qty,bid1tomid,twspr1,twspr2
x6EH6_20160309,69.47126000238977,1.7373458593161537,19.363193160172738,1.013190149642321,68.61649118305075,1.7450420779636664,18.867094366273353,1.013190149642321,2.0263803096263633,4.026397089356678
