,Trade Qty,Avg_Cost
0,1.0,0.2707435614791061
1,2.0,0.26565167899829256
2,3.0,0.2625251762336355
3,4.0,0.2693236714975845
4,5.0,0.2703921568627451
5,6.0,0.2708612226684516
6,7.0,0.27154398563734283
7,8.0,0.29291491911324147
8,9.0,0.2935755660874144
9,10.0,0.31012396694214867
10,11.0,0.29044380816034354
11,12.0,0.32355442176870747
12,13.0,0.3271441202475685
13,14.0,0.3080357142857143
14,15.0,0.32027777777777783
15,16.0,0.3413690476190476
16,17.0,0.34579831932773103
17,18.0,0.328125
18,19.0,0.32407407407407407
19,20.0,0.32134146341463415
20,21.0,0.37343358395989973
21,22.0,0.3837412587412587
22,23.0,0.3260869565217391
23,24.0,0.3819444444444445
24,25.0,0.40384615384615385
25,26.0,0.36025641025641025
26,27.0,0.3657407407407407
27,28.0,0.3626373626373626
28,29.0,0.3879310344827586
29,30.0,0.4611111111111111
30,31.0,0.3370967741935484
31,32.0,0.3977272727272727
32,33.0,0.35700757575757575
33,34.0,0.45098039215686275
34,35.0,0.43452380952380953
35,36.0,0.39166666666666666
36,37.0,0.42454954954954954
37,38.0,0.35
38,39.0,0.3333333333333333
39,40.0,0.6583333333333333
40,41.0,0.25
41,42.0,0.5
42,44.0,0.25
43,45.0,0.3402777777777778
44,46.0,0.7065217391304348
45,47.0,0.25
46,48.0,0.5520833333333334
47,49.0,0.3125
48,50.0,0.55
49,51.0,0.5465686274509804
50,52.0,0.5
51,56.0,0.48214285714285715
52,57.0,0.25877192982456143
53,58.0,0.5
54,59.0,0.6822033898305084
55,60.0,0.6958333333333333
56,66.0,0.7537878787878788
57,69.0,0.4601449275362319
58,71.0,0.6267605633802817
59,72.0,0.6458333333333333
60,73.0,0.6678082191780822
61,74.0,0.8716216216216216
62,77.0,0.6461038961038961
63,80.0,0.25
64,82.0,0.8689024390243902
65,90.0,0.8333333333333334
66,95.0,0.5868421052631579
67,97.0,0.7783505154639175
68,98.0,1.0051020408163265
69,115.0,1.0565217391304347
70,123.0,0.9451219512195121
71,153.0,0.9983660130718954
72,292.0,1.4691780821917808
73,321.0,1.2951713395638629
