,ask12qty,ask12tomid,ask1qty,ask1tomid,bid12qty,bid12tomid,bid1qty,bid1tomid,twspr1,twspr2
x6EH6_20160222,75.87091655793947,1.4390013856427508,21.187286548957232,0.6896344977161672,75.51636725342092,1.4461970018652703,20.26705654079076,0.6896344977161672,1.3792690079784482,3.3792711774650375
