,ask12qty,ask12tomid,ask1qty,ask1tomid,bid12qty,bid12tomid,bid1qty,bid1tomid,twspr1,twspr2
x6EH6_20160111,48.76550504803631,1.5576433997342811,11.375718141703727,0.7711757226254665,46.749739342379875,1.5632753514269924,10.676617553838602,0.7711757226254665,1.5423514574726462,3.5423671748318326
