,chgavg,dt_alt,dt_avg,dt_cont,duration,eta1,ndfpr,rvp,rvx,rvxe,spot_avg,M,S1,Volume
x6EH6_20160229,0.5236143398996697,3.1394449200000003,3.523675882,4.128691959,3.0721631186658422,0.32021177548042307,8173.0,0.004449116760199831,0.0036120022776134327,0.0035604709806623834,10881.037558111084,30344.0,0.9264439093577861,103683.0
