,chgavg,dt_alt,dt_avg,dt_cont,duration,eta1,ndfpr,rvp,rvxe,spot_avg
x6EH6_20160125,0.5137242669993761,5.757031240000001,5.988408099,6.328253328000001,6.217777932830452,0.3425250997424258,4809.0,0.0033267955570621894,0.0027535141421483555,10849.226923076923
