,chgavg,dt_alt,dt_avg,dt_cont,duration,eta1,ndfpr,rvp,rvxe,spot_avg,M
x6EH6_20160303,0.5293916998294486,3.1553962380000002,3.273506298,3.448986554,3.0950420972639825,0.3373628185203641,8795.0,0.00467562145958394,0.003840634238535117,10941.324181446113,31855
