,chgavg,dt_alt,dt_avg,dt_cont,duration,eta1,ndfpr,rvp,rvx,rvxe,spot_avg,M,S1,Volume
x6EH6_20160115,0.5495712470887149,1.451004377,1.52434935,1.6208743710000002,1.0127696918959852,0.3687224444696985,18892.0,0.007689996103245924,0.006889024507809091,0.006603754273155226,10964.39771343884,64225.0,0.892477648270374,179233.0
