,chgavg,dt_alt,dt_avg,dt_cont,duration,eta1,ndfpr,rvp,rvx,rvxe,spot_avg,M,S1,Volume
x6EH6_20160217,0.5429842491282915,3.389830668,3.4626188370000004,3.5638868890000004,3.0074978450014016,0.3629874479768844,8317.0,0.004659311803148696,0.004060260266467901,0.003969927505043953,11138.278492426063,26613.0,0.8971146973629763,85362.0
