,Li,lamb,Co,Al,u,eta
0,0.5,0.9424693608832169,3901.0,5403.0,0.43050157320007404,0.40573454255309316
1,1.0,0.05297275397548871,89.0,434.0,0.10253456221198154,0.005431538138039739
2,1.5,0.003342449103615922,3.0,30.0,-0.17500000000000004,-0.0005849285931327866
3,2.0,0.0006077180188392585,4.0,2.0,1.5,0.0009115770282588879
4,2.5,0.00020257267294641952,1.0,1.0,0.5,0.00010128633647320976
5,3.0,0.00030385900941962927,0.0,3.0,-1.0,-0.00030385900941962927
6,3.5,0.00010128633647320976,0.0,1.0,-1.25,-0.0001266079205915122
