,chgavg,dt_alt,dt_avg,dt_cont,duration,eta1,ndfpr,rvp,rvxe,spot_avg
x6EM6_20160425,0.5240196078431373,6.8578687810000005,7.058389909000001,7.319005616,6.902497633323392,0.39358956697433073,4080.0,0.003036828304952629,0.002694368704299772,11280.260720411663
