,Trade Qty,Avg_Cost
0,1.0,0.2658382066276803
1,2.0,0.2801998183469573
2,3.0,0.3023076923076923
3,4.0,0.2971246006389776
4,5.0,0.33357142857142863
5,6.0,0.3037383177570093
6,7.0,0.3177083333333333
7,8.0,0.3360020661157025
8,9.0,0.3373015873015874
9,10.0,0.4033333333333333
10,11.0,0.3712121212121212
11,12.0,0.39035087719298245
12,13.0,0.4288461538461538
13,14.0,0.5773809523809524
14,15.0,0.37444444444444447
15,16.0,0.42613636363636365
16,17.0,0.4705882352941176
17,18.0,0.375
18,19.0,0.5328947368421053
19,20.0,0.5700000000000001
20,21.0,0.5
21,22.0,0.38636363636363635
22,23.0,0.5760869565217391
23,24.0,0.5
24,25.0,0.6388888888888888
25,26.0,0.25
26,28.0,0.5
27,29.0,0.31896551724137934
28,30.0,0.65
29,31.0,0.7580645161290323
30,33.0,0.6515151515151515
31,34.0,0.5882352941176471
32,35.0,0.4642857142857143
33,36.0,0.6666666666666666
34,37.0,0.5
35,38.0,0.5
36,39.0,0.7307692307692307
37,40.0,0.675
38,41.0,0.25
39,42.0,0.8095238095238095
40,43.0,0.25
41,44.0,0.5
42,45.0,1.3333333333333333
43,47.0,0.5
44,48.0,0.6822916666666666
45,49.0,0.5382653061224489
46,50.0,0.865
47,55.0,0.25
48,60.0,0.5
49,61.0,0.25
50,62.0,0.5
51,64.0,0.63671875
52,67.0,0.9291044776119403
53,71.0,0.25
54,72.0,1.0972222222222223
55,80.0,0.8395833333333332
56,84.0,0.8452380952380952
57,90.0,0.37222222222222223
58,111.0,0.7207207207207207
59,140.0,1.2464285714285714
