,ask12qty,ask12tomid,ask1qty,ask1tomid,bid12qty,bid12tomid,bid1qty,bid1tomid,twspr1,twspr2
x6EM6_20160526,62.44779856966546,1.5047773646451166,15.350579045539872,0.7449518500876937,61.3762800602955,1.4956610024986714,14.89748406101637,0.7449518500876937,1.4899037072153194,3.489904918816956
