,chgavg,dt_alt,dt_avg,dt_cont,duration,eta1,ndfpr,rvp,rvx,rvxe,spot_avg,M,S1,Volume
x6EM6_20160607,0.5138297872340426,7.338083113000001,7.659126961,8.076252641,7.937311634505108,0.3900430872005361,3760.0,0.0028126351802805973,0.0024961875037575157,0.0024841893468975935,11357.75219356554,15565.0,0.966988416988417,46668.0
