,chgavg,dt_alt,dt_avg,dt_cont,duration,eta1,ndfpr,rvp,rvxe,spot_avg
x6EM6_20160531,0.5152380952380953,4.482520619000001,4.9823472,5.786868958,5.119576401125745,0.3137266158164309,5775.0,0.003567276561519268,0.0028257091671935997,11150.355522853186
