,chgavg,dt_alt,dt_avg,dt_cont,duration,eta1,ndfpr,rvp,rvx,rvxe,spot_avg,M,S1,Volume
x6EM6_20160317,0.5350608458854565,2.44612944,2.450695302,2.45588056,7.869251781166143,0.44298488822411625,11751.0,0.0053341080526302445,0.004787172939855059,0.005020780813923927,11341.42733151804,38829.0,0.08603123707074886,120662.0
