,ask12qty,ask12tomid,ask1qty,ask1tomid,bid12qty,bid12tomid,bid1qty,bid1tomid,twspr1,twspr2
x6EM6_20160329,57.65711040710459,0.6750946567041254,15.364564062278717,0.30287208577567637,60.71971739601938,0.6806943861216428,15.740332581514087,0.30287208577567637,0.605744195395824,1.6057489518838215
