,chgavg,dt_alt,dt_avg,dt_cont,duration,eta1,ndfpr,rvp,rvx,rvxe,spot_avg,M,S1,Volume
x6EM6_20160420,0.5168296089385475,3.842544257,4.022166339,4.26120693,14.569151167703955,0.43111470757659115,7160.0,0.003916819917279936,0.0033714496949243888,0.0036370144117805698,11351.297723781594,29686.0,0.046039955379778924,88079.0
