,ask12qty,ask12tomid,ask1qty,ask1tomid,bid12qty,bid12tomid,bid1qty,bid1tomid,twspr1,twspr2
x6EM6_20160406,41.903152644813176,1.5035816702216274,11.550012096223229,0.802440205304096,43.7339922429957,1.5532459776118896,12.576097139848974,0.802440205304096,1.6048804245048325,3.68998909825574
