,chgavg,dt_alt,dt_avg,dt_cont,duration,eta1,ndfpr,rvp,rvxe,spot_avg,M
x6EM6_20160418,0.5191599913401169,5.801786736,6.227873617,6.864089381,6.271687704283859,0.3341474096116458,4619.0,0.0031707716127267415,0.0025920836254914007,11334.05551948052,16587
