,Li,lamb,Co,Al,u,eta
0,1.0,0.9719298245614035,1843.0,2588.0,0.3560664605873261,0.3460716125708398
1,2.0,0.027412280701754384,9.0,116.0,-0.4224137931034483,-0.011579325468844525
2,3.0,0.0006578947368421052,0.0,3.0,-1.0,-0.0006578947368421052
