,ask12qty,ask12tomid,ask1qty,ask1tomid,bid12qty,bid12tomid,bid1qty,bid1tomid,twspr1,twspr2
x6EM6_20160503,52.660741519057126,1.82745507562946,11.933206582811218,0.9793854169176276,53.279345609398185,1.718290328265041,12.405781609096032,0.9793854169176276,1.9587708452698156,4.2136983055908805
