,chgavg,dt_alt,dt_avg,dt_cont,duration,eta1,ndfpr,rvp,rvxe,spot_avg,M
x6EM6_20160527,0.5168177065179506,4.840130172,5.017423824000001,5.274050625,5.1189934015217915,0.3466578322602708,5738.0,0.0035711491707465966,0.0029735380337614467,11138.898152988326,22715
