,Li,lamb,Co,Al,u,eta
0,1.0,0.9399751376309714,2343.0,2949.0,0.3972533062054934,0.37340823117486704
1,2.0,0.05860415556739478,56.0,274.0,-0.2956204379562044,-0.017324586134886782
2,3.0,0.0012431184514295863,1.0,6.0,-0.75,-0.0009323388385721898
3,4.0,0.0001775883502042266,1.0,0.0,inf,inf
