,Trade Qty,Avg_Cost
0,1.0,0.27050594967753655
1,2.0,0.2672875436554133
2,3.0,0.2601419341171486
3,4.0,0.269683908045977
4,5.0,0.2745069033530571
5,6.0,0.27897091722595074
6,7.0,0.2892451956471406
7,8.0,0.3078870019595036
8,9.0,0.27736111111111117
9,10.0,0.3246341463414635
10,11.0,0.2910927456382002
11,12.0,0.31412760416666674
12,13.0,0.30137772675086116
13,14.0,0.3025210084033613
14,15.0,0.3823809523809524
15,16.0,0.3016826923076923
16,17.0,0.33689839572192515
17,18.0,0.32063492063492066
18,19.0,0.39327485380116955
19,20.0,0.44449999999999995
20,21.0,0.35622710622710624
21,22.0,0.4666666666666666
22,23.0,0.3794466403162055
23,24.0,0.3310185185185185
24,25.0,0.5564285714285716
25,26.0,0.3769230769230769
26,27.0,0.4185185185185185
27,28.0,0.46230158730158727
28,29.0,0.7068965517241379
29,30.0,0.6000000000000001
30,31.0,0.5
31,32.0,0.53125
32,33.0,0.49242424242424243
33,34.0,0.5686274509803922
34,35.0,0.6833333333333332
35,36.0,0.3796296296296296
36,37.0,0.25
37,38.0,0.6973684210526315
38,39.0,0.25
39,40.0,0.49999999999999994
40,41.0,0.5289634146341463
41,42.0,0.25
42,43.0,0.6918604651162791
43,44.0,0.6325757575757576
44,45.0,0.25
45,46.0,0.6358695652173914
46,48.0,0.375
47,50.0,0.8399999999999999
48,51.0,0.25
49,53.0,0.48899371069182385
50,54.0,0.4444444444444444
51,55.0,0.6227272727272727
52,70.0,0.25
53,72.0,0.25
54,74.0,0.8445945945945946
55,75.0,0.8999999999999999
56,77.0,0.9188311688311688
57,79.0,0.7120253164556962
58,87.0,0.9626436781609196
59,95.0,0.9105263157894737
60,96.0,1.1770833333333333
61,97.0,0.45618556701030927
62,113.0,0.25
63,116.0,1.146551724137931
64,123.0,0.8760162601626016
65,166.0,1.4578313253012047
66,168.0,1.1488095238095237
67,212.0,1.6816037735849056
68,323.0,2.082043343653251
