,Li,lamb,Co,Al,u,eta
0,1.0,0.9799124900556881,2010.0,2916.0,0.3446502057613169,0.3377270413257773
1,2.0,0.019689737470167064,14.0,85.0,-0.33529411764705885,-0.006601853151761899
2,3.0,0.0001988862370723946,0.0,1.0,-1.0,-0.0001988862370723946
3,4.0,0.0001988862370723946,1.0,0.0,inf,inf
