,ask12qty,ask12tomid,ask1qty,ask1tomid,bid12qty,bid12tomid,bid1qty,bid1tomid,twspr1,twspr2
x6EM6_20160523,67.59081279206139,0.6841231021008565,15.837269740741766,0.2918175871676634,65.24863063329478,0.6856227333252491,15.111072323033332,0.2918175871676634,0.5836351833189674,1.583635749463091
