,Li,lamb,Co,Al,u,eta
0,0.5,0.9738569618795347,3659.0,4797.0,0.4406920992286846,0.42917106887916123
1,1.0,0.025452032707589542,38.0,182.0,0.10439560439560441,0.002657080337605502
2,1.5,0.00046067027525048944,2.0,2.0,0.5,0.00023033513762524472
3,2.0,0.00023033513762524472,2.0,0.0,inf,inf
