,Li,lamb,Co,Al,u,eta
0,0.5,0.9567119502647939,1912.0,2242.0,0.46320249776984834,0.4431513650089155
1,1.0,0.040294727147133315,30.0,145.0,0.10344827586206895,0.004168420049703446
2,1.5,0.0029933225880727607,6.0,7.0,0.3928571428571428,0.001175948159600013
