,Li,lamb,Co,Al,u,eta
0,1.0,0.9376269219611256,2486.0,3977.0,0.3125471460900176,0.2930526185561175
1,2.0,0.054105018856977084,47.0,326.0,-0.35582822085889565,-0.019252092599415155
2,3.0,0.005076878445024659,2.0,33.0,-0.9090909090909092,-0.004615344040931509
3,4.0,0.0026109660574412533,3.0,15.0,-1.1,-0.002872062663185379
4,5.0,0.0001450536698578474,1.0,0.0,inf,inf
5,6.0,0.0001450536698578474,0.0,1.0,-2.5,-0.0003626341746446185
6,10.0,0.0001450536698578474,1.0,0.0,inf,inf
7,22.0,0.0001450536698578474,1.0,0.0,inf,inf
