,chgavg,dt_alt,dt_avg,dt_cont,duration,eta1,ndfpr,rvp,rvxe,spot_avg,M
x6EM6_20160405,0.5204750204750205,3.7196263910000003,3.9308773140000004,4.231266936,3.927422999984264,0.35468086888541434,7326.0,0.003984652599121621,0.0033560184769549713,11397.200969018699,27797
