,Li,lamb,Co,Al,u,eta
0,1.0,0.9453822040028936,3669.0,4171.0,0.43982258451210743,0.4158004443163051
1,2.0,0.05027730889799855,112.0,305.0,-0.13278688524590165,-0.006676167247111284
2,3.0,0.003375934410417169,7.0,21.0,-0.5,-0.0016879672052085846
3,4.0,0.0008439836026042923,1.0,6.0,-1.1666666666666667,-0.0009846475363716745
4,5.0,0.00012056908608632747,0.0,1.0,-2.0,-0.00024113817217265494
