,ask12qty,ask12tomid,ask1qty,ask1tomid,bid12qty,bid12tomid,bid1qty,bid1tomid,twspr1,twspr2
x6EM6_20160510,64.84468960181346,1.4322636590137594,15.05436088174013,0.6437753441608595,64.4423369009581,1.4316819214543726,14.89168051134628,0.6437753441608595,1.2875506972808615,3.2875520051364058
