,chgavg,dt_alt,dt_avg,dt_cont,duration,eta1,ndfpr,rvp,rvx,rvxe,spot_avg,M,S1,Volume
x6EM6_20160519,0.5192991366175723,3.353328329,3.6566183430000003,4.069615961,3.2637993856880985,0.36724597108845647,7876.0,0.00419014617196991,0.0036247504541819537,0.003591060246839219,11209.218801574203,30556.0,0.9447490233413217,95128.0
