,chgavg,dt_alt,dt_avg,dt_cont,duration,eta1,ndfpr,rvp,rvx,rvxe,spot_avg,M,S1,Volume
x6EM6_20160518,0.5477622591497604,2.788978961,2.935967669,3.1644811120000003,8.464675191024533,0.3916830816297191,9809.0,0.005176695820110144,0.004188178314215837,0.004581788640532652,11267.782313965341,34823.0,0.07341458495404385,107913.0
