,Li,lamb,Co,Al,u,eta
0,1.0,0.9423220973782771,2294.0,2737.0,0.4190719766167337,0.39490078395794076
1,2.0,0.05468164794007491,52.0,240.0,-0.2833333333333333,-0.015493133583021223
2,3.0,0.0028089887640449437,4.0,11.0,-0.4545454545454546,-0.0012768130745658835
3,4.0,0.00018726591760299626,0.0,1.0,-1.5,-0.0002808988764044944
