,Trade Qty,Avg_Cost
0,1.0,0.2663574957152939
1,2.0,0.26151857075693463
2,3.0,0.2585939439066765
3,4.0,0.270021645021645
4,5.0,0.2701081612586036
5,6.0,0.2721804511278196
6,7.0,0.27952105697770435
7,8.0,0.30765716374269003
8,9.0,0.28425446171560165
9,10.0,0.31552631578947365
10,11.0,0.2926406926406926
11,12.0,0.33760683760683763
12,13.0,0.2928994082840237
13,14.0,0.3092705167173252
14,15.0,0.35000000000000003
15,16.0,0.33370535714285715
16,17.0,0.3107843137254902
17,18.0,0.33333333333333337
18,19.0,0.31265664160401
19,20.0,0.46803278688524586
20,21.0,0.3035714285714286
21,22.0,0.3494318181818182
22,23.0,0.34057971014492755
23,24.0,0.578125
24,25.0,0.5814285714285715
25,26.0,0.3141025641025641
26,28.0,0.45535714285714285
27,29.0,0.25
28,30.0,0.5261904761904762
29,31.0,0.25
30,32.0,0.25
31,33.0,0.4590909090909091
32,34.0,0.49264705882352944
33,35.0,0.4714285714285714
34,36.0,0.6388888888888888
35,38.0,0.5986842105263157
36,39.0,0.5448717948717949
37,40.0,0.5
38,41.0,0.25
39,42.0,0.25
40,43.0,0.25
41,44.0,0.53125
42,46.0,0.5380434782608696
43,47.0,0.25
44,49.0,0.49489795918367346
45,50.0,0.655
46,51.0,0.8308823529411765
47,52.0,0.6923076923076923
48,53.0,0.25
49,55.0,0.5590909090909091
50,56.0,0.5
51,59.0,0.6059322033898306
52,66.0,0.6742424242424242
53,67.0,0.9589552238805971
54,68.0,0.8235294117647058
55,72.0,0.6493055555555556
56,83.0,1.0391566265060241
57,87.0,1.1436781609195403
58,88.0,0.8522727272727273
59,89.0,0.7780898876404494
60,99.0,1.0808080808080809
61,101.0,0.9653465346534653
62,104.0,0.9471153846153846
63,105.0,0.25
64,114.0,1.0482456140350878
