,ask12qty,ask12tomid,ask1qty,ask1tomid,bid12qty,bid12tomid,bid1qty,bid1tomid,twspr1,twspr2
x6EM6_20160323,64.21556277374417,1.6111009843471789,17.711211167741933,0.8538096208486298,61.07898305876138,1.5761847549359573,16.31545729717229,0.8538096208486298,1.707619250246233,3.707627673703696
