,chgavg,dt_alt,dt_avg,dt_cont,duration,eta1,ndfpr,rvp,rvxe,spot_avg
x6EM6_20160408,0.5235585864848109,4.2244838730000005,4.460247803000001,4.790502965,4.3294329747251235,0.3581854792102304,6452.0,0.003788085579037762,0.003206186399394062,11418.451650395165
