,ask12qty,ask12tomid,ask1qty,ask1tomid,bid12qty,bid12tomid,bid1qty,bid1tomid,twspr1,twspr2
x6EM6_20160502,58.27429807384063,1.4139132640216237,13.09093038784558,0.6222771148132116,56.71297677945527,1.4033039860274164,13.3448633595993,0.6222771148132116,1.244554242005247,3.2447936491178986
