,chgavg,dt_alt,dt_avg,dt_cont,duration,eta1,ndfpr,rvp,rvxe,spot_avg
x6EM6_20160512,0.5183467741935484,5.49178808,5.806188937,6.256198147,5.8714021920922015,0.35227171934083373,4960.0,0.003257558211352761,0.0027342994336074914,11401.957266680105
