,ask12qty,ask12tomid,ask1qty,ask1tomid,bid12qty,bid12tomid,bid1qty,bid1tomid,twspr1,twspr2
x6EM6_20160524,72.39621752349541,0.7046122531148408,17.142786422707694,0.3127073233208125,69.56209720810544,0.7028064815541704,16.52115667076586,0.3127073233208125,0.6254146575592037,1.6254291346877145
