,ask12qty,ask12tomid,ask1qty,ask1tomid,bid12qty,bid12tomid,bid1qty,bid1tomid,twspr1,twspr2
x6EM6_20160518,57.9766923417406,1.6001441734258008,14.301529811720448,0.8598074122685746,57.772500117888406,1.6757671082159664,14.136634449890026,0.8598074122685746,1.7196148338632438,3.803610530571296
