,Li,lamb,Co,Al,u,eta
0,1.0,0.9663667523564696,1795.0,2715.0,0.3305709023941068,0.3194527293701405
1,2.0,0.032776349614395885,23.0,130.0,-0.32307692307692304,-0.010589282183112515
2,3.0,0.0004284490145672665,0.0,2.0,-1.0,-0.0004284490145672665
3,4.0,0.0004284490145672665,0.0,2.0,-1.5,-0.0006426735218508998
