,chgavg,dt_alt,dt_avg,dt_cont,duration,eta1,ndfpr,rvp,rvxe,spot_avg
x6EM6_20160414,0.5285055350553506,5.194081860000001,5.313388259,5.465124014000001,5.053763280818306,0.3966703853085043,5420.0,0.003547187058337106,0.003159468124201439,11286.283895960156
