,ask12qty,ask12tomid,ask1qty,ask1tomid,bid12qty,bid12tomid,bid1qty,bid1tomid,twspr1,twspr2
x6EM6_20160505,64.8829839677619,1.393413661468071,14.873056384809829,0.6075791634637354,64.08853545340709,1.3949969059090397,14.714199724426132,0.6075791634637354,1.2151583409516595,3.2151784789358335
