,chgavg,dt_alt,dt_avg,dt_cont,duration,eta1,ndfpr,rvp,rvx,rvxe,spot_avg,M,S1,Volume
x6EM6_20160401,0.5303899640182826,2.693124789,2.7998748620000002,2.947673888,2.386799124879059,0.3602395026817908,10283.0,0.005109856532119952,0.004479693992816646,0.004337299096718812,11400.551682224816,38234.0,0.9392508655964746,123143.0
