,Trade Qty,Avg_Cost
0,1.0,0.26576196898179366
1,2.0,0.2601684143628853
2,3.0,0.25805939336191835
3,4.0,0.2638634280476627
4,5.0,0.26553254437869817
5,6.0,0.26422275641025644
6,7.0,0.27285714285714285
7,8.0,0.28501124859392574
8,9.0,0.26560356652949246
9,10.0,0.31136363636363645
10,11.0,0.2784090909090909
11,12.0,0.2863849765258216
12,13.0,0.29885654885654883
13,14.0,0.28310104529616725
14,15.0,0.3064516129032258
15,16.0,0.32240853658536583
16,17.0,0.375
17,18.0,0.37878787878787873
18,19.0,0.28846153846153844
19,20.0,0.41333333333333333
20,21.0,0.314484126984127
21,22.0,0.3068181818181818
22,23.0,0.3351449275362319
23,24.0,0.32916666666666666
24,25.0,0.35333333333333333
25,26.0,0.5224358974358975
26,27.0,0.5
27,28.0,0.39285714285714285
28,29.0,0.6982758620689655
29,30.0,0.5666666666666667
30,31.0,0.4838709677419355
31,32.0,0.546875
32,33.0,0.6363636363636364
33,35.0,0.5071428571428571
34,36.0,0.3287037037037037
35,37.0,0.6486486486486487
36,38.0,0.6403508771929824
37,39.0,0.4391025641025641
38,40.0,0.56875
39,41.0,0.4481707317073171
40,42.0,0.25
41,46.0,0.9565217391304348
42,47.0,0.5638297872340425
43,48.0,0.625
44,49.0,0.6479591836734694
45,50.0,1.29
46,53.0,0.6792452830188679
47,54.0,0.7962962962962963
48,57.0,0.881578947368421
49,58.0,0.25
50,61.0,0.7172131147540983
51,62.0,0.9919354838709677
52,64.0,0.5546875
53,70.0,0.7785714285714286
54,72.0,0.5555555555555556
55,75.0,0.9433333333333334
56,87.0,0.8879310344827587
57,97.0,0.5
58,123.0,0.75
59,124.0,1.3225806451612903
60,126.0,1.3293650793650793
