,Li,lamb,Co,Al,u,eta
0,1.0,0.964516129032258,2019.0,2764.0,0.3652315484804631,0.35227171934083373
1,2.0,0.034274193548387094,26.0,144.0,-0.3194444444444444,-0.010948700716845877
2,3.0,0.0012096774193548388,2.0,4.0,-0.25,-0.0003024193548387097
