,ask12qty,ask12tomid,ask1qty,ask1tomid,bid12qty,bid12tomid,bid1qty,bid1tomid,twspr1,twspr2
x6EM6_20160607,69.26770071674345,1.6467841924157431,15.582619016449744,0.8700198504638404,65.14458804419478,1.6630221193003438,15.8242409580109,0.8700198504638404,1.7400397080816505,3.823451361595889
