,chgavg,dt_alt,dt_avg,dt_cont,duration,eta1,ndfpr,rvp,rvx,rvxe,spot_avg,M,S1,Volume
x6EM6_20160419,0.5193136472466081,4.2404988040000005,4.596806702,5.184340244,16.20191992119266,0.3940547743258526,6265.0,0.00370288776274151,0.002889926629936527,0.0032872583951244734,11386.033434407917,26862.0,0.049245818399044204,81502.0
