,ask12qty,ask12tomid,ask1qty,ask1tomid,bid12qty,bid12tomid,bid1qty,bid1tomid,twspr1,twspr2
x6EM6_20160412,48.442883949882074,2.5406529799546638,11.72233857954196,1.5371939525793028,47.57208763318995,2.476829468478239,11.478065637564004,1.5371939525793028,3.0743879144908117,5.660312366710411
