,chgavg,dt_alt,dt_avg,dt_cont,duration,eta1,ndfpr,rvp,rvx,rvxe,spot_avg,M,S1,Volume
x6EM6_20160610,0.6441275167785235,9.426263957,9.649696162000001,9.902292991000001,5.228578613488256,0.3805100614312748,2980.0,0.0034897750449231295,0.0032261046606483373,0.0030443564662362616,11278.549647769205,6736.0,0.8985291932848016,16013.0
