,Li,lamb,Co,Al,u,eta
0,0.5,0.9639545056867892,2347.0,3161.0,0.43562163872192344,0.4199194414206608
1,1.0,0.03482064741907261,43.0,156.0,0.13782051282051283,0.004798999484038854
2,1.5,0.0012248468941382328,2.0,5.0,0.050000000000000044,6.124234470691169e-05
