,Li,lamb,Co,Al,u,eta
0,1.0,0.9621868978805395,1567.0,2427.0,0.3228265348166461,0.3106194620887527
1,2.0,0.036608863198458574,22.0,130.0,-0.3307692307692307,-0.012109085519490142
2,3.0,0.000722543352601156,1.0,2.0,-0.25,-0.000180635838150289
3,4.0,0.0004816955684007707,0.0,2.0,-1.5,-0.000722543352601156
