,ask12qty,ask12tomid,ask1qty,ask1tomid,bid12qty,bid12tomid,bid1qty,bid1tomid,twspr1,twspr2
x6EM6_20160506,50.14407006795083,0.7273590141199348,11.486160753029944,0.33508689606252867,51.85247710819149,0.727179308675967,11.976821337685122,0.33508689606252867,0.6701738125584622,1.6707138675803048
