,Li,lamb,Co,Al,u,eta
0,1.0,0.9392882781253205,4063.0,5095.0,0.3987242394504416,0.37451700432023327
1,2.0,0.054353399651317816,113.0,417.0,-0.22901678657074342,-0.012447840927340172
2,3.0,0.004614911291149625,16.0,29.0,-0.1724137931034483,-0.0007956743605430389
3,4.0,0.001128089426725464,6.0,5.0,0.8999999999999999,0.0010152804840529177
4,5.0,0.0005127679212388473,2.0,3.0,-0.3333333333333335,-0.00017092264041294915
5,8.0,0.00010255358424776946,0.0,1.0,-3.5,-0.0003589375448671931
