,Li,lamb,Co,Al,u,eta
0,1.0,0.9637877614252517,1917.0,3060.0,0.31323529411764706,0.3018923429170274
1,2.0,0.03505034856700232,30.0,150.0,-0.30000000000000004,-0.010515104570100698
2,3.0,0.0011618900077459333,1.0,5.0,-0.7000000000000002,-0.0008133230054221535
