,chgavg,dt_alt,dt_avg,dt_cont,duration,eta1,ndfpr,rvp,rvxe,spot_avg
x6EM6_20160504,0.5300217024354955,3.348271178,3.4721235330000004,3.620090491,3.273472183437015,0.4158004443163051,8294.0,0.004323815959171226,0.0039429808927937855,11504.585654008439
