,ask12qty,ask12tomid,ask1qty,ask1tomid,bid12qty,bid12tomid,bid1qty,bid1tomid,twspr1,twspr2
x6EM6_20160601,64.82880399941365,1.4437301582839754,17.341376962643118,0.6900100712970046,66.33423162009495,1.4393272365405902,18.091980035636187,0.6900100712970046,1.380020151696565,3.3801707406860024
