,chgavg,dt_alt,dt_avg,dt_cont,duration,eta1,ndfpr,rvp,rvx,rvxe,spot_avg,M,S1,Volume
x6EM6_20160412,0.5201563372417644,3.09244814,3.21526391,3.376469524,11.439920359096684,0.42806782839410285,8955.0,0.004401187754764237,0.003777883569918652,0.004072313354867034,11400.26239392586,33502.0,0.05511999521216111,101189.0
