,Li,lamb,Co,Al,u,eta
0,1.0,0.9634943408257612,2670.0,3374.0,0.3956727919383521,0.3812284958513311
1,2.0,0.034752112227004625,45.0,172.0,-0.2383720930232558,-0.008283933728530172
2,3.0,0.0017535469472341782,2.0,9.0,-0.6666666666666667,-0.001169031298156119
