,ask12qty,ask12tomid,ask1qty,ask1tomid,bid12qty,bid12tomid,bid1qty,bid1tomid,twspr1,twspr2
x6EM6_20160428,52.15060088838598,0.7307518264611599,11.604034403146931,0.3327306240867656,52.503719791618224,0.7275024236103819,12.002966778100783,0.3327306240867656,0.6654612616272864,1.6654942402230555
