,chgavg,dt_alt,dt_avg,dt_cont,duration,eta1,ndfpr,rvp,rvx,rvxe,spot_avg,M,S1,Volume
x6EM6_20160606,0.5417484060814125,3.542465892,3.530891875,3.5158866250000003,3.0860213664341276,0.41504727729298674,8156.0,0.004508773132446864,0.004168280128821876,0.004107921784333142,11362.781659923992,27748.0,0.9240382878815243,76954.0
