,ask12qty,ask12tomid,ask1qty,ask1tomid,bid12qty,bid12tomid,bid1qty,bid1tomid,twspr1,twspr2
x6EM6_20160401,57.46918870091621,1.4136016375008906,14.687226970918696,0.6489412706775914,59.55544899257725,1.4134570211571293,14.716875717051694,0.6489412706775914,1.2978825585553553,3.302544948332224
