,Li,lamb,Co,Al,u,eta
0,1.0,0.9662880508859609,4276.0,6357.0,0.33632216454302344,0.32498408884602553
1,2.0,0.0319854611540209,43.0,309.0,-0.36084142394822005,-0.01154167934845738
2,3.0,0.0014538845979100408,6.0,10.0,-0.10000000000000009,-0.00014538845979100422
3,4.0,0.00027260336210813266,1.0,2.0,-0.5,-0.00013630168105406633
