,ask12qty,ask12tomid,ask1qty,ask1tomid,bid12qty,bid12tomid,bid1qty,bid1tomid,twspr1,twspr2
x6EM6_20160328,44.78000446505166,0.6724810236036116,13.164279235700436,0.3122895769531446,45.40284451065569,0.6827325799708438,12.715101551948989,0.3122895769531446,0.6245791611549385,1.6245837195987924
