,Li,lamb,Co,Al,u,eta
0,1.0,0.9587724736515809,2645.0,3540.0,0.3735875706214689,0.3581854792102304
1,2.0,0.037197768133911964,42.0,198.0,-0.28787878787878785,-0.010708448402186776
2,3.0,0.0030998140111593306,5.0,15.0,-0.5,-0.0015499070055796653
3,4.0,0.00046497210167389957,1.0,2.0,-0.5,-0.00023248605083694979
4,5.0,0.00015499070055796651,0.0,1.0,-2.0,-0.00030998140111593303
5,6.0,0.00015499070055796651,0.0,1.0,-2.5,-0.0003874767513949163
6,7.0,0.00015499070055796651,0.0,1.0,-3.0,-0.00046497210167389957
