,chgavg,dt_alt,dt_avg,dt_cont,duration,eta1,ndfpr,rvp,rvx,rvxe,spot_avg,M,S1,Volume
x6EM6_20160517,0.5336367844468446,4.181776221000001,4.443614699,4.86047105,3.228980222212981,0.3120302914620456,6481.0,0.004165480088622263,0.0034843098170976253,0.0032906253499878934,11336.225933353902,23800.0,0.9286345466021461,76405.0
