,ask12qty,ask12tomid,ask1qty,ask1tomid,bid12qty,bid12tomid,bid1qty,bid1tomid,twspr1,twspr2
x6EM6_20160420,55.1300283993196,0.7019787677503911,13.097145383389478,0.31058527680714765,53.20677984701407,0.69880777750836,12.961684150805434,0.31058527680714765,0.6211705663105141,1.6211787620407039
