,ask12qty,ask12tomid,ask1qty,ask1tomid,bid12qty,bid12tomid,bid1qty,bid1tomid,twspr1,twspr2
x6EM6_20160427,50.72878675000263,1.434932732825975,11.532014742867057,0.6520472225998986,49.00292609338655,1.4370001456338106,11.074508331057315,0.6520472225998986,1.3040944566726287,3.3047938584493672
