,Li,lamb,Co,Al,u,eta
0,1.0,0.9568617229245406,3305.0,4036.0,0.4094400396432111,0.39177750176729514
1,2.0,0.04066206177505539,75.0,237.0,-0.18354430379746833,-0.00746328981947219
2,3.0,0.002215561058256223,4.0,13.0,-0.5384615384615383,-0.00119299441598412
3,4.0,0.00026065424214779094,0.0,2.0,-1.5,-0.00039098136322168644
