,chgavg,dt_alt,dt_avg,dt_cont,duration,eta1,ndfpr,rvp,rvx,rvxe,spot_avg,M,S1,Volume
x6EM6_20160420,0.5204018547140649,4.309432210000001,4.448820153000001,4.634496233,4.436879416985474,0.378383679439237,6470.0,0.0037664363847051876,0.003305610749199024,0.003276512524673251,11344.178720445063,26626.0,0.9491614848313548,78774.0
