,Trade Qty,Avg_Cost
0,1.0,0.2675734710087371
1,2.0,0.26557350032959787
2,3.0,0.25824716888232396
3,4.0,0.2667641764176418
4,5.0,0.2714939024390243
5,6.0,0.26780125195618154
6,7.0,0.26341752170481453
7,8.0,0.2903225806451613
8,9.0,0.2796296296296296
9,10.0,0.28875
10,11.0,0.2932551319648094
11,12.0,0.2897435897435897
12,13.0,0.28141025641025647
13,14.0,0.26221804511278196
14,15.0,0.32416666666666666
15,16.0,0.33671875
16,17.0,0.2916666666666667
17,18.0,0.33179012345679015
18,19.0,0.30921052631578944
19,20.0,0.40166666666666667
20,21.0,0.39285714285714285
21,22.0,0.25
22,23.0,0.2916666666666667
23,24.0,0.49652777777777773
24,25.0,0.396
25,26.0,0.5576923076923076
26,27.0,0.3125
27,28.0,0.4955357142857143
28,29.0,0.25
29,30.0,0.5166666666666666
30,31.0,0.25
31,32.0,0.4625
32,33.0,0.4772727272727273
33,34.0,0.25
34,35.0,0.25
35,37.0,0.4797297297297297
36,38.0,0.75
37,39.0,0.5
38,40.0,0.5125000000000001
39,41.0,0.4878048780487805
40,42.0,0.5555555555555556
41,43.0,0.5988372093023255
42,44.0,0.6136363636363636
43,46.0,0.5108695652173914
44,47.0,0.35106382978723405
45,48.0,0.4166666666666667
46,49.0,0.6989795918367347
47,50.0,0.25
48,51.0,0.7475490196078431
49,52.0,0.6346153846153846
50,55.0,0.5
51,57.0,0.25
52,64.0,0.6484375
53,92.0,1.0326086956521738
54,97.0,0.9768041237113402
55,100.0,1.0133333333333334
56,116.0,1.3017241379310345
57,144.0,1.4444444444444444
58,157.0,1.0222929936305734
59,160.0,1.28125
60,193.0,1.3458549222797926
61,194.0,1.2577319587628866
