,chgavg,dt_alt,dt_avg,dt_cont,duration,eta1,ndfpr,rvp,rvx,rvxe,spot_avg,M,S1,Volume
x6EM6_20160330,0.5224852633580529,2.6606990510000004,2.7381187650000003,2.8398560450000003,2.377425710126155,0.38042118155455906,10518.0,0.0048446350976725575,0.004273615800305197,0.004225794894310013,11359.303403365338,42801.0,0.958938384192681,126245.0
