,chgavg,dt_alt,dt_avg,dt_cont,duration,eta1,ndfpr,rvp,rvxe,spot_avg,M
x6EM6_20160428,0.523471615720524,4.416454603,4.490958582,4.590368938,4.418825635677803,0.3811388699099242,6412.0,0.003772490936451008,0.003293705946197223,11349.08560736005,23704
