,Li,lamb,Co,Al,u,eta
0,1.0,0.9634332148298629,3282.0,4305.0,0.38118466898954706,0.36724597108845647
1,2.0,0.034789233113255456,49.0,225.0,-0.28222222222222226,-0.009818294678629874
2,3.0,0.0015236160487557136,5.0,7.0,0.07142857142857145,0.0001088297177682653
3,4.0,0.00025393600812595224,0.0,2.0,-1.5,-0.00038090401218892836
