,Trade Qty,Avg_Cost
0,1.0,0.27155792756056607
1,2.0,0.26663016698603886
2,3.0,0.26017380245866895
3,4.0,0.27204585537918874
4,5.0,0.272927807486631
5,6.0,0.27991452991452986
6,7.0,0.2791822192059721
7,8.0,0.3014188555347092
8,9.0,0.29007024265644965
9,10.0,0.31299435028248584
10,11.0,0.2755102040816327
11,12.0,0.2878787878787879
12,13.0,0.2955128205128206
13,14.0,0.32298136645962733
14,15.0,0.33687943262411346
15,16.0,0.3342391304347826
16,17.0,0.3048642533936652
17,18.0,0.26666666666666666
18,19.0,0.30756578947368424
19,20.0,0.35625
20,21.0,0.47883597883597884
21,22.0,0.3444055944055944
22,23.0,0.37747035573122534
23,24.0,0.36342592592592593
24,25.0,0.4466666666666667
25,26.0,0.3557692307692308
26,27.0,0.3587962962962963
27,28.0,0.35389610389610393
28,29.0,0.36379310344827587
29,30.0,0.35714285714285715
30,31.0,0.3387096774193548
31,32.0,0.5017361111111112
32,33.0,0.4292929292929293
33,34.0,0.6985294117647058
34,35.0,0.3333333333333333
35,36.0,0.3402777777777778
36,37.0,0.6621621621621622
37,38.0,0.4144736842105263
38,40.0,0.63125
39,41.0,0.375
40,42.0,0.44047619047619047
41,43.0,0.375
42,45.0,0.5
43,48.0,0.7604166666666666
44,49.0,0.25
45,50.0,0.77
46,54.0,0.25
47,55.0,0.25
48,56.0,0.6339285714285714
49,57.0,0.25
50,59.0,0.6228813559322034
51,60.0,0.8833333333333333
52,63.0,0.28174603174603174
53,75.0,0.8466666666666667
54,80.0,0.25
55,83.0,0.9969879518072289
56,102.0,0.8676470588235294
