,chgavg,dt_alt,dt_avg,dt_cont,duration,eta1,ndfpr,rvp,rvx,rvxe,spot_avg,M,S1,Volume
x6EM6_20160322,0.5308115787604333,4.850774841000001,5.114404861000001,5.470164964,4.841514153276864,0.37340823117486704,5631.0,0.003636358700068832,0.0031803636007035293,0.0031424882172159893,11248.25594815341,19665.0,0.9194651423905277,59198.0
