,Li,lamb,Co,Al,u,eta
0,0.5,0.9585957389789629,3070.0,4083.0,0.4379745285329415,0.41984051683299795
1,1.0,0.03993032292643709,59.0,239.0,0.12343096234309625,0.00492863818548073
2,1.5,0.0013399437223636608,2.0,8.0,-0.0625,-8.37464826477288e-05
3,2.0,0.00013399437223636607,1.0,0.0,inf,inf
