,chgavg,dt_alt,dt_avg,dt_cont,duration,eta1,ndfpr,rvp,rvx,rvxe,spot_avg,M,S1,Volume
x6EM6_20160427,0.602288633818589,2.0120556670000003,2.01529281,2.019080096,1.0633597406581945,0.3940971444568869,14288.0,0.007261649937609892,0.006737366908271293,0.006446915098928591,11331.589474420884,44776.0,0.8454608765978479,118124.0
