,chgavg,dt_alt,dt_avg,dt_cont,duration,eta1,ndfpr,rvp,rvx,rvxe,spot_avg,M,S1,Volume
x6EM6_20160520,0.5174592973436161,5.688529589000001,6.168627026,6.922491807,5.567494836584483,0.3194527293701405,4668.0,0.003203419154354915,0.0025914987872160448,0.0025605429642053686,11225.936174769759,18691.0,0.9460823801084797,58350.0
