,chgavg,dt_alt,dt_avg,dt_cont,duration,eta1,ndfpr,rvp,rvxe,spot_avg
x6EM6_20160406,0.5332660442425772,2.2732495150000003,2.422224484,2.606292201,2.239571625512474,0.3993113618542061,11889.0,0.005265008466569417,0.00470511134734979,11422.494491169049
