,chgavg,dt_alt,dt_avg,dt_cont,duration,eta1,ndfpr,rvp,rvxe,spot_avg
x6EM6_20160602,0.5195255474452555,5.000725815,5.255091778000001,5.617181647000001,5.275683874170796,0.351995381361109,5480.0,0.0035086707930916637,0.0029439206645109064,11167.616858237549
