,ask12qty,ask12tomid,ask1qty,ask1tomid,bid12qty,bid12tomid,bid1qty,bid1tomid,twspr1,twspr2
x6EM6_20160420,47.603245271464864,2.5463092394271727,11.676443935055943,1.439309727793972,45.92057632875428,2.326398310330004,11.561116097986934,1.439309727793972,2.8786194635568583,5.641811781845641
