,chgavg,dt_alt,dt_avg,dt_cont,duration,eta1,ndfpr,rvp,rvx,rvxe,spot_avg,M,S1,Volume
x6EM6_20160506,0.5734118486795147,2.004697676,2.0554214280000003,2.120149715,4.0743180526041805,0.42035678585135766,14010.0,0.007348578754198242,0.006643591652239511,0.006737943764545451,11441.037970166299,47041.0,0.09333134544525143,127949.0
