,chgavg,dt_alt,dt_avg,dt_cont,duration,eta1,ndfpr,rvp,rvx,rvxe,spot_avg,M,S1,Volume
x6EM6_20160608,0.5132126508531003,5.6509118670000005,5.992244673,6.481170430000001,6.2367193105175,0.35173978003773326,4806.0,0.0031607717534659872,0.0026694013708777812,0.00265105585058279,11401.743707093821,21211.0,0.9668964865885908,67213.0
