,Trade Qty,Avg_Cost
0,1.0,0.2673032123589995
1,2.0,0.26281265326140263
2,3.0,0.25852997864249627
3,4.0,0.2711878272251309
4,5.0,0.2781766528925621
5,6.0,0.2699262431596478
6,7.0,0.26932384863596365
7,8.0,0.2935370741482966
8,9.0,0.2799251870324189
9,10.0,0.319423558897243
10,11.0,0.2844382691544264
11,12.0,0.291015625
12,13.0,0.29373449131513646
13,14.0,0.31493506493506496
14,15.0,0.3482758620689654
15,16.0,0.32253649635036497
16,17.0,0.2875816993464052
17,18.0,0.30492424242424243
18,19.0,0.313787185354691
19,20.0,0.4365979381443299
20,21.0,0.412202380952381
21,22.0,0.4005681818181818
22,23.0,0.3846880907372401
23,24.0,0.4242424242424243
24,25.0,0.5121052631578948
25,26.0,0.3730769230769231
26,27.0,0.44791666666666663
27,28.0,0.46205357142857145
28,29.0,0.35
29,30.0,0.5178571428571429
30,31.0,0.6814516129032259
31,32.0,0.3663194444444444
32,33.0,0.4898989898989899
33,34.0,0.6449579831932774
34,35.0,0.4428571428571429
35,36.0,0.5104166666666667
36,37.0,0.3671171171171171
37,38.0,0.6447368421052632
38,39.0,0.5858974358974358
39,40.0,0.6447916666666668
40,41.0,0.7439024390243902
41,42.0,0.5238095238095237
42,43.0,0.7034883720930233
43,44.0,0.7102272727272727
44,45.0,0.9111111111111111
45,46.0,0.7065217391304347
46,47.0,0.6875
47,48.0,0.5677083333333333
48,50.0,0.724
49,54.0,0.25
50,55.0,1.3795454545454546
51,57.0,0.3991228070175439
52,58.0,0.4224137931034483
53,59.0,1.167372881355932
54,60.0,0.6833333333333333
55,62.0,0.6693548387096774
56,64.0,0.8046875
57,66.0,1.7954545454545454
58,67.0,0.664179104477612
59,72.0,0.5
60,73.0,0.25
61,79.0,0.7120253164556962
62,80.0,0.3333333333333333
63,87.0,1.0603448275862069
64,89.0,0.25
65,90.0,0.25
66,97.0,1.1597938144329898
67,99.0,1.1767676767676767
68,100.0,0.8433333333333333
69,102.0,0.45098039215686275
70,110.0,0.5272727272727272
71,112.0,0.9955357142857143
72,114.0,0.7587719298245614
73,228.0,1.1206140350877194
74,327.0,4.536697247706422
