,ask12qty,ask12tomid,ask1qty,ask1tomid,bid12qty,bid12tomid,bid1qty,bid1tomid,twspr1,twspr2
x6EM6_20160609,53.413246767453465,1.8588236508283174,13.448083543437614,0.988786402954622,54.62246863429905,1.7637661269232128,14.017500132849818,0.988786402954622,1.9775728139141384,4.30491472477488
