,ask12qty,ask12tomid,ask1qty,ask1tomid,bid12qty,bid12tomid,bid1qty,bid1tomid,twspr1,twspr2
x6EM6_20160509,53.05343780476019,2.0120025314062366,12.85774712732126,1.1967953533830318,52.641440135732466,1.9667980638329812,12.674860897428019,1.1967953533830318,2.3935907128047105,4.652090291197899
