,ask12qty,ask12tomid,ask1qty,ask1tomid,bid12qty,bid12tomid,bid1qty,bid1tomid,twspr1,twspr2
x6EM6_20160321,55.68832823425021,1.5998231844755588,16.724756064558242,0.8862621799127985,53.9831264387881,1.6851059868760168,15.419988866232506,0.8862621799127985,1.7725243654559788,3.9442210965461864
