,Li,lamb,Co,Al,u,eta
0,1.0,0.9575281803542673,2117.0,2639.0,0.4010989010989011,0.384063500911327
1,2.0,0.040257648953301126,38.0,162.0,-0.26543209876543217,-0.010685672253036722
2,3.0,0.001610305958132045,2.0,6.0,-0.5,-0.0008051529790660225
3,5.0,0.00040257648953301127,1.0,1.0,0.5,0.00020128824476650564
4,9.0,0.00020128824476650564,1.0,0.0,inf,inf
