,Li,lamb,Co,Al,u,eta
0,1.0,0.9623054474708171,3389.0,4524.0,0.3745579133510168,0.36043912041098575
1,2.0,0.03623540856031129,41.0,257.0,-0.3404669260700389,-0.012336958167421159
2,3.0,0.0014591439688715954,5.0,7.0,0.07142857142857145,0.00010422456920511399
