,ask12qty,ask12tomid,ask1qty,ask1tomid,bid12qty,bid12tomid,bid1qty,bid1tomid,twspr1,twspr2
x6EM6_20160519,57.686490374789955,1.4301334524921516,13.332675849039877,0.6646745581036617,58.766333786898315,1.4675411918349828,14.260293721546617,0.6646745581036617,1.329349124493906,3.415441146648171
