,Trade Qty,Avg_Cost
0,1.0,0.2655429955591441
1,2.0,0.26023433088650477
2,3.0,0.2588383838383838
3,4.0,0.2637777777777778
4,5.0,0.27034220532319386
5,6.0,0.27192066805845516
6,7.0,0.2686179735051915
7,8.0,0.29508196721311475
8,9.0,0.2787037037037037
9,10.0,0.2991176470588236
10,11.0,0.26322930800542743
11,12.0,0.2763888888888889
12,13.0,0.27884615384615385
13,14.0,0.2785714285714286
14,15.0,0.32962962962962966
15,16.0,0.29638671875
16,17.0,0.26785714285714285
17,18.0,0.3194444444444445
18,19.0,0.28771929824561404
19,20.0,0.4
20,21.0,0.28354978354978355
21,22.0,0.32727272727272727
22,23.0,0.4166666666666667
23,24.0,0.4114583333333333
24,25.0,0.42000000000000004
25,26.0,0.3
26,27.0,0.35185185185185186
27,28.0,0.42559523809523814
28,29.0,0.6982758620689655
29,30.0,0.4222222222222222
30,31.0,0.32718894009216587
31,32.0,0.38125
32,33.0,0.5511363636363636
33,34.0,0.5
34,35.0,0.4928571428571429
35,36.0,0.45833333333333337
36,38.0,0.5052631578947369
37,40.0,0.578125
38,41.0,0.49390243902439024
39,42.0,0.376984126984127
40,44.0,0.6363636363636364
41,46.0,0.25
42,47.0,0.7127659574468085
43,52.0,0.25
44,56.0,0.6696428571428571
45,60.0,0.5416666666666666
46,61.0,0.38114754098360654
47,64.0,0.640625
48,65.0,0.6730769230769231
49,68.0,0.25
50,69.0,0.6666666666666667
51,73.0,1.023972602739726
52,76.0,0.5921052631578947
53,80.0,0.56875
54,81.0,0.5092592592592593
55,84.0,0.25
56,95.0,0.25
57,101.0,0.6113861386138614
58,104.0,0.9711538461538461
59,116.0,0.9612068965517241
60,120.0,1.3166666666666667
61,210.0,1.1142857142857143
62,225.0,1.3933333333333333
63,252.0,1.4345238095238095
