,ask12qty,ask12tomid,ask1qty,ask1tomid,bid12qty,bid12tomid,bid1qty,bid1tomid,twspr1,twspr2
x6EM6_20160506,49.86065308649801,1.478760122959711,11.651224424321995,0.6971847264911863,50.84585061512615,1.4800719353833294,11.75611730497116,0.6971847264911863,1.394369464378586,3.394830616944058
