,ask12qty,ask12tomid,ask1qty,ask1tomid,bid12qty,bid12tomid,bid1qty,bid1tomid,twspr1,twspr2
x6EM6_20160520,64.87948495962603,1.430876029512354,15.439040880739556,0.6518599769254988,65.38387016779146,1.4283217826538512,15.676612505032729,0.6518599769254988,1.3037199598705125,3.303785658887025
