,ask12qty,ask12tomid,ask1qty,ask1tomid,bid12qty,bid12tomid,bid1qty,bid1tomid,twspr1,twspr2
x6EM6_20160512,67.21175601154476,1.4061652541894736,16.151170898760384,0.6269619890345891,65.19127452386849,1.4136357266911848,15.162322715028226,0.6269619890345891,1.2539239889808111,3.2539827992839845
