,Li,lamb,Co,Al,u,eta
0,1.0,0.9386669684281996,3582.0,4712.0,0.38009337860780984,0.35678109941742475
1,2.0,0.056806608577571575,89.0,413.0,-0.28450363196125905,-0.016161686459720725
2,3.0,0.003507977820527328,8.0,23.0,-0.4782608695652174,-0.0016777285228608961
3,4.0,0.0005658028742786014,2.0,3.0,-0.16666666666666674,-9.43004790464336e-05
4,5.0,0.0003394817245671608,1.0,2.0,-0.75,-0.0002546112934253706
5,6.0,0.00011316057485572027,0.0,1.0,-2.5,-0.0002829014371393007
