,chgavg,dt_alt,dt_avg,dt_cont,duration,eta1,ndfpr,rvp,rvxe,spot_avg
x6EM6_20160329,0.5263714797330294,2.370146923,2.343642034,2.310840719,2.2582775745251578,0.3941377764041288,12286.0,0.00531562572674021,0.004719472105780999,11266.77065190852
