,ask12qty,ask12tomid,ask1qty,ask1tomid,bid12qty,bid12tomid,bid1qty,bid1tomid,twspr1,twspr2
x6EM6_20160328,38.706154782836535,1.5001858432169795,11.550902786662457,0.7606405857209199,39.780906387046656,1.4996564113118525,11.353755516087771,0.7606405857209199,1.5212811759544493,3.689978407961635
