,Li,lamb,Co,Al,u,eta
0,1.0,0.9576984307482375,1823.0,2387.0,0.3818600754084625,0.36570679498408815
1,2.0,0.04139185808505799,34.0,148.0,-0.2702702702702703,-0.011186988671637296
2,3.0,0.0009097111667045713,2.0,2.0,0.5,0.00045485558335228563
