,Li,lamb,Co,Al,u,eta
0,0.5,0.9359346893593469,3017.0,3746.0,0.4513481046449546,0.4224323481138056
1,1.0,0.0559014805590148,85.0,319.0,0.13322884012539182,0.0074476894161696824
2,1.5,0.004012730040127301,8.0,21.0,0.0357142857142857,0.00014331178714740354
3,2.0,0.0022139200221392,1.0,15.0,-0.43333333333333335,-0.0009593653429269867
4,2.5,0.0005534800055348,1.0,3.0,-0.3333333333333335,-0.00018449333517826674
5,3.0,0.0008302200083022001,3.0,3.0,0.5,0.00041511000415110004
6,3.5,0.00041511000415110004,1.0,2.0,-0.375,-0.00015566625155666251
7,15.0,0.0001383700013837,1.0,0.0,inf,inf
