,Trade Qty,Avg_Cost
0,1.0,0.2636740641111858
1,2.0,0.2567398119122257
2,3.0,0.25829304324469515
3,4.0,0.26870018393623546
4,5.0,0.2748526522593319
5,6.0,0.2679452669358457
6,7.0,0.2703764078245407
7,8.0,0.28751944012441677
8,9.0,0.26736111111111116
9,10.0,0.3280075187969924
10,11.0,0.28535353535353536
11,12.0,0.3028846153846154
12,13.0,0.2894352482960078
13,14.0,0.3026315789473685
14,15.0,0.30029761904761904
15,16.0,0.2864583333333333
16,17.0,0.2915821501014199
17,18.0,0.2831196581196581
18,19.0,0.2757177033492823
19,20.0,0.4422413793103449
20,21.0,0.32703081232493003
21,22.0,0.5056818181818182
22,23.0,0.4118993135011442
23,24.0,0.31004901960784315
24,25.0,0.6114285714285713
25,26.0,0.4166666666666667
26,27.0,0.3125
27,28.0,0.4946428571428571
28,29.0,0.25
29,30.0,0.5925925925925927
30,31.0,0.4612903225806452
31,32.0,0.521484375
32,33.0,0.452020202020202
33,34.0,0.4522058823529412
34,35.0,0.4142857142857143
35,36.0,0.6041666666666667
36,37.0,0.47409909909909903
37,38.0,0.5394736842105263
38,39.0,0.46367521367521364
39,40.0,0.5428571428571428
40,41.0,0.25
41,42.0,0.5238095238095238
42,43.0,0.5232558139534884
43,44.0,0.2556818181818182
44,45.0,0.5166666666666666
45,46.0,0.25
46,48.0,0.5590277777777778
47,49.0,0.6479591836734694
48,50.0,0.9372727272727274
49,51.0,0.7539215686274509
50,52.0,0.5913461538461539
51,54.0,1.1759259259259258
52,55.0,0.25
53,56.0,0.5952380952380952
54,57.0,1.0745614035087718
55,58.0,0.9396551724137931
56,60.0,0.4611111111111111
57,61.0,0.9180327868852458
58,62.0,0.5564516129032258
59,63.0,0.8809523809523809
60,64.0,0.5859375
61,66.0,0.5
62,67.0,1.0708955223880596
63,71.0,0.7588028169014085
64,75.0,1.0933333333333333
65,76.0,1.2828947368421053
66,77.0,1.3668831168831168
67,79.0,0.8164556962025317
68,80.0,0.5362500000000001
69,84.0,0.5833333333333334
70,85.0,0.9323529411764706
71,88.0,0.5170454545454546
72,89.0,0.8792134831460674
73,100.0,1.415
74,106.0,0.7971698113207547
75,107.0,0.9509345794392523
76,110.0,0.9409090909090909
77,122.0,0.7336065573770492
78,137.0,1.1952554744525548
79,148.0,1.3108108108108107
80,156.0,1.0865384615384615
