,ask12qty,ask12tomid,ask1qty,ask1tomid,bid12qty,bid12tomid,bid1qty,bid1tomid,twspr1,twspr2
x6EM6_20160401,58.683978721347216,0.691612521726687,15.039407971577972,0.3106062030312778,59.026936469853624,0.6937704540981108,14.496761312290271,0.3106062030312778,0.6212124330574298,1.6215206571805494
