,ask12qty,ask12tomid,ask1qty,ask1tomid,bid12qty,bid12tomid,bid1qty,bid1tomid,twspr1,twspr2
x6EM6_20160321,63.160365232619526,1.4731999136146559,18.38554682248167,0.7363211644053257,62.57617041568144,1.4784611756156574,17.519751322540827,0.7363211644053257,1.472642335881415,3.4726443273210625
