,ask12qty,ask12tomid,ask1qty,ask1tomid,bid12qty,bid12tomid,bid1qty,bid1tomid,twspr1,twspr2
x6EM6_20160509,60.47071062033563,0.730898306923127,14.535153464321047,0.34172843675199804,58.97960247355538,0.7344110827230954,13.604399344029247,0.34172843675199804,0.6834568840911112,1.6834572880739092
