,ask12qty,ask12tomid,ask1qty,ask1tomid,bid12qty,bid12tomid,bid1qty,bid1tomid,twspr1,twspr2
x6EM6_20160610,63.593998708117745,0.7770855375995045,14.913416077124106,0.3789414795494764,60.027385908946584,0.7774612682635448,14.159533898222474,0.3789414795494764,0.7578829697724963,1.7585600883922599
