,chgavg,dt_alt,dt_avg,dt_cont,duration,eta1,ndfpr,rvp,rvx,rvxe,spot_avg,M,S1,Volume
x6EM6_20160404,0.5185736814438409,4.7454147980000005,5.046258854,5.467221864000001,4.521797047215679,0.35558950789425975,5707.0,0.0034957172355246256,0.002982528445091176,0.0029479883484055023,11414.96066923616,23877.0,0.9622760270236247,68697.0
