,chgavg,dt_alt,dt_avg,dt_cont,duration,eta1,ndfpr,rvp,rvx,rvxe,spot_avg,M,S1,Volume
x6EM6_20160421,0.5505050505050505,1.582317159,1.499510683,1.4020668360000001,1.0822162741236074,0.4112596787848971,19206.0,0.007184608984639575,0.006650092493038167,0.006515926861268706,11352.88087676368,59402.0,0.8820526735292621,172586.0
