,Li,lamb,Co,Al,u,eta
0,1.0,0.9752066115702479,1797.0,2568.0,0.34988317757009346,0.3412083880435622
1,2.0,0.02389993299084208,20.0,87.0,-0.2701149425287357,-0.006455729026261943
2,3.0,0.0006700915791824883,0.0,3.0,-1.0,-0.0006700915791824883
3,4.0,0.00022336385972749609,1.0,0.0,inf,inf
