,chgavg,dt_alt,dt_avg,dt_cont,duration,eta1,ndfpr,rvp,rvx,rvxe,spot_avg,M,S1,Volume
x6EM6_20160429,0.5178555202180827,2.4967173760000003,2.616901592,2.803031831,2.354024988688431,0.32498408884602553,11005.0,0.004829432190258374,0.003940008119659078,0.003893517397841442,11451.559694711976,47437.0,0.9483773936620912,143221.0
