,ask12qty,ask12tomid,ask1qty,ask1tomid,bid12qty,bid12tomid,bid1qty,bid1tomid,twspr1,twspr2
x6EM6_20160405,58.151528683447175,0.7131721912614751,13.633716096499219,0.3224896524679783,60.12756260401797,0.7147243140965612,13.994414614007452,0.3224896524679783,0.6449793223431338,1.644983135986649
