,ask12qty,ask12tomid,ask1qty,ask1tomid,bid12qty,bid12tomid,bid1qty,bid1tomid,twspr1,twspr2
x6EM6_20160411,54.34603928120955,0.7131143043272585,13.007159721603573,0.3234721110193713,53.985489800469914,0.7145629394886387,12.830040619386567,0.3234721110193713,0.6469442355920985,1.6469448476623938
