,Trade Qty,Avg_Cost
0,1.0,0.26744560838033843
1,2.0,0.26571977355438736
2,3.0,0.26697127937336823
3,4.0,0.2992200107584723
4,5.0,0.3051397655545538
5,6.0,0.2871037463976946
6,7.0,0.28551401869158877
7,8.0,0.310546875
8,9.0,0.28918411164787977
9,10.0,0.32656250000000003
10,11.0,0.3273491214667685
11,12.0,0.31973684210526326
12,13.0,0.32087912087912085
13,14.0,0.3633540372670807
14,15.0,0.4196969696969697
15,16.0,0.3477112676056338
16,17.0,0.46288515406162467
17,18.0,0.3439153439153439
18,19.0,0.28125
19,20.0,0.47243589743589753
20,21.0,0.37912087912087916
21,22.0,0.4848484848484849
22,23.0,0.44474637681159424
23,24.0,0.43297101449275366
24,25.0,0.41899999999999993
25,26.0,0.4807692307692308
26,27.0,0.46031746031746035
27,28.0,0.3988095238095238
28,29.0,0.3125
29,30.0,0.43333333333333335
30,31.0,0.3125
31,32.0,0.346875
32,33.0,0.5984848484848485
33,34.0,0.5098039215686274
34,35.0,0.4584415584415584
35,36.0,0.4305555555555556
36,37.0,0.25
37,38.0,0.40789473684210525
38,39.0,0.5016025641025641
39,40.0,0.8375
40,42.0,0.5119047619047619
41,43.0,0.9622093023255813
42,45.0,0.6833333333333333
43,46.0,1.25
44,47.0,0.5638297872340425
45,48.0,0.6458333333333334
46,49.0,0.6989795918367347
47,50.0,0.9966666666666667
48,52.0,0.516025641025641
49,53.0,1.2924528301886793
50,54.0,0.7407407407407407
51,56.0,0.6428571428571429
52,57.0,0.6535087719298246
53,58.0,0.5862068965517241
54,59.0,0.690677966101695
55,60.0,0.5
56,62.0,0.9556451612903226
57,64.0,1.296875
58,65.0,0.6807692307692308
59,67.0,0.8880597014925373
60,70.0,0.25
61,71.0,0.8309859154929577
62,73.0,0.5993150684931506
63,75.0,0.72
64,76.0,0.25
65,77.0,0.6461038961038961
66,78.0,1.1025641025641026
67,80.0,0.5
68,81.0,1.0462962962962963
69,85.0,0.8941176470588236
70,86.0,1.3662790697674418
71,88.0,1.4147727272727273
72,90.0,1.4833333333333334
73,95.0,0.781578947368421
74,100.0,1.035
75,107.0,0.969626168224299
76,108.0,1.7037037037037037
77,114.0,1.0175438596491229
78,120.0,1.0208333333333333
79,126.0,1.2142857142857142
80,162.0,1.3487654320987654
