,Li,lamb,Co,Al,u,eta
0,1.0,0.9724222252411358,3088.0,4069.0,0.37945441140329317,0.36898990311435576
1,2.0,0.026219263686999048,36.0,157.0,-0.2707006369426752,-0.007097571380238597
2,3.0,0.0013585110718652357,2.0,8.0,-0.625,-0.0008490694199157723
