,Li,lamb,Co,Al,u,eta
0,0.5,0.9631849315068494,2013.0,2486.0,0.4524336283185841,0.43577725330343076
1,1.0,0.0351027397260274,33.0,131.0,0.12595419847328243,0.00442133744640803
2,1.5,0.0014982876712328766,1.0,6.0,-0.125,-0.00018728595890410958
3,2.0,0.00021404109589041095,0.0,1.0,-0.5,-0.00010702054794520547
