,Li,lamb,Co,Al,u,eta
0,1.0,0.9563598759048604,2072.0,2551.0,0.40611524892199136,0.38839232906210713
1,2.0,0.04239917269906929,40.0,165.0,-0.25757575757575757,-0.010920999028548149
2,3.0,0.001034126163391934,1.0,4.0,-0.625,-0.0006463288521199586
3,4.0,0.00020682523267838676,1.0,0.0,inf,inf
