,Li,lamb,Co,Al,u,eta
0,1.0,0.9549019607843138,1760.0,2135.0,0.41217798594847777,0.39358956697433073
1,2.0,0.04240196078431373,29.0,144.0,-0.29861111111111116,-0.012661696623093684
2,3.0,0.0024509803921568627,0.0,10.0,-1.0,-0.0024509803921568627
3,4.0,0.00024509803921568627,0.0,1.0,-1.5,-0.0003676470588235294
