,Li,lamb,Co,Al,u,eta
0,1.0,0.9631954968607924,1822.0,2626.0,0.34691546077684693,0.3341474096116458
1,2.0,0.03550552067547088,34.0,130.0,-0.2384615384615385,-0.008466701084150749
2,3.0,0.001082485386447283,2.0,3.0,0.0,0.0
3,4.0,0.00021649707728945658,0.0,1.0,-1.5,-0.0003247456159341849
