,chgavg,dt_alt,dt_avg,dt_cont,duration,eta1,ndfpr,rvp,rvxe,spot_avg
x6EM6_20160331,0.5195555555555555,3.1198903760000003,3.198180539,3.316232776,3.205325864414895,0.33376814047882614,9000.0,0.004402960652066122,0.0035973462532947987,11417.252638595712
