,Li,lamb,Co,Al,u,eta
0,1.0,0.9333444704310057,2440.0,3146.0,0.3877940241576605,0.36194540811374026
1,2.0,0.06247911794186435,66.0,308.0,-0.2857142857142857,-0.017851176554818386
2,3.0,0.003341129301703976,6.0,14.0,-0.3571428571428571,-0.001193260464894277
3,4.0,0.0005011693952555964,0.0,3.0,-1.5,-0.0007517540928833945
4,5.0,0.0001670564650851988,0.0,1.0,-2.0,-0.0003341129301703976
5,7.0,0.0001670564650851988,0.0,1.0,-3.0,-0.0005011693952555964
