,Li,lamb,Co,Al,u,eta
0,1.0,0.9569809376609995,1698.0,2016.0,0.4211309523809524,0.4030142936875935
1,2.0,0.04095826893353941,27.0,132.0,-0.2954545454545454,-0.012101306730363916
2,3.0,0.0020607934054611026,2.0,6.0,-0.5,-0.0010303967027305513
