,chgavg,dt_alt,dt_avg,dt_cont,duration,eta1,ndfpr,rvp,rvxe,spot_avg,M
x6EM6_20160509,0.5216056402092336,6.086423002,6.549550367,7.1850630650000005,6.512542440060069,0.36570679498408815,4397.0,0.0030915114104524874,0.002643944694951871,11407.654843110506,16245
