,Trade Qty,Avg_Cost
0,1.0,0.2723789307044686
1,2.0,0.2671783625730994
2,3.0,0.2655677655677655
3,4.0,0.2779054054054054
4,5.0,0.28161829375549696
5,6.0,0.28252828546562225
6,7.0,0.2922305764411028
7,8.0,0.3318867618429591
8,9.0,0.30608974358974356
9,10.0,0.34141221374045805
10,11.0,0.32221407624633436
11,12.0,0.3462885154061625
12,13.0,0.3211091234347048
13,14.0,0.3356282271944923
14,15.0,0.41991341991341996
15,16.0,0.34852941176470587
16,17.0,0.3269230769230769
17,18.0,0.33950617283950624
18,19.0,0.43480861244019137
19,20.0,0.4527777777777777
20,21.0,0.39652014652014655
21,22.0,0.3987603305785124
22,23.0,0.441304347826087
23,24.0,0.3870614035087719
24,25.0,0.5109090909090909
25,26.0,0.2857142857142857
26,27.0,0.3915343915343915
27,28.0,0.5327380952380952
28,29.0,0.47586206896551725
29,30.0,0.4428571428571429
30,31.0,0.5806451612903226
31,32.0,0.396875
32,33.0,0.6262626262626263
33,34.0,0.7426470588235293
34,35.0,0.5514285714285714
35,36.0,0.6041666666666666
36,37.0,0.5
37,38.0,0.6776315789473684
38,39.0,0.7435897435897436
39,40.0,0.4708333333333334
40,41.0,0.5670731707317074
41,42.0,0.7619047619047619
42,44.0,0.5568181818181818
43,45.0,0.6833333333333333
44,46.0,0.8125
45,49.0,0.35714285714285715
46,50.0,0.7712499999999999
47,51.0,0.25
48,52.0,0.9567307692307693
49,53.0,0.5518867924528302
50,55.0,0.8454545454545455
51,62.0,0.25
52,65.0,0.9096153846153847
53,66.0,0.25
54,67.0,1.0485074626865671
55,68.0,1.0220588235294117
56,74.0,0.8581081081081081
57,77.0,0.25
58,78.0,1.2756410256410255
59,84.0,1.3988095238095237
60,86.0,0.8633720930232558
61,88.0,0.25
62,93.0,1.0403225806451613
63,96.0,0.953125
64,97.0,0.25
65,100.0,0.8625
66,103.0,0.9684466019417476
67,107.0,1.0794392523364487
68,112.0,1.375
69,115.0,1.182608695652174
70,140.0,1.6214285714285714
71,150.0,1.1633333333333333
72,152.0,1.3914473684210527
73,156.0,1.1121794871794872
74,158.0,1.5854430379746836
75,160.0,1.05625
