,chgavg,dt_alt,dt_avg,dt_cont,duration,eta1,ndfpr,rvp,rvx,rvxe,spot_avg,M,S1,Volume
x6EM6_20160318,0.5361677246909455,4.677257535,4.809379933000001,4.991570004000001,4.387080925222298,0.36194540811374026,5986.0,0.0037982395618812496,0.0032884515209027024,0.0032316095766454517,11312.857942208118,20771.0,0.901773203845968,65095.0
