,chgavg,dt_alt,dt_avg,dt_cont,duration,eta1,ndfpr,rvp,rvx,rvxe,spot_avg,M,S1,Volume
x6EM6_20160505,0.5137824172239439,4.447020944,4.696743143,5.0276508280000005,4.873746296319936,0.37871200595250104,6131.0,0.003570004282727816,0.0031252240866845153,0.0031069786691198683,11419.374429223744,27856.0,0.9637639438646995,84388.0
