,chgavg,dt_alt,dt_avg,dt_cont,duration,eta1,ndfpr,rvp,rvx,rvxe,spot_avg,M,S1,Volume
x6EM6_20160406,0.5321661856296521,2.072356103,2.187377846,2.3288025830000003,1.8100313674953503,0.40187703959001925,13166.0,0.005524087319851005,0.005010974072454563,0.004952473152874784,11417.280284043441,48095.0,0.9417933162382471,152511.0
