,Trade Qty,Avg_Cost
0,1.0,0.26563677467972874
1,2.0,0.26234965635738833
2,3.0,0.26658965472981644
3,4.0,0.2658020274299344
4,5.0,0.2737829614604463
5,6.0,0.2691777041942605
6,7.0,0.2769061381778145
7,8.0,0.3043114973262032
8,9.0,0.29502923976608186
9,10.0,0.3106936416184971
10,11.0,0.2965498357064622
11,12.0,0.2977941176470588
12,13.0,0.31260229132569556
13,14.0,0.316711590296496
14,15.0,0.36271929824561405
15,16.0,0.3508771929824561
16,17.0,0.30818414322250637
17,18.0,0.30246913580246915
18,19.0,0.31786703601108035
19,20.0,0.41956521739130437
20,21.0,0.35185185185185186
21,22.0,0.3333333333333333
22,23.0,0.3641304347826087
23,24.0,0.3880208333333333
24,25.0,0.3977777777777778
25,26.0,0.46538461538461534
26,27.0,0.4236111111111111
27,28.0,0.4375
28,29.0,0.3620689655172414
29,30.0,0.45666666666666667
30,31.0,0.5645161290322581
31,32.0,0.25
32,33.0,0.7196969696969697
33,34.0,0.6299019607843137
34,35.0,0.8714285714285714
35,36.0,0.6851851851851852
36,37.0,0.46621621621621623
37,38.0,0.6710526315789473
38,40.0,0.571875
39,41.0,0.5548780487804879
40,42.0,0.6071428571428571
41,43.0,0.42441860465116277
42,44.0,0.4659090909090909
43,46.0,0.25
44,50.0,0.8
45,51.0,0.911764705882353
46,52.0,0.8653846153846154
47,55.0,0.6590909090909091
48,56.0,0.7142857142857143
49,57.0,0.706140350877193
50,58.0,0.7392241379310345
51,61.0,0.6352459016393442
52,62.0,0.6612903225806451
53,71.0,0.8063380281690141
54,72.0,0.9861111111111112
55,73.0,0.839041095890411
56,74.0,0.9594594594594594
57,76.0,0.25
58,77.0,1.0097402597402598
59,78.0,0.7243589743589743
60,80.0,0.25
61,83.0,0.9924698795180724
62,88.0,0.6534090909090909
63,96.0,0.921875
64,102.0,1.1715686274509804
65,120.0,1.1437499999999998
