,ask12qty,ask12tomid,ask1qty,ask1tomid,bid12qty,bid12tomid,bid1qty,bid1tomid,twspr1,twspr2
x6EM6_20160315,64.25993076097838,0.7271633669525444,17.10464151306839,0.3481922703509505,65.38963949838475,0.7283441348052753,17.495243639065656,0.3481922703509505,0.6963845538916715,1.696429221714996
