,ask12qty,ask12tomid,ask1qty,ask1tomid,bid12qty,bid12tomid,bid1qty,bid1tomid,twspr1,twspr2
x6EM6_20160419,56.57039670044045,1.4030038849625606,13.714975953240675,0.6256938993359108,56.422568332461864,1.4020080750250372,13.799897068481311,0.6256938993359108,1.2513878073385944,3.2514065236175926
