,chgavg,dt_alt,dt_avg,dt_cont,duration,eta1,ndfpr,rvp,rvx,rvxe,spot_avg,M,S1,Volume
x6EM6_20160609,0.5148783666377064,5.716673779000001,6.248607265,6.991830437000001,6.437341807012278,0.3593910663930074,4604.0,0.0031330428625655346,0.0026775345973494777,0.0026562256914154543,11321.993159609121,19491.0,0.9633230452674897,56884.0
