,chgavg,dt_alt,dt_avg,dt_cont,duration,eta1,ndfpr,rvp,rvx,rvxe,spot_avg,M,S1,Volume
x6EM6_20160315,0.5277874868926948,4.787920168,5.029799125,5.345954178,4.831519878302696,0.38525267913083067,5722.0,0.003677259325281574,0.0032610628690492266,0.003227840672289654,11134.644766730735,19600.0,0.922915493678661,59228.0
