,Li,lamb,Co,Al,u,eta
0,1.0,0.9338842975206612,418.0,598.0,0.3494983277591973,0.3263910003040438
1,2.0,0.06519742883379247,11.0,60.0,-0.31666666666666665,-0.02064585246403428
2,3.0,0.0009182736455463728,0.0,1.0,-1.0,-0.0009182736455463728
