,Li,lamb,Co,Al,u,eta
0,0.5,0.9334602483908984,4877.0,5419.0,0.47499538660269425,0.44338931156268174
1,1.0,0.0572930831293627,154.0,478.0,0.16108786610878661,0.00922922050410236
2,1.5,0.005801831202973439,12.0,52.0,-0.07692307692307687,-0.00044629470792103345
3,2.0,0.0022663403136614995,4.0,21.0,-0.30952380952380953,-0.0007014862875618927
4,2.5,0.0006345752878252198,2.0,5.0,-0.25,-0.00015864382195630495
5,3.0,0.0002719608376393799,1.0,2.0,-0.25,-6.799020940984498e-05
6,3.5,0.00018130722509291996,0.0,2.0,-1.25,-0.00022663403136614994
7,16.5,9.065361254645998e-05,1.0,0.0,inf,inf
