,ask12qty,ask12tomid,ask1qty,ask1tomid,bid12qty,bid12tomid,bid1qty,bid1tomid,twspr1,twspr2
x6EM6_20160527,63.655785598833134,1.3829553149508667,15.692153360940381,0.6097988009531611,62.17551474925727,1.3801589048310972,15.46221624673248,0.6097988009531611,1.2195976111892468,3.219636287362135
