,Li,lamb,Co,Al,u,eta
0,1.0,0.9292369477911646,5425.0,6143.0,0.4415594986163113,0.41031340076241807
1,2.0,0.06377510040160643,223.0,571.0,-0.10945709281961469,-0.006980637084238881
2,3.0,0.005060240963855421,20.0,43.0,-0.30232558139534893,-0.001529840291398151
3,4.0,0.0008032128514056225,4.0,6.0,-0.16666666666666674,-0.0001338688085676038
4,5.0,0.000321285140562249,2.0,2.0,0.5,0.0001606425702811245
5,6.0,0.00040160642570281126,4.0,1.0,9.5,0.003815261044176707
6,7.0,0.0001606425702811245,2.0,0.0,inf,inf
7,8.0,8.032128514056225e-05,1.0,0.0,inf,inf
8,9.0,0.0001606425702811245,2.0,0.0,inf,inf
