,ask12qty,ask12tomid,ask1qty,ask1tomid,bid12qty,bid12tomid,bid1qty,bid1tomid,twspr1,twspr2
x6EM6_20160511,67.73075271306023,0.7076945072778291,15.417396958642744,0.312674973585439,66.76190359366295,0.7094652792778448,15.255684001432286,0.312674973585439,0.625349960684652,1.6253504435156538
