,ask12qty,ask12tomid,ask1qty,ask1tomid,bid12qty,bid12tomid,bid1qty,bid1tomid,twspr1,twspr2
x6EM6_20160415,55.83229784962597,1.4274633375039496,14.065748298471618,0.6611262490262808,56.69465167824958,1.432953587146887,14.176881098531213,0.6611262490262808,1.3222525066976296,3.3222720925058757
