,chgavg,dt_alt,dt_avg,dt_cont,duration,eta1,ndfpr,rvp,rvxe,spot_avg,M
x6EM6_20160419,0.5152686145146088,4.880686031000001,5.426935263000001,6.3585870060000005,5.560048489129773,0.29637775188655996,5305.0,0.003351012406462265,0.0025799651126160116,11390.090746324915,22819
