,Li,lamb,Co,Al,u,eta
0,1.0,0.9726205997392438,1922.0,2553.0,0.3764198981590286,0.36611374710121947
1,2.0,0.026727509778357236,18.0,105.0,-0.3285714285714285,-0.008781896070031662
2,3.0,0.000434593654932638,0.0,2.0,-1.0,-0.000434593654932638
3,5.0,0.000217296827466319,1.0,0.0,inf,inf
