,chgavg,dt_alt,dt_avg,dt_cont,duration,eta1,ndfpr,rvp,rvxe,spot_avg,M
x6EM6_20160520,0.5197495183044316,6.417587687,6.9303058900000005,7.760353687,6.95000700480364,0.3106194620887527,4152.0,0.0030411447433537947,0.0023969910937008737,11225.683602215266,16615
