,Li,lamb,Co,Al,u,eta
0,1.0,0.9590057503246151,2281.0,2888.0,0.39490997229916897,0.3787209342954375
1,2.0,0.04025227230569468,45.0,172.0,-0.2383720930232558,-0.009595018398450474
2,3.0,0.0007419773696902244,2.0,2.0,0.5,0.0003709886848451122
