,chgavg,dt_alt,dt_avg,dt_cont,duration,eta1,ndfpr,rvp,rvxe,spot_avg
x6EM6_20160321,0.5304307116104869,5.305673967000001,5.392097264,5.504010065,5.101757934569633,0.39490078395794076,5340.0,0.003531153642957583,0.0031381638135766043,11284.075173188541
