,chgavg,dt_alt,dt_avg,dt_cont,duration,eta1,ndfpr,rvp,rvx,rvxe,spot_avg,M,S1,Volume
x6EM6_20160314,0.5335167936776742,3.814699447,4.064348815000001,4.4029420880000005,3.3664979205762493,0.36889474086435686,7086.0,0.004152410289993136,0.003619104933524276,0.0035666992323546776,11137.220403555806,23852.0,0.896071668909825,81562.0
