,ask12qty,ask12tomid,ask1qty,ask1tomid,bid12qty,bid12tomid,bid1qty,bid1tomid,twspr1,twspr2
x6EM6_20160525,74.67891182368831,1.3935985380240665,17.678256354776998,0.6118404657247177,68.3059802341831,1.4004873526407235,16.10103674759671,0.6118404657247177,1.223680940414565,3.223681808139396
