,Trade Qty,Avg_Cost
0,1.0,0.2658191797845899
1,2.0,0.256440171737913
2,3.0,0.2580695220360025
3,4.0,0.2623538011695906
4,5.0,0.2645968489341984
5,6.0,0.26089891975308643
6,7.0,0.26499886800996153
7,8.0,0.2770432692307692
8,9.0,0.26693227091633465
9,10.0,0.29251101321585904
10,11.0,0.2585227272727273
11,12.0,0.2879072681704261
12,13.0,0.26175213675213677
13,14.0,0.2884267631103074
14,15.0,0.3302083333333333
15,16.0,0.28582974137931033
16,17.0,0.2888071895424837
17,18.0,0.3210594315245478
18,19.0,0.3118421052631579
19,20.0,0.3169642857142857
20,21.0,0.3657142857142857
21,22.0,0.3458498023715415
22,23.0,0.42934782608695654
23,24.0,0.34490740740740744
24,25.0,0.42454545454545456
25,26.0,0.3384615384615385
26,27.0,0.4047619047619047
27,28.0,0.49642857142857144
28,29.0,0.37284482758620685
29,30.0,0.39305555555555555
30,31.0,0.2916666666666667
31,32.0,0.38333333333333336
32,33.0,0.4545454545454546
33,34.0,0.4117647058823529
34,35.0,0.46547619047619043
35,36.0,0.5462962962962963
36,38.0,0.42434210526315785
37,39.0,0.3333333333333333
38,40.0,0.47812499999999997
39,41.0,0.4512195121951219
40,42.0,0.25
41,43.0,0.4142441860465116
42,44.0,0.375
43,45.0,0.412962962962963
44,46.0,0.33967391304347827
45,47.0,0.5478723404255319
46,48.0,0.37152777777777785
47,49.0,0.6377551020408163
48,50.0,0.715
49,51.0,0.25326797385620914
50,52.0,0.5608974358974359
51,53.0,0.5919811320754718
52,54.0,0.25
53,55.0,0.706060606060606
54,56.0,0.25
55,58.0,0.6551724137931034
56,59.0,0.9745762711864406
57,60.0,0.7416666666666667
58,61.0,0.46994535519125685
59,62.0,0.7258064516129032
60,67.0,0.8097014925373134
61,70.0,0.6107142857142858
62,71.0,0.25
63,77.0,0.8506493506493507
64,78.0,0.7564102564102564
65,80.0,0.5875
66,81.0,0.7685185185185185
67,84.0,0.6130952380952381
68,88.0,0.5909090909090909
69,89.0,0.8314606741573034
70,90.0,0.6972222222222222
71,96.0,0.765625
72,100.0,0.965
73,101.0,0.9331683168316832
74,102.0,0.6078431372549019
75,110.0,0.8
76,112.0,0.9464285714285714
77,117.0,0.9786324786324786
78,131.0,1.047709923664122
79,142.0,0.8063380281690141
80,147.0,0.9574829931972789
81,162.0,0.7037037037037037
