,ask12qty,ask12tomid,ask1qty,ask1tomid,bid12qty,bid12tomid,bid1qty,bid1tomid,twspr1,twspr2
x6EM6_20160413,47.969100599996196,1.7738142699717456,11.707781898607339,1.0239862547217846,46.92175334773836,2.107651817096715,11.456639265570107,1.0239862547217846,2.0479725161504856,4.725774985291629
