,Li,lamb,Co,Al,u,eta
0,1.0,0.9522998296422487,2910.0,3797.0,0.38319726099552276,0.36491868636541264
1,2.0,0.04514480408858603,67.0,251.0,-0.23306772908366535,-0.010521796968853718
2,3.0,0.002271436683702442,5.0,11.0,-0.3181818181818181,-0.0007227298539053223
3,4.0,0.00014196479273140261,1.0,0.0,inf,inf
4,5.0,0.00014196479273140261,1.0,0.0,inf,inf
