,chgavg,dt_alt,dt_avg,dt_cont,duration,eta1,ndfpr,rvp,rvx,rvxe,spot_avg,M,S1,Volume
x6EM6_20160413,0.5253407155025553,3.8641925250000004,4.085750581,4.388377877,3.9680376792996284,0.36491868636541264,7044.0,0.0039955172328976175,0.003459248787151035,0.003413391144039208,11307.890844570618,25315.0,0.9191459018341719,77332.0
