,chgavg,dt_alt,dt_avg,dt_cont,duration,eta1,ndfpr,rvp,rvx,rvxe,spot_avg,M,S1,Volume
x6EM6_20160518,0.5505421092979959,3.0256792580000003,3.1536300930000003,3.3515865610000004,2.5126324799941746,0.318476133552507,9131.0,0.005040175479038181,0.004226560171261203,0.004022528233233672,11265.030387647832,32274.0,0.9102328907683219,99419.0
