,Li,lamb,Co,Al,u,eta
0,1.0,0.9732853840226047,1563.0,2225.0,0.35123595505617977,0.34185282139940026
1,2.0,0.025687130747495505,17.0,83.0,-0.29518072289156627,-0.007582345823055902
2,3.0,0.0007706139224248652,0.0,3.0,-1.0,-0.0007706139224248652
3,4.0,0.00025687130747495504,1.0,0.0,inf,inf
