,Trade Qty,Avg_Cost
0,1.0,0.2670323325635104
1,2.0,0.26115107913669067
2,3.0,0.258174067828368
3,4.0,0.26607883817427386
4,5.0,0.26583407671721676
5,6.0,0.26670951156812345
6,7.0,0.26871019108280253
7,8.0,0.2910181582360571
8,9.0,0.27442129629629636
9,10.0,0.28799126637554584
10,11.0,0.28153629316420015
11,12.0,0.29259950248756217
12,13.0,0.2766100178890877
13,14.0,0.3023138832997988
14,15.0,0.2913888888888889
15,16.0,0.3070388349514563
16,17.0,0.28025210084033614
17,18.0,0.29248366013071897
18,19.0,0.2877574370709382
19,20.0,0.37258064516129036
20,21.0,0.2869674185463659
21,22.0,0.3119834710743801
22,23.0,0.38618925831202044
23,24.0,0.34978070175438597
24,25.0,0.39142857142857146
25,26.0,0.2916666666666667
26,27.0,0.3724279835390947
27,28.0,0.39285714285714285
28,29.0,0.3706896551724138
29,30.0,0.5111111111111111
30,31.0,0.5
31,32.0,0.40234375
32,33.0,0.5681818181818181
33,34.0,0.47794117647058826
34,35.0,0.5380952380952381
35,36.0,0.6388888888888888
36,37.0,0.5
37,38.0,0.4868421052631579
38,39.0,0.5
39,40.0,0.6302083333333334
40,41.0,0.375
41,42.0,0.3333333333333333
42,43.0,0.5
43,45.0,0.45
44,46.0,0.41304347826086957
45,47.0,0.523936170212766
46,48.0,0.5677083333333333
47,49.0,0.375
48,50.0,0.6783333333333333
49,51.0,0.7205882352941176
50,52.0,0.8269230769230769
51,53.0,0.25
52,54.0,0.6388888888888888
53,55.0,0.45454545454545453
54,56.0,0.7142857142857143
55,57.0,0.25
56,58.0,0.5086206896551724
57,59.0,0.25
58,60.0,0.7694444444444444
59,62.0,0.7943548387096774
60,65.0,0.25
61,66.0,0.8863636363636364
62,67.0,0.8582089552238806
63,69.0,0.45652173913043476
64,71.0,0.613849765258216
65,72.0,0.5138888888888888
66,78.0,0.25
67,79.0,0.4588607594936709
68,80.0,0.525
69,82.0,0.7439024390243902
70,84.0,0.6666666666666666
71,91.0,0.5961538461538461
72,108.0,0.9305555555555556
73,116.0,0.9698275862068966
74,118.0,1.0169491525423728
75,125.0,1.014
76,137.0,1.0346715328467153
77,139.0,1.3183453237410072
78,146.0,1.1609589041095891
79,149.0,1.2063758389261745
80,207.0,1.0978260869565217
