,chgavg,dt_alt,dt_avg,dt_cont,duration,eta1,ndfpr,rvp,rvxe,spot_avg
x6EM6_20160526,0.5103420843277645,5.3420548420000005,5.723280278000001,6.291194869000001,6.05834242940417,0.3377270413257773,5028.0,0.0032652876938495854,0.0026836097871642418,11198.09504871744
