,Li,lamb,Co,Al,u,eta
0,1.0,0.9514081067882142,5296.0,6392.0,0.4142678347934919,0.3941377764041288
1,2.0,0.0450105811492756,144.0,409.0,-0.14792176039119798,-0.006658044399831717
2,3.0,0.003092951326713332,11.0,27.0,-0.38888888888888884,-0.0012028144048329625
3,4.0,0.00040696727983070163,3.0,2.0,1.5,0.0006104509197460524
4,5.0,8.139345596614032e-05,1.0,0.0,inf,inf
