,Trade Qty,Avg_Cost
0,1.0,0.27128898128898127
1,2.0,0.26257914028657114
2,3.0,0.2621681415929204
3,4.0,0.27164239482200647
4,5.0,0.2759126984126984
5,6.0,0.27572016460905346
6,7.0,0.28330600532896094
7,8.0,0.31034836065573773
8,9.0,0.2975121586232697
9,10.0,0.3316287878787879
10,11.0,0.3096240179573513
11,12.0,0.34510869565217384
12,13.0,0.32078559738134205
13,14.0,0.3204633204633205
14,15.0,0.3626436781609195
15,16.0,0.3633474576271186
16,17.0,0.32169117647058826
17,18.0,0.33968253968253964
18,19.0,0.3294346978557505
19,20.0,0.34736842105263155
20,21.0,0.3515625
21,22.0,0.3982213438735178
22,23.0,0.3085284280936455
23,24.0,0.4243827160493828
24,25.0,0.475
25,26.0,0.37426035502958577
26,27.0,0.375
27,28.0,0.39642857142857146
28,29.0,0.503448275862069
29,30.0,0.4642857142857143
30,31.0,0.5524193548387097
31,32.0,0.5078125
32,33.0,0.5871212121212122
33,34.0,0.5588235294117646
34,35.0,0.48809523809523814
35,36.0,0.3333333333333333
36,37.0,0.7719594594594594
37,38.0,0.48684210526315785
38,39.0,0.5858974358974358
39,40.0,0.62375
40,41.0,0.38414634146341464
41,42.0,0.5833333333333334
42,43.0,0.4375
43,45.0,0.7055555555555556
44,47.0,0.4627659574468085
45,49.0,0.25
46,50.0,0.69
47,51.0,0.8921568627450981
48,52.0,0.5673076923076923
49,54.0,0.5092592592592593
50,55.0,0.6590909090909091
51,57.0,0.5
52,58.0,0.6810344827586207
53,59.0,0.6186440677966102
54,63.0,0.9404761904761905
55,64.0,0.25
56,65.0,1.0038461538461538
57,66.0,0.4583333333333333
58,69.0,0.6195652173913043
59,72.0,0.25
60,76.0,0.6118421052631579
61,77.0,0.8831168831168831
62,78.0,0.25
63,79.0,0.25
64,80.0,0.25
65,82.0,1.0426829268292683
66,83.0,0.8403614457831325
67,86.0,0.563953488372093
68,97.0,0.5283505154639175
69,100.0,0.98
70,122.0,0.930327868852459
71,221.0,1.4049773755656108
