,Li,lamb,Co,Al,u,eta
0,1.0,0.9598558929490478,1616.0,2113.0,0.3823946994794132,0.36704380572779494
1,2.0,0.03731343283582089,32.0,113.0,-0.2168141592920354,-0.008090080570598335
2,3.0,0.0025733401955738548,1.0,9.0,-0.8333333333333333,-0.002144450162978212
3,14.0,0.0002573340195573855,0.0,1.0,-6.5,-0.0016726711271230058
