,chgavg,dt_alt,dt_avg,dt_cont,duration,eta1,ndfpr,rvp,rvxe,spot_avg,M
x6EM6_20160513,0.5275962741554289,3.6796317020000004,4.0021033720000005,4.5179519720000005,3.7709451286450615,0.31239829888161014,7193.0,0.004097204282963929,0.003238597274282953,11311.749652488184,27635
