,chgavg,dt_alt,dt_avg,dt_cont,duration,eta1,ndfpr,rvp,rvx,rvxe,spot_avg,M,S1,Volume
x6EM6_20160531,0.5158282400877605,4.023219968,4.513195468,5.302872544,4.099917377482413,0.31338573884577975,6381.0,0.0037578728760778424,0.003007180199535404,0.0029750666311859513,11151.585318082107,27851.0,0.9517833315301669,94073.0
