,ask12qty,ask12tomid,ask1qty,ask1tomid,bid12qty,bid12tomid,bid1qty,bid1tomid,twspr1,twspr2
x6EM6_20160419,51.86372295409596,1.9796177455891424,13.028065349171056,1.241373385139836,53.53772631955372,2.10782938654142,13.118001061056392,1.241373385139836,2.4827467772605103,4.568578991597426
