,chgavg,dt_alt,dt_avg,dt_cont,duration,eta1,ndfpr,rvp,rvx,rvxe,spot_avg,M,S1,Volume
x6EM6_20160414,0.5316960267455317,3.59144364,3.7029715380000003,3.8511927370000003,12.099792955056552,0.4243667223865244,7777.0,0.004321695984286856,0.0037090086539375102,0.003981437206635484,11288.937323219337,26659.0,0.07675842127004394,77767.0
