,ask12qty,ask12tomid,ask1qty,ask1tomid,bid12qty,bid12tomid,bid1qty,bid1tomid,twspr1,twspr2
x6EM6_20160322,56.459623957025,1.465043055665346,15.452200122436754,0.7190589054912017,56.50041170862871,1.4610183463004525,15.900195185059557,0.7190589054912017,1.438117817977044,3.438119170182784
