,ask12qty,ask12tomid,ask1qty,ask1tomid,bid12qty,bid12tomid,bid1qty,bid1tomid,twspr1,twspr2
x6EM6_20160517,70.59959571024297,0.7094212365518845,17.384704655085734,0.3208727889689592,68.86451173145696,0.7084471681612421,16.75771235088001,0.3208727889689592,0.6417455898126825,1.641755521804142
