,ask12qty,ask12tomid,ask1qty,ask1tomid,bid12qty,bid12tomid,bid1qty,bid1tomid,twspr1,twspr2
x6EM6_20160406,49.26740207037099,0.6914637661064446,13.076680829276906,0.31824832171857725,49.72047883632324,0.6880702050749844,13.632027352443377,0.31824832171857725,0.636496665746624,1.6365276933844328
