,ask12qty,ask12tomid,ask1qty,ask1tomid,bid12qty,bid12tomid,bid1qty,bid1tomid,twspr1,twspr2
x6EM6_20160526,71.12081178692611,1.386908043477018,17.204192496020646,0.6085568527255807,69.74225874408182,1.38983821119478,16.803436408044906,0.6085568527255807,1.217113714716746,3.2175125434575698
