,chgavg,dt_alt,dt_avg,dt_cont,duration,eta1,ndfpr,rvp,rvx,rvxe,spot_avg,M,S1,Volume
x6EM6_20160316,0.6011033551002026,1.3426016790000002,1.296227899,1.2389194730000002,0.7097591468879244,0.38589565990844354,22205.0,0.009548677506083262,0.008859392196538429,0.008388671171844738,11187.776569395659,56314.0,0.7743940669616466,154085.0
