,ask12qty,ask12tomid,ask1qty,ask1tomid,bid12qty,bid12tomid,bid1qty,bid1tomid,twspr1,twspr2
x6EM6_20160318,61.89759833666772,1.4785718920014985,18.13343832933233,0.7444324968943445,65.10285714540379,1.4736837136039924,19.01687324781826,0.7444324968943445,1.4888650017370508,3.4889261966544267
