,chgavg,dt_alt,dt_avg,dt_cont,duration,eta1,ndfpr,rvp,rvxe,spot_avg
x6EM6_20160506,0.5229375733090056,3.727834526,3.7533057860000003,3.7866879200000003,3.692212978723795,0.39177750176729514,7673.0,0.0040978877823573895,0.0036273946280848124,11429.811701850404
