,chgavg,dt_alt,dt_avg,dt_cont,duration,eta1,ndfpr,rvp,rvx,rvxe,spot_avg,M,S1,Volume
x6EM6_20160314,0.5339929779763805,4.35110536,4.593590503000001,4.918262988,4.270001135141827,0.37351457004261845,6266.0,0.003911410815567812,0.0034297246274495735,0.0033806655173924827,11135.124621030796,21060.0,0.8959424707114964,71384.0
