,Li,lamb,Co,Al,u,eta
0,1.0,0.9569610287363863,3240.0,4052.0,0.3998025666337611,0.38259547545729167
1,2.0,0.04028342737173599,88.0,219.0,-0.09817351598173518,-0.003954765700878192
2,3.0,0.0023618947644666053,6.0,12.0,-0.25,-0.0005904736911166513
3,4.0,0.0003936491274111009,3.0,0.0,inf,inf
