,chgavg,dt_alt,dt_avg,dt_cont,duration,eta1,ndfpr,rvp,rvx,rvxe,spot_avg,M,S1,Volume
x6EM6_20160426,0.5191296030607365,4.346918929,4.59089422,4.911743154000001,4.618400989403044,0.3812284958513311,6273.0,0.0036967890808552247,0.0032542065150406047,0.0032279912465772885,11328.489799171182,25692.0,0.9487469747833555,79144.0
