,Trade Qty,Avg_Cost
0,1.0,0.2696701030927835
1,2.0,0.2626217093400649
2,3.0,0.26306352459016397
3,4.0,0.27637806236080176
4,5.0,0.2832886505808757
5,6.0,0.27417557932263814
6,7.0,0.28335403726708075
7,8.0,0.3097301644031451
8,9.0,0.2913855150697256
9,10.0,0.34620689655172415
10,11.0,0.31534090909090906
11,12.0,0.30763888888888885
12,13.0,0.27692307692307694
13,14.0,0.3134920634920635
14,15.0,0.29961240310077525
15,16.0,0.3368389423076923
16,17.0,0.32757352941176465
17,18.0,0.2873563218390805
18,19.0,0.33704453441295545
19,20.0,0.3814814814814816
20,21.0,0.37531328320802004
21,22.0,0.4403409090909091
22,23.0,0.35714285714285715
23,24.0,0.378125
24,25.0,0.57
25,26.0,0.4269230769230769
26,27.0,0.3310185185185185
27,28.0,0.5208333333333334
28,29.0,0.3706896551724138
29,30.0,0.4393939393939394
30,31.0,0.41013824884792627
31,32.0,0.4895833333333333
32,33.0,0.25
33,34.0,0.6911764705882353
34,35.0,0.4928571428571429
35,36.0,0.5138888888888888
36,37.0,0.3513513513513513
37,38.0,0.25
38,39.0,0.561965811965812
39,40.0,0.575
40,41.0,0.7378048780487805
41,42.0,0.5297619047619048
42,43.0,0.5755813953488372
43,45.0,0.6222222222222222
44,46.0,0.3804347826086956
45,47.0,0.8723404255319149
46,48.0,0.6041666666666666
47,50.0,0.505
48,51.0,0.8333333333333334
49,53.0,0.4669811320754717
50,55.0,0.42727272727272725
51,57.0,0.8903508771929824
52,59.0,0.25
53,60.0,0.25
54,61.0,0.5778688524590164
55,62.0,0.5483870967741935
56,66.0,0.6628787878787878
57,69.0,0.7753623188405797
58,71.0,0.8661971830985915
59,72.0,0.8819444444444444
60,74.0,0.7702702702702703
61,75.0,0.25
62,77.0,0.9707792207792207
63,80.0,0.375
64,81.0,0.6327160493827161
65,93.0,0.7446236559139785
66,100.0,0.835
67,103.0,0.9077669902912622
68,107.0,0.9415887850467289
69,110.0,0.9590909090909091
70,124.0,0.5
71,127.0,0.8169291338582677
72,132.0,0.875
73,144.0,0.6076388888888888
74,157.0,1.1544585987261147
75,161.0,0.8835403726708074
76,172.0,1.0930232558139534
77,200.0,3.3625
78,235.0,1.4968085106382978
