,chgavg,dt_alt,dt_avg,dt_cont,duration,eta1,ndfpr,rvp,rvx,rvxe,spot_avg,M,S1,Volume
x6EM6_20160331,0.5189386368179093,2.797744021,2.878214112,2.998409596,2.567108848560596,0.3347945618593756,10006.0,0.004638479346084674,0.0038463681026755024,0.0037955946209693122,11417.433196762266,43393.0,0.9565167243367936,135595.0
