,ask12qty,ask12tomid,ask1qty,ask1tomid,bid12qty,bid12tomid,bid1qty,bid1tomid,twspr1,twspr2
x6EM6_20160411,47.87173016925772,2.224489334787819,11.832904827878846,1.30406888749124,47.817524262756336,2.125406260740658,11.872742713472217,1.30406888749124,2.6081377827811916,5.635498524522816
