,ask12qty,ask12tomid,ask1qty,ask1tomid,bid12qty,bid12tomid,bid1qty,bid1tomid,twspr1,twspr2
x6EM6_20160404,53.653649431291946,1.7578571126391578,13.35601323649738,1.0151031720799106,53.400884703103465,1.7788142059198242,13.218930075541115,1.0151031720799106,2.0302063544055837,4.031172632588113
