,Li,lamb,Co,Al,u,eta
0,1.0,0.9631111111111111,3548.0,5119.0,0.34655206094940416,0.33376814047882614
1,2.0,0.035222222222222224,52.0,265.0,-0.3037735849056604,-0.010699580712788263
2,3.0,0.0012222222222222222,1.0,10.0,-0.8500000000000001,-0.0010388888888888889
3,4.0,0.0003333333333333333,2.0,1.0,2.5,0.0008333333333333333
4,5.0,0.00011111111111111112,1.0,0.0,inf,inf
