,Li,lamb,Co,Al,u,eta
0,1.0,0.929009318293281,3575.0,4001.0,0.44676330917270685,0.41504727729298674
1,2.0,0.0622854340362923,150.0,358.0,-0.08100558659217882,-0.005045468120258318
2,3.0,0.006130456105934282,16.0,34.0,-0.2941176470588236,-0.001803075325274789
3,4.0,0.0018391368317802845,7.0,8.0,0.25,0.00045978420794507113
4,5.0,0.0003678273663560569,3.0,0.0,inf,inf
5,6.0,0.0002452182442373713,0.0,2.0,-2.5,-0.0006130456105934282
6,7.0,0.00012260912211868564,1.0,0.0,inf,inf
