,ask12qty,ask12tomid,ask1qty,ask1tomid,bid12qty,bid12tomid,bid1qty,bid1tomid,twspr1,twspr2
x6EM6_20160603,53.4911077994435,0.6945007658387272,15.896976531493463,0.33142364221580173,51.77970524090189,0.701211866816572,14.579417450103268,0.33142364221580173,0.6628473087024989,1.6632103800681843
