,Li,lamb,Co,Al,u,eta
0,1.0,0.9598068799034399,3511.0,4440.0,0.39538288288288287,0.37949121118704704
1,2.0,0.03838261919130959,69.0,249.0,-0.22289156626506024,-0.008555162108906354
2,3.0,0.001448400724200362,4.0,8.0,-0.25,-0.0003621001810500905
3,6.0,0.00012070006035003017,0.0,1.0,-2.5,-0.00030175015087507544
4,7.0,0.00012070006035003017,0.0,1.0,-3.0,-0.0003621001810500905
5,8.0,0.00012070006035003017,0.0,1.0,-3.5,-0.0004224502112251056
