,chgavg,dt_alt,dt_avg,dt_cont,duration,eta1,ndfpr,rvp,rvx,rvxe,spot_avg,M,S1,Volume
x6EM6_20160412,0.5201563372417644,3.09244814,3.21526391,3.376469524,2.8599800897741714,0.3754544730919466,8955.0,0.004401187754764237,0.003855249156972355,0.003813849359825698,11400.26239392586,33502.0,0.944461068885032,101189.0
