,chgavg,dt_alt,dt_avg,dt_cont,duration,eta1,ndfpr,rvp,rvx,rvxe,spot_avg,M,S1,Volume
x6EM6_20160411,0.5198963149782821,3.8890282060000003,4.034890992,4.224016742,14.394822365256793,0.43545506522746275,7137.0,0.003909262544624911,0.0034057427645464797,0.0036482241140742637,11441.90270383861,26815.0,0.05994020926756353,79617.0
