,chgavg,dt_alt,dt_avg,dt_cont,duration,eta1,ndfpr,rvp,rvx,rvxe,spot_avg,M,S1,Volume
x6EM6_20160527,0.5148058619126756,4.128017457,4.351077521000001,4.663649844,3.9928555792597713,0.3572780723975942,6619.0,0.003810253589550735,0.0032466454746153976,0.003220861573193961,11144.756042296072,26440.0,0.9534345351043644,84231.0
