,ask12qty,ask12tomid,ask1qty,ask1tomid,bid12qty,bid12tomid,bid1qty,bid1tomid,twspr1,twspr2
x6EM6_20160316,48.40602380830597,1.4758595328210575,14.162258450753368,0.7618200226115975,48.857991759677404,1.4750309769802419,14.221951438898602,0.7618200226115975,1.523640056913517,3.5252846680777394
