,Trade Qty,Avg_Cost
0,1.0,0.26327298616761596
1,2.0,0.260687198345208
2,3.0,0.25823124042879025
3,4.0,0.2666829427083333
4,5.0,0.2652980877390326
5,6.0,0.26520864756158874
6,7.0,0.270374449339207
7,8.0,0.283207656612529
8,9.0,0.2655270655270655
9,10.0,0.3103603603603604
10,11.0,0.27811004784689
11,12.0,0.30568910256410253
12,13.0,0.29356971153846156
13,14.0,0.275062656641604
14,15.0,0.322636815920398
15,16.0,0.2964409722222222
16,17.0,0.3544117647058823
17,18.0,0.3408119658119658
18,19.0,0.3003432494279176
19,20.0,0.32558139534883723
20,21.0,0.3181818181818182
21,22.0,0.28512396694214875
22,23.0,0.3687290969899666
23,24.0,0.3506944444444444
24,25.0,0.35777777777777775
25,26.0,0.27692307692307694
26,27.0,0.34259259259259256
27,28.0,0.3892857142857143
28,29.0,0.3931034482758621
29,30.0,0.3833333333333333
30,32.0,0.4505208333333333
31,33.0,0.3383838383838384
32,34.0,0.4754901960784314
33,35.0,0.5214285714285715
34,36.0,0.576388888888889
35,37.0,0.5489864864864864
36,38.0,0.5855263157894737
37,39.0,0.5112179487179487
38,40.0,0.45416666666666666
39,43.0,0.5174418604651163
40,44.0,0.25
41,45.0,0.42777777777777776
42,48.0,0.3125
43,49.0,0.25
44,50.0,0.61
45,55.0,0.4863636363636364
46,56.0,0.25
47,57.0,0.7149122807017544
48,58.0,0.5
49,61.0,0.48770491803278687
50,62.0,0.4193548387096774
51,64.0,0.4921875
52,65.0,0.48333333333333334
53,68.0,0.25
54,70.0,0.25
55,71.0,0.6654929577464789
56,72.0,0.25
57,76.0,0.25
58,80.0,0.70625
59,81.0,0.25
60,83.0,1.069277108433735
61,86.0,1.0116279069767442
62,95.0,0.9618421052631579
63,105.0,1.0214285714285714
64,111.0,0.8400900900900901
65,120.0,1.225
66,141.0,0.8865248226950354
67,160.0,1.325
68,165.0,1.3196969696969696
69,171.0,1.1798245614035088
70,264.0,1.8333333333333333
