,Li,lamb,Co,Al,u,eta
0,1.0,0.9546781593215626,2716.0,4150.0,0.3272289156626506,0.31239829888161014
1,2.0,0.03878771027387738,48.0,231.0,-0.29220779220779214,-0.011334071183925206
2,3.0,0.004170721534825525,3.0,27.0,-0.8333333333333333,-0.00347560127902127
3,4.0,0.00166828861393021,3.0,9.0,-0.8333333333333335,-0.0013902405116085086
4,5.0,0.0004170721534825525,1.0,2.0,-0.75,-0.0003128041151119144
5,6.0,0.00027804810232170165,0.0,2.0,-2.5,-0.0006951202558042541
