,ask12qty,ask12tomid,ask1qty,ask1tomid,bid12qty,bid12tomid,bid1qty,bid1tomid,twspr1,twspr2
x6EM6_20160517,61.72125845926805,1.6137596019880716,15.603898226325107,0.8043961111532185,62.61715277761382,1.5971650190601596,14.561482773684595,0.8043961111532185,1.6087922291799475,3.6922308966203605
