,chgavg,dt_alt,dt_avg,dt_cont,duration,eta1,ndfpr,rvp,rvxe,spot_avg
x6EM6_20160323,0.5244005403579872,4.759645797,4.863017368,5.0189495850000005,4.748635460463395,0.33746784422538373,5922.0,0.003686132785770956,0.0030283228409770714,11204.361641060274
