,chgavg,dt_alt,dt_avg,dt_cont,duration,eta1,ndfpr,rvp,rvx,rvxe,spot_avg,M,S1,Volume
x6EM6_20160407,0.5309971682847896,2.813949789,2.9123186210000003,3.046913526,2.443050305890296,0.36619967798363073,9888.0,0.004766231574558168,0.004137771013438218,0.004078956898526327,11390.030943472546,34167.0,0.9129145876137365,97478.0
