,Li,lamb,Co,Al,u,eta
0,0.5,0.9444444444444444,3422.0,4261.0,0.45077446608777283,0.42573144019400766
1,1.0,0.04805801376597837,81.0,310.0,0.13064516129032255,0.006278546959748785
2,1.5,0.004793510324483776,6.0,33.0,-0.11363636363636354,-0.0005447170823277013
3,2.0,0.0008603736479842675,3.0,4.0,0.25,0.00021509341199606687
4,2.5,0.001720747295968535,0.0,14.0,-0.75,-0.0012905604719764012
5,3.0,0.00012291052114060964,1.0,0.0,inf,inf
