,Li,lamb,Co,Al,u,eta
0,1.0,0.9476014760147602,2340.0,2795.0,0.4186046511627907,0.3966703853085043
1,2.0,0.0485239852398524,58.0,205.0,-0.2170731707317073,-0.010533255332553325
2,3.0,0.0035055350553505533,5.0,14.0,-0.4642857142857142,-0.0016275698471270423
3,4.0,0.00018450184501845018,1.0,0.0,inf,inf
4,6.0,0.00018450184501845018,0.0,1.0,-2.5,-0.00046125461254612545
