,Li,lamb,Co,Al,u,eta
0,1.0,0.9612608277189605,1775.0,2219.0,0.3999549346552501,0.3844610115369885
1,2.0,0.037776708373435997,34.0,123.0,-0.22357723577235777,-0.008446012034711303
2,3.0,0.0009624639076034649,1.0,3.0,-0.5,-0.00048123195380173246
