,chgavg,dt_alt,dt_avg,dt_cont,duration,eta1,ndfpr,rvp,rvx,rvxe,spot_avg,M,S1,Volume
x6EM6_20160426,0.5217260108630054,3.3149823690000004,3.4760412410000003,3.6879523030000003,3.0372450191348555,0.37949121118704704,8285.0,0.004298763474910542,0.0037854187545078403,0.0037450654257609943,11326.162382331644,33438.0,0.9457829517837318,103983.0
