,ask12qty,ask12tomid,ask1qty,ask1tomid,bid12qty,bid12tomid,bid1qty,bid1tomid,twspr1,twspr2
x6EM6_20160609,63.925159257080864,1.3862122221723754,15.989977957839024,0.6098849522497186,64.40163039341013,1.3765237350860058,16.64912901057375,0.6098849522497186,1.219769914781891,3.219840838005294
