,chgavg,dt_alt,dt_avg,dt_cont,duration,eta1,ndfpr,rvp,rvx,rvxe,spot_avg,M,S1,Volume
x6EM6_20160422,0.5284306292645944,4.2416745780000005,4.366526255,4.538576771000001,4.157737284708716,0.36177012016230314,6595.0,0.003920520620062769,0.0033863497637902397,0.003334840654548338,11258.233323226197,24520.0,0.9393815612107349,72659.0
