,chgavg,dt_alt,dt_avg,dt_cont,duration,eta1,ndfpr,rvp,rvxe,spot_avg
x6EM6_20160503,0.5155450874831763,3.6705765710000002,3.874110362,4.146777803,3.972656278490936,0.3745505471212066,7430.0,0.00391247809457467,0.003386274301372772,11541.17682680662
