,chgavg,dt_alt,dt_avg,dt_cont,duration,eta1,ndfpr,rvp,rvx,rvxe,spot_avg,M,S1,Volume
x6EM6_20160511,0.5134366418203217,5.134956011,5.649025724,6.410265558000001,5.876840424782213,0.3395493151205245,5098.0,0.003245360014725794,0.0026946249448436795,0.0026744181335131216,11439.516767993724,21916.0,0.9534809258073369,62800.0
