,ask12qty,ask12tomid,ask1qty,ask1tomid,bid12qty,bid12tomid,bid1qty,bid1tomid,twspr1,twspr2
x6EM6_20160510,57.6032283789224,1.6115842768430364,13.510819360300916,0.8602901640036208,56.24893063857254,1.623327265488268,13.028919742465234,0.8602901640036208,1.7205803346004578,3.720627417842436
