,ask12qty,ask12tomid,ask1qty,ask1tomid,bid12qty,bid12tomid,bid1qty,bid1tomid,twspr1,twspr2
x6EM6_20160330,48.77338669433325,1.8116875141775874,13.673303546685103,1.0905361137245508,48.2940474749898,1.788731434973297,14.380327675968354,1.0905361137245508,2.181072242347616,4.181479636144643
