,ask12qty,ask12tomid,ask1qty,ask1tomid,bid12qty,bid12tomid,bid1qty,bid1tomid,twspr1,twspr2
x6EM6_20160429,52.21576115931882,0.7026417589292991,12.444784219714858,0.31539727540701096,53.84971793388556,0.7010602197906518,13.248479744410481,0.31539727540701096,0.6307945701264303,1.6308123390172473
