,Li,lamb,Co,Al,u,eta
0,1.0,0.9706594885598924,3141.0,4070.0,0.38587223587223585,0.3745505471212066
1,2.0,0.027994616419919245,36.0,172.0,-0.2906976744186046,-0.008137969889511407
2,3.0,0.0009421265141318977,2.0,5.0,-0.3999999999999999,-0.000376850605652759
3,4.0,0.0004037685060565276,2.0,1.0,2.5,0.001009421265141319
