,Li,lamb,Co,Al,u,eta
0,1.0,0.9630733944954128,3690.0,4707.0,0.3919694072657744,0.3774953075938043
1,2.0,0.034174311926605506,68.0,230.0,-0.20434782608695645,-0.006983446350219384
2,3.0,0.002522935779816514,5.0,17.0,-0.5588235294117645,-0.0014098758769562866
3,5.0,0.00011467889908256881,1.0,0.0,inf,inf
4,6.0,0.00011467889908256881,0.0,1.0,-2.5,-0.00028669724770642203
