,chgavg,dt_alt,dt_avg,dt_cont,duration,eta1,ndfpr,rvp,rvx,rvxe,spot_avg,M,S1,Volume
x6EM6_20160601,0.5352042716999876,3.147889815,3.576062691,4.288836818,11.013505627086534,0.3868532773230783,8053.0,0.004575824156984336,0.003610534276475147,0.004024921965723776,11175.427054879563,32871.0,0.06910531931108063,100798.0
