,Li,lamb,Co,Al,u,eta
0,0.5,0.9336525307797537,3827.0,4362.0,0.4693374598807886,0.43819810720743946
1,1.0,0.05859553123575011,149.0,365.0,0.20410958904109588,0.011959909800173653
2,1.5,0.005471956224350205,15.0,33.0,0.09090909090909094,0.0004974505658500188
3,2.0,0.0015959872321021432,7.0,7.0,0.5,0.0007979936160510716
4,2.5,0.0003419972640218878,3.0,0.0,inf,inf
5,3.0,0.00022799817601459188,0.0,2.0,-1.0,-0.00022799817601459188
6,3.5,0.00011399908800729594,1.0,0.0,inf,inf
