,Li,lamb,Co,Al,u,eta
0,1.0,0.9736702127659574,1628.0,2032.0,0.4005905511811024,0.3900430872005361
1,2.0,0.025,16.0,78.0,-0.29487179487179493,-0.007371794871794873
2,3.0,0.0013297872340425532,0.0,5.0,-1.0,-0.0013297872340425532
