,Li,lamb,Co,Al,u,eta
0,1.0,0.9590306834030683,2444.0,3056.0,0.39986910994764396,0.38348674578486563
1,2.0,0.039574616457461645,44.0,183.0,-0.2595628415300546,-0.010272099900160809
2,3.0,0.0012203626220362621,1.0,6.0,-0.75,-0.0009152719665271967
3,4.0,0.00017433751743375174,1.0,0.0,inf,inf
