,Trade Qty,Avg_Cost
0,1.0,0.30643703821825335
1,2.0,0.3022029455816276
2,3.0,0.2958805744520031
3,4.0,0.34114015976761075
4,5.0,0.35123136746597516
5,6.0,0.3481210855949898
6,7.0,0.3541792244323889
7,8.0,0.38490905971173645
8,9.0,0.3595268272074355
9,10.0,0.49580924855491326
10,11.0,0.3650373599003736
11,12.0,0.3500683060109289
12,13.0,0.34423076923076923
13,14.0,0.3673469387755101
14,15.0,0.47430555555555554
15,16.0,0.3904166666666667
16,17.0,0.4248366013071896
17,18.0,0.41203703703703715
18,19.0,0.4093045112781955
19,20.0,0.7143835616438354
20,21.0,0.6968253968253967
21,22.0,0.6769480519480519
22,23.0,0.4855072463768116
23,24.0,0.41761363636363635
24,25.0,0.576875
25,26.0,0.7457264957264957
26,27.0,1.0231481481481481
27,28.0,0.5297619047619048
28,29.0,0.7982758620689655
29,30.0,1.5307692307692307
30,31.0,0.5524193548387096
31,32.0,0.9332386363636364
32,34.0,0.8578431372549019
33,35.0,0.9873015873015873
34,36.0,0.25
35,37.0,0.8216216216216216
36,38.0,0.7011278195488722
37,39.0,0.7083333333333333
38,40.0,1.1306818181818181
39,41.0,0.6524390243902439
40,42.0,0.7281746031746033
41,43.0,0.7645348837209303
42,44.0,0.7045454545454546
43,46.0,1.1304347826086958
44,47.0,0.8882978723404256
45,48.0,0.6041666666666666
46,49.0,0.7295918367346939
47,50.0,1.1444444444444446
48,51.0,0.6813725490196079
49,55.0,0.6681818181818182
50,56.0,0.8839285714285715
51,57.0,1.1096491228070176
52,64.0,1.6328125
53,66.0,2.0984848484848486
54,68.0,0.8897058823529411
55,70.0,0.7
56,75.0,0.83
57,76.0,0.25
58,77.0,2.272727272727273
59,79.0,1.0284810126582278
60,80.0,2.41875
61,82.0,1.0426829268292683
62,83.0,10.102409638554217
63,85.0,0.8823529411764706
64,90.0,2.7222222222222223
65,91.0,2.956043956043956
66,94.0,0.8936170212765957
67,100.0,3.02
68,103.0,3.2463592233009706
69,114.0,1.030701754385965
70,124.0,3.2620967741935485
71,126.0,2.361111111111111
72,157.0,1.2754777070063694
73,160.0,1.584375
74,167.0,0.6661676646706587
75,172.0,1.2296511627906976
