,ask12qty,ask12tomid,ask1qty,ask1tomid,bid12qty,bid12tomid,bid1qty,bid1tomid,twspr1,twspr2
x6EM6_20160317,48.72476410062333,1.727147492579696,12.988945870479402,0.9514931054377525,50.67300947228788,1.6766309249613756,14.046063994923882,0.9514931054377525,1.902986220335244,3.987003706095311
