,Li,lamb,Co,Al,u,eta
0,1.0,0.929368029739777,302.0,448.0,0.33705357142857145,0.31324681359532663
1,2.0,0.06939281288723669,7.0,48.0,-0.35416666666666663,-0.024576621230896323
2,3.0,0.0012391573729863693,0.0,1.0,-1.0,-0.0012391573729863693
