,Li,lamb,Co,Al,u,eta
0,1.0,0.9525334886429819,2732.0,3809.0,0.3586243108427409,0.34160166591922114
1,2.0,0.04557367501456028,40.0,273.0,-0.35347985347985345,-0.016109375966685224
2,3.0,0.0017472335468841002,4.0,8.0,-0.25,-0.00043680838672102506
3,5.0,0.00014560279557367502,1.0,0.0,inf,inf
