,ask12qty,ask12tomid,ask1qty,ask1tomid,bid12qty,bid12tomid,bid1qty,bid1tomid,twspr1,twspr2
x6EM6_20160407,44.991143421847255,0.7372141059410258,11.894572930035652,0.3601061929353658,43.09177579711768,0.7313896842600269,11.67767032671819,0.3601061929353658,0.7202124001725209,1.7202220914431372
