,ask12qty,ask12tomid,ask1qty,ask1tomid,bid12qty,bid12tomid,bid1qty,bid1tomid,twspr1,twspr2
x6EM6_20160322,59.16476570850382,0.7356728035945056,16.17477843259986,0.36198782913025795,59.03137720836567,0.7339314421876049,16.607869082818425,0.36198782913025795,0.72397566924036,1.7239762713702895
