,chgavg,dt_alt,dt_avg,dt_cont,duration,eta1,ndfpr,rvp,rvx,rvxe,spot_avg,M,S1,Volume
x6EM6_20160328,0.5231406861616394,6.595226683000001,6.626664064000001,6.668598977,23.16781654046902,0.4431513650089155,4343.0,0.0031409356630066106,0.00279409473197255,0.002956991554851564,11225.214548802947,17408.0,0.05202578268876611,54418.0
