,ask12qty,ask12tomid,ask1qty,ask1tomid,bid12qty,bid12tomid,bid1qty,bid1tomid,twspr1,twspr2
x6EM6_20160601,67.61597009340394,1.437515280471977,17.95915826038155,0.68125934677624,68.79508207312557,1.433900261988683,18.5383914433317,0.68125934677624,1.3625187042725158,3.3626693970479655
