,Trade Qty,Avg_Cost
0,1.0,0.2615912993703492
1,2.0,0.2576375932835821
2,3.0,0.25782371518805636
3,4.0,0.2621527777777778
4,5.0,0.2692393736017897
5,6.0,0.2640503875968992
6,7.0,0.2695267131242741
7,8.0,0.286128903122498
8,9.0,0.279810298102981
9,10.0,0.295398773006135
10,11.0,0.2777272727272727
11,12.0,0.29166666666666663
12,13.0,0.2876254180602007
13,14.0,0.286319612590799
14,15.0,0.3175
15,16.0,0.2970890410958904
16,17.0,0.2933823529411764
17,18.0,0.392156862745098
18,19.0,0.3285087719298246
19,20.0,0.32037037037037036
20,21.0,0.36054421768707484
21,22.0,0.356951871657754
22,23.0,0.2910628019323671
23,24.0,0.3229166666666667
24,25.0,0.4013333333333333
25,26.0,0.3461538461538461
26,27.0,0.32175925925925924
27,28.0,0.5625
28,29.0,0.34655172413793106
29,30.0,0.47857142857142865
30,31.0,0.25
31,32.0,0.5069444444444444
32,33.0,0.25
33,34.0,0.25
34,35.0,0.25
35,36.0,0.5218253968253969
36,37.0,0.375
37,38.0,0.25
38,40.0,0.56875
39,41.0,0.6646341463414634
40,42.0,0.5238095238095238
41,43.0,0.8255813953488372
42,44.0,0.6590909090909091
43,45.0,0.6611111111111111
44,47.0,0.601063829787234
45,48.0,0.84375
46,49.0,0.32142857142857145
47,50.0,0.5516666666666666
48,51.0,0.6911764705882353
49,52.0,0.8942307692307693
50,53.0,0.8632075471698113
51,54.0,0.8333333333333334
52,57.0,0.5350877192982456
53,59.0,0.809322033898305
54,60.0,0.4125
55,63.0,0.8055555555555556
56,64.0,0.6640625
57,70.0,0.5142857142857142
58,72.0,0.7569444444444444
59,74.0,0.6283783783783784
60,80.0,0.425
61,103.0,1.0910194174757282
62,110.0,0.8818181818181818
63,135.0,0.9203703703703704
64,150.0,1.46
65,159.0,1.0864779874213837
