,chgavg,dt_alt,dt_avg,dt_cont,duration,eta1,ndfpr,rvp,rvx,rvxe,spot_avg,M,S1,Volume
6MU4_20140904,10.100125156445557,33.218671399,36.018088861,40.64362295,39.365674708122796,0.30632809454441,799.0,0.003765398176611618,0.002966083500023357,0.002947265908212526,76190.8375,4848.0,0.9913762127200862,30487.0
