,ask12qty,ask12tomid,ask1qty,ask1tomid,bid12qty,bid12tomid,bid1qty,bid1tomid,twspr1,twspr2
6MU4_20140818,171.82103867860891,2.699995341494177,46.550795583280305,1.982730428887196,158.86312326695648,3.4040903814857204,44.345350974860956,1.982730428887196,3.965460857774392,8.203913720827819
