,Li,lamb,Co,Al,u,eta
0,1.0,1.0,122.0,310.0,0.1967741935483871,0.1967741935483871
