,chgavg,dt_alt,dt_avg,dt_cont,duration,eta1,ndfpr,rvp,rvx,rvxe,spot_avg,M,S1,Volume
6MU4_20140804,10.355029585798816,50.125430508,56.332763313,63.860563981000006,55.958770075472344,0.3433993062640277,507.0,0.0031853797731669796,0.0027059905038733546,0.0026398297722724185,75540.03937007874,4391.0,0.9909309642791042,26958.0
