,Li,lamb,Co,Al,u,eta
0,1.0,1.0,186.0,252.0,0.36904761904761907,0.36904761904761907
