,Li,lamb,Co,Al,u,eta
0,1.0,0.9758179231863442,337.0,348.0,0.48419540229885055,0.47248655188764077
1,2.0,0.017069701280227598,4.0,8.0,0.0,0.0
2,3.0,0.004267425320056899,1.0,2.0,-0.25,-0.0010668563300142249
3,4.0,0.002844950213371266,1.0,1.0,0.5,0.001422475106685633
