,Li,lamb,Co,Al,u,eta
0,1.0,0.9943342776203966,253.0,448.0,0.28236607142857145,0.28076626365843793
1,2.0,0.0056657223796034,2.0,2.0,0.5,0.0028328611898017
