,chgavg,dt_alt,dt_avg,dt_cont,duration,eta1,ndfpr,rvp,rvx,rvxe,spot_avg,M,S1,Volume
6MU4_20140715,10.44883303411131,42.694187898,51.657061041000006,63.452838842000006,50.63952492608163,0.38265877845119467,557.0,0.0032916826111226987,0.00291171214156003,0.00287964393803894,76843.9605734767,3658.0,0.9865742745777393,19793.0
