,chgavg,dt_alt,dt_avg,dt_cont,duration,eta1,ndfpr,rvp,rvxe,spot_avg,M
6MU4_20140902,10.123456790123457,41.12439142,50.792841269,69.435031088,55.10117674714153,0.2604061256155974,567.0,0.0031862613065757185,0.0022994394894746664,76104.55985915494,3683
