,ask12qty,ask12tomid,ask1qty,ask1tomid,bid12qty,bid12tomid,bid1qty,bid1tomid,twspr1,twspr2
6MU4_20140912,228.58000664740172,1.5630970398055475,79.25082543880639,0.8572851168994083,198.1907825174043,1.62370453039374,55.08582836253046,0.8572851168994083,1.7145702337988167,3.7156481889192983
