,Li,lamb,Co,Al,u,eta
0,1.0,0.9818496110630942,436.0,699.0,0.31187410586552217,0.3062134695447132
1,2.0,0.015557476231633534,6.0,12.0,0.0,0.0
2,3.0,0.001728608470181504,1.0,1.0,0.5,0.000864304235090752
3,4.0,0.000864304235090752,1.0,0.0,inf,inf
