,ask12qty,ask12tomid,ask1qty,ask1tomid,bid12qty,bid12tomid,bid1qty,bid1tomid,twspr1,twspr2
6MU4_20140903,193.81787979897254,2.674207481651541,45.24932621612904,1.6375798126179908,177.29900937258338,2.525470663115341,40.83235938854868,1.6375798126179908,3.2751596252359816,6.089242482460224
