,ask12qty,ask12tomid,ask1qty,ask1tomid,bid12qty,bid12tomid,bid1qty,bid1tomid,twspr1,twspr2
6MU4_20140808,167.1746458455603,1.4215515307801634,36.03078739004094,0.6150122214950722,162.3071538689565,1.4076236750000244,36.21592285420968,0.6150122214950722,1.2300244429901444,3.2301925337143853
