,chgavg,dt_alt,dt_avg,dt_cont,duration,eta1,ndfpr,rvp,rvxe,spot_avg,M
6MU4_20140829,10.092807424593968,53.840387096,60.459865429000004,72.632377483,73.1408509681912,0.2664569844287904,431.0,0.002754043108253603,0.002010477818740093,76422.5925925926,2709
