,Li,lamb,Co,Al,u,eta
0,1.0,0.9685314685314685,212.0,341.0,0.31085043988269795,0.30106843303324243
1,2.0,0.02972027972027972,1.0,16.0,-0.4375,-0.013002622377622378
2,3.0,0.0017482517482517483,0.0,1.0,-1.0,-0.0017482517482517483
