,Li,lamb,Co,Al,u,eta
0,1.0,0.9771689497716894,144.0,283.0,0.254416961130742,0.24860835471223192
1,2.0,0.0228310502283105,3.0,7.0,-0.0714285714285714,-0.001630789302022178
