,Li,lamb,Co,Al,u,eta
0,1.0,0.995,135.0,262.0,0.25763358778625955,0.2563454198473283
1,2.0,0.005,0.0,2.0,-0.5,-0.0025
