,chgavg,dt_alt,dt_avg,dt_cont,duration,eta1,ndfpr,rvp,rvxe,spot_avg,M
6MU4_20140818,10.220125786163521,72.869717073,90.520748427,123.59925892800001,94.46277671759621,0.2717779029381395,318.0,0.0024216926088642334,0.0017854228382308916,76475.64263322884,1854
