,chgavg,dt_alt,dt_avg,dt_cont,duration,eta1,ndfpr,rvp,rvxe,spot_avg,M
6MU4_20140822,10.341394025604552,36.907337047000006,40.944024182,45.141227405,40.85255503718404,0.47248655188764077,703.0,0.003703452255574219,0.0036001158299503087,76042.45738636363,3294
