,Li,lamb,Co,Al,u,eta
0,1.0,0.986228813559322,387.0,543.0,0.356353591160221,0.3514461794175484
1,2.0,0.013771186440677966,4.0,9.0,-0.05555555555555558,-0.0007650659133709984
