,chgavg,dt_alt,dt_avg,dt_cont,duration,eta1,ndfpr,rvp,rvx,rvxe,spot_avg,M,S1,Volume
6MU4_20140801,10.240420736288504,17.881425427,21.504220135,27.333255859,22.330331979275755,0.31069829021814455,1331.0,0.0050398958886826465,0.004035621867936683,0.003972885005210527,75579.38438438438,6505.0,0.9834678969627066,31658.0
