,chgavg,dt_alt,dt_avg,dt_cont,duration,eta1,ndfpr,rvp,rvx,rvxe,spot_avg,M,S1,Volume
6MU4_20140820,10.207006369426752,46.247585014,45.408726114000004,44.525800000000004,48.42758566675237,0.3993010540555775,628.0,0.0033951936834919045,0.003048988074961374,0.003034099230981944,76183.60890302066,3934.0,0.9849443595897883,22840.0
