,chgavg,dt_alt,dt_avg,dt_cont,duration,eta1,ndfpr,rvp,rvxe,spot_avg,M
6MU4_20140827,10.207253886010363,62.329764940000004,74.569774611,97.33862686500001,79.02443759702317,0.2607418172627322,386.0,0.0026530593586005483,0.001915875610058437,76321.13695090439,2224
