,Li,lamb,Co,Al,u,eta
0,1.0,0.9863387978142076,294.0,427.0,0.3442622950819672,0.33955925826390754
1,2.0,0.01092896174863388,2.0,6.0,-0.16666666666666674,-0.0018214936247723142
2,3.0,0.00273224043715847,2.0,0.0,inf,inf
