,Li,lamb,Co,Al,u,eta
0,1.0,0.9961089494163424,107.0,148.0,0.3614864864864865,0.36007992428225893
1,2.0,0.0038910505836575876,0.0,1.0,-0.5,-0.0019455252918287938
