,ask12qty,ask12tomid,ask1qty,ask1tomid,bid12qty,bid12tomid,bid1qty,bid1tomid,twspr1,twspr2
6MU4_20140822,143.43401084512908,1.4058414937587533,34.0717789986426,0.6225635954936941,147.52028064418482,1.4035845071995794,35.985799091992256,0.6225635954936941,1.2451271909873882,3.2451273993432137
