,chgavg,dt_alt,dt_avg,dt_cont,duration,eta1,ndfpr,rvp,rvx,rvxe,spot_avg,M,S1,Volume
6MU4_20140722,10.095923261390887,60.041603508,69.028019184,89.02575572500001,75.52115620062504,0.22828545674099018,417.0,0.002690495133481007,0.0018355713513832949,0.0018179684048009624,76984.97607655503,2751.0,0.9923430321592649,14714.0
