,Trade Qty,Avg_Cost
0,1.0,5.23110151187905
1,2.0,5.158730158730159
2,3.0,5.17114270668773
3,4.0,5.4518779342723
4,5.0,5.308641975308642
5,6.0,5.42022792022792
6,7.0,5.272353545734841
7,8.0,5.318627450980392
8,9.0,5.225522552255226
9,10.0,5.442477876106195
10,11.0,5.704225352112676
11,12.0,5.216894977168949
12,13.0,5.462315462315462
13,14.0,5.578231292517007
14,15.0,5.819209039548023
15,16.0,7.395833333333333
16,17.0,5.865051903114187
17,18.0,7.69570707070707
18,19.0,6.419172932330826
19,20.0,5.542553191489362
20,21.0,5.1923076923076925
21,22.0,5.554323725055432
22,23.0,5.71304347826087
23,24.0,5.357142857142857
24,25.0,5.453846153846154
25,26.0,6.933251933251934
26,27.0,7.643097643097643
27,28.0,5.773809523809523
28,29.0,5.957854406130268
29,30.0,5.228070175438597
30,31.0,10.668202764976959
31,32.0,5.714285714285714
32,33.0,5.881542699724517
33,34.0,6.544117647058823
34,35.0,8.625
35,36.0,5.0
36,37.0,5.645645645645645
37,38.0,5.714285714285714
38,39.0,6.428571428571429
39,40.0,6.53125
40,41.0,8.841463414634147
41,42.0,5.0
42,43.0,5.465116279069767
43,44.0,5.0
44,45.0,6.6
45,46.0,6.159420289855073
46,47.0,5.0
47,48.0,5.0
48,49.0,15.510204081632653
49,50.0,5.0
50,51.0,5.0
51,52.0,5.625
52,53.0,12.075471698113208
53,54.0,10.0
54,55.0,5.363636363636363
55,56.0,5.0
56,57.0,9.941520467836257
57,58.0,5.0
58,59.0,8.333333333333334
59,60.0,5.0
60,61.0,11.33879781420765
61,62.0,5.0
62,63.0,7.301587301587301
63,65.0,14.692307692307692
64,66.0,7.424242424242425
65,68.0,10.0
66,69.0,5.0
67,70.0,14.214285714285714
68,71.0,10.0
69,72.0,5.0
70,74.0,5.0
71,75.0,10.0
72,76.0,5.0
73,77.0,7.5
74,78.0,5.0
75,79.0,10.147679324894515
76,80.0,5.0
77,82.0,5.0
78,89.0,16.70411985018727
79,91.0,5.0
80,97.0,10.0
81,100.0,5.0
82,101.0,5.0
83,105.0,12.023809523809524
84,106.0,12.358490566037736
85,112.0,5.0
86,113.0,11.349557522123895
87,114.0,5.0
88,116.0,5.172413793103448
89,131.0,8.07888040712468
90,132.0,13.93939393939394
91,134.0,5.0
92,139.0,5.0
93,170.0,16.294117647058822
94,178.0,5.0
95,180.0,26.444444444444443
96,191.0,38.27225130890052
97,193.0,21.813471502590673
