,chgavg,dt_alt,dt_avg,dt_cont,duration,eta1,ndfpr,rvp,rvxe,spot_avg,M
6MU4_20140908,10.079491255961845,41.01004914,45.364057233000004,53.524307692,50.30795928772377,0.26888507610697476,629.0,0.003327957593393988,0.0024404849322171764,76256.41269841269,4439
