,chgavg,dt_alt,dt_avg,dt_cont,duration,eta1,ndfpr,rvp,rvx,rvxe,spot_avg,M,S1,Volume
6MU4_20140815,10.279269602577873,28.377791932,30.639117078,32.494252723,31.4255338134125,0.4802129547471162,931.0,0.004207863347414341,0.004130735074082886,0.004123761704382297,76307.90772532189,5316.0,0.9881800518134715,31896.0
