,chgavg,dt_alt,dt_avg,dt_cont,duration,eta1,ndfpr,rvp,rvx,rvxe,spot_avg,M,S1,Volume
6MU4_20140822,10.341394025604552,36.907337047000006,40.944024182,45.141227405,40.85255503718404,0.47248655188764077,703.0,0.003703452255574219,0.003608534124320057,0.0036001158299503087,76042.45738636363,3294.0,0.988976377952756,19566.0
