,ask12qty,ask12tomid,ask1qty,ask1tomid,bid12qty,bid12tomid,bid1qty,bid1tomid,twspr1,twspr2
6MU4_20140911,186.70129296035353,4.221409898095574,44.16355980601208,3.4139300317787415,164.77261872757876,4.7166610979260435,36.111475830998366,3.4139300317787415,6.827860063557483,9.482365711755639
