,ask12qty,ask12tomid,ask1qty,ask1tomid,bid12qty,bid12tomid,bid1qty,bid1tomid,twspr1,twspr2
6MU4_20140801,179.77255679479322,1.399989838244915,44.055078323367596,0.6145587868406812,192.23072444101922,1.3980754989135407,46.62438277172376,0.6145587868406812,1.2291175736813624,3.22913681011642
