,ask12qty,ask12tomid,ask1qty,ask1tomid,bid12qty,bid12tomid,bid1qty,bid1tomid,twspr1,twspr2
6MU4_20140820,172.82936707982768,5.539831135771313,44.79253840723363,3.539072418635572,152.24827395274178,4.316886891111973,37.435804446430474,3.539072418635572,7.078144837271144,11.380673229538463
