,Li,lamb,Co,Al,u,eta
0,1.0,0.9880597014925373,253.0,408.0,0.31004901960784315,0.30634694176177935
1,2.0,0.007462686567164179,1.0,4.0,-0.25,-0.0018656716417910447
2,3.0,0.0014925373134328358,1.0,0.0,inf,inf
3,4.0,0.0029850746268656717,0.0,2.0,-1.5,-0.004477611940298508
