,chgavg,dt_alt,dt_avg,dt_cont,duration,eta1,ndfpr,rvp,rvxe,spot_avg,M
6MU4_20140910,10.083832335329342,34.382014028,34.485835928,34.715722388,37.85075782178405,0.3325421883505716,835.0,0.0038674346776703524,0.0031539976113406317,75650.57416267942,5469
