,Li,lamb,Co,Al,u,eta
0,1.0,0.9904076738609112,130.0,282.0,0.23049645390070922,0.22828545674099018
1,2.0,0.009592326139088728,1.0,3.0,-0.16666666666666674,-0.0015987210231814554
