,ask12qty,ask12tomid,ask1qty,ask1tomid,bid12qty,bid12tomid,bid1qty,bid1tomid,twspr1,twspr2
6MU4_20140806,147.36219064354736,3.130882331909984,36.87160957897309,2.0800924363667703,154.13070134563011,2.9766755381838887,38.37209565564078,2.0800924363667703,4.160184872733541,6.836524394091096
