,ask12qty,ask12tomid,ask1qty,ask1tomid,bid12qty,bid12tomid,bid1qty,bid1tomid,twspr1,twspr2
6MU4_20140725,228.18448436274173,1.403473944550063,50.41298924060502,0.6110382863038851,202.59672713797872,1.3967568048579289,46.52000752230384,0.6110382863038851,1.2220765726077703,3.2220956041059416
