,Li,lamb,Co,Al,u,eta
0,1.0,0.9712460063897763,231.0,376.0,0.3071808510638298,0.29834817483515735
1,2.0,0.027156549520766772,1.0,16.0,-0.4375,-0.011880990415335463
2,3.0,0.001597444089456869,1.0,0.0,inf,inf
