,chgavg,dt_alt,dt_avg,dt_cont,duration,eta1,ndfpr,rvp,rvxe,spot_avg,M
6MU4_20140821,10.332167832167832,48.187874301,50.334034965,54.17722065700001,51.34362201050111,0.30106843303324243,572.0,0.003294921512567475,0.002556776010418337,76240.22687609075,3503
