,ask12qty,ask12tomid,ask1qty,ask1tomid,bid12qty,bid12tomid,bid1qty,bid1tomid,twspr1,twspr2
6MU4_20140716,262.0489164865113,1.345606586874975,53.44920967472402,0.5190846623924721,276.4299898523011,1.3046894954812964,73.21366437122461,0.5190846623924721,1.0381693247849442,3.038169324784944
