,ask12qty,ask12tomid,ask1qty,ask1tomid,bid12qty,bid12tomid,bid1qty,bid1tomid,twspr1,twspr2
6MU4_20140909,188.89882502440648,2.5571315385674356,45.409600377140436,1.750080844532268,205.49984814776778,2.5884625936188654,56.24680361723215,1.750080844532268,3.500161689064536,6.496756443743837
