,chgavg,dt_alt,dt_avg,dt_cont,duration,eta1,ndfpr,rvp,rvx,rvxe,spot_avg,M,S1,Volume
6MU4_20140905,10.20356234096692,35.059078512,36.637624681000005,39.256850498000006,38.39604466512717,0.30721181602411957,786.0,0.003797767307555572,0.003022592429216177,0.002976886710175457,76489.33926302414,4959.0,0.9873588403842912,34929.0
