,Li,lamb,Co,Al,u,eta
0,1.0,0.9812171299774606,506.0,799.0,0.3166458072590738,0.31069829021814455
1,2.0,0.01652892561983471,5.0,17.0,-0.2058823529411764,-0.003403014098201263
2,4.0,0.0015026296018031556,1.0,1.0,0.5,0.0007513148009015778
3,5.0,0.0007513148009015778,0.0,1.0,-2.0,-0.0015026296018031556
