,Li,lamb,Co,Al,u,eta
0,1.0,0.9847328244274809,297.0,476.0,0.3119747899159664,0.30721181602411957
1,2.0,0.011450381679389313,3.0,6.0,0.0,0.0
2,3.0,0.002544529262086514,0.0,2.0,-1.0,-0.002544529262086514
3,4.0,0.001272264631043257,1.0,0.0,inf,inf
