,ask12qty,ask12tomid,ask1qty,ask1tomid,bid12qty,bid12tomid,bid1qty,bid1tomid,twspr1,twspr2
6MU4_20140902,178.7301700474615,4.289912780583119,40.24895444355868,3.134486055251533,206.14917897658594,4.060401582126879,53.246052034820416,3.134486055251533,6.268972110503066,9.647241612821697
