,chgavg,dt_alt,dt_avg,dt_cont,duration,eta1,ndfpr,rvp,rvxe,spot_avg,M
6MU4_20140808,10.161691542288557,36.569254859000004,35.782498756,34.814873529,38.07140597249646,0.3611717612809316,804.0,0.0038725885387147765,0.0032913437840563216,75330.64596273292,4706
