,Li,lamb,Co,Al,u,eta
0,1.0,0.9922992299229924,396.0,505.0,0.3920792079207921,0.3890598960886188
1,2.0,0.007700770077007701,5.0,2.0,2.0,0.015401540154015401
