,chgavg,dt_alt,dt_avg,dt_cont,duration,eta1,ndfpr,rvp,rvxe,spot_avg,M
6MU4_20140901,10.642857142857142,84.460760416,96.058085714,114.968837209,189.4594514298615,0.21401098901098897,140.0,0.0017124479879184501,0.0011203415022732516,76365.4609929078,461
