,Li,lamb,Co,Al,u,eta
0,1.0,0.9957507082152974,245.0,457.0,0.26805251641137856,0.2669134830555228
1,2.0,0.00424929178470255,0.0,3.0,-0.5,-0.002124645892351275
