,chgavg,dt_alt,dt_avg,dt_cont,duration,eta1,ndfpr,rvp,rvxe,spot_avg,M
6MU4_20140805,10.291970802919709,20.195823674,20.936503649000002,21.899175627,21.201794474563457,0.3370722224259986,1370.0,0.005205240193185123,0.00427383011251719,75100.94821298322,7792
