,Li,lamb,Co,Al,u,eta
0,1.0,0.9936808846761453,212.0,416.0,0.2548076923076923,0.2531975331145947
1,2.0,0.00631911532385466,0.0,4.0,-0.5,-0.00315955766192733
