,chgavg,dt_alt,dt_avg,dt_cont,duration,eta1,ndfpr,rvp,rvx,rvxe,spot_avg,M,S1,Volume
6MU4_20140909,10.13771186440678,27.404394927000002,30.324412076,34.509506393,32.96184032243872,0.3514461794175484,944.0,0.004146011201571055,0.003493877944128782,0.00347596089695228,75619.93650793651,6526.0,0.9922541683077327,36588.0
