,ask12qty,ask12tomid,ask1qty,ask1tomid,bid12qty,bid12tomid,bid1qty,bid1tomid,twspr1,twspr2
6MU4_20140910,190.42692482776016,4.681041998388658,45.296271868042965,3.908793375968118,164.2818113540361,5.036814564926345,36.416423345789106,3.908793375968118,7.817586751936236,10.187202463683606
