,Li,lamb,Co,Al,u,eta
0,1.0,0.9920508744038156,219.0,404.0,0.27103960396039606,0.26888507610697476
1,2.0,0.00794912559618442,2.0,3.0,0.16666666666666663,0.0013248542660307362
