,chgavg,dt_alt,dt_avg,dt_cont,duration,eta1,ndfpr,rvp,rvx,rvxe,spot_avg,M,S1,Volume
6MU4_20140725,10.27027027027027,62.157144104000004,77.786775675,103.37905,77.13328646185869,0.30419756039225065,370.0,0.00266291885761742,0.002134851025144325,0.0020770683801076056,76965.06738544474,2630.0,0.994846923310094,16678.0
