,ask12qty,ask12tomid,ask1qty,ask1tomid,bid12qty,bid12tomid,bid1qty,bid1tomid,twspr1,twspr2
6MU4_20140730,155.83136444615008,2.775497768551267,41.61352090869123,1.9851101591491456,178.5361233672072,3.127582363461056,46.74071716940115,1.9851101591491456,3.970220318298291,7.375473750052366
