,chgavg,dt_alt,dt_avg,dt_cont,duration,eta1,ndfpr,rvp,rvxe,spot_avg,M
6MU4_20140724,10.08,75.38754090900001,76.726696,78.87240909,83.93594708538286,0.34745205479452057,375.0,0.0025542961278822037,0.0021292844625707187,76917.87234042553,2917
