,Li,lamb,Co,Al,u,eta
0,1.0,0.9811827956989247,116.0,248.0,0.2338709677419355,0.22947016996184533
1,2.0,0.013440860215053764,0.0,5.0,-0.5,-0.006720430107526882
2,3.0,0.002688172043010753,0.0,1.0,-1.0,-0.002688172043010753
3,5.0,0.002688172043010753,0.0,1.0,-2.0,-0.005376344086021506
