,ask12qty,ask12tomid,ask1qty,ask1tomid,bid12qty,bid12tomid,bid1qty,bid1tomid,twspr1,twspr2
6MU4_20140811,171.13465865120878,2.5727322369663637,43.77368643889622,1.5839065373198913,167.22832976913088,2.4499629433775736,41.485526538946374,1.5839065373198913,3.1678130746397826,7.514333006322551
