,chgavg,dt_alt,dt_avg,dt_cont,duration,eta1,ndfpr,rvp,rvxe,spot_avg,M
6MU4_20140903,10.0,59.864768339,81.484354107,142.529064516,91.784715762335,0.1795366795366795,353.0,0.0024610214533741285,0.0014747112448710163,76343.47457627118,2398
