,ask12qty,ask12tomid,ask1qty,ask1tomid,bid12qty,bid12tomid,bid1qty,bid1tomid,twspr1,twspr2
6MU4_20140813,151.41294117020638,2.365806413572672,38.120508017173556,1.318450855115314,134.97695577629753,2.5372518302552174,34.33207315038574,1.318450855115314,2.636901710230628,5.851716360236929
