,Li,lamb,Co,Al,u,eta
0,1.0,1.0,93.0,259.0,0.1795366795366795,0.1795366795366795
