,ask12qty,ask12tomid,ask1qty,ask1tomid,bid12qty,bid12tomid,bid1qty,bid1tomid,twspr1,twspr2
6MU4_20140812,148.92355602052314,1.9921772804288955,36.17561008948674,1.1547742098765397,152.7376468123216,2.3158101851993953,40.373962726193426,1.1547742098765397,2.3095484197530793,6.121132761164202
