,chgavg,dt_alt,dt_avg,dt_cont,duration,eta1,ndfpr,rvp,rvx,rvxe,spot_avg,M,S1,Volume
6MU4_20140716,10.295698924731182,72.05608627400001,77.36551344,86.975422413,77.34332334510141,0.22947016996184533,372.0,0.00265698406293998,0.0018598680034512334,0.0017999774566570645,77032.17158176943,2768.0,0.9912714576665697,17591.0
