,Li,lamb,Co,Al,u,eta
0,1.0,0.9963702359346642,191.0,357.0,0.26750700280112044,0.26653601549512723
1,2.0,0.003629764065335753,2.0,0.0,inf,inf
