,ask12qty,ask12tomid,ask1qty,ask1tomid,bid12qty,bid12tomid,bid1qty,bid1tomid,twspr1,twspr2
6MU4_20140908,173.54939986203385,3.015958066324616,41.61511556678624,2.1274874493755673,200.11547026440297,2.876191855266006,52.64103068849476,2.1274874493755673,4.254974898751135,6.789321007596311
