,chgavg,dt_alt,dt_avg,dt_cont,duration,eta1,ndfpr,rvp,rvxe,spot_avg,M
6MU4_20140729,10.105580693815988,37.804343317000004,43.394254901000004,54.020881578,46.95331570847299,0.2637302365809153,663.0,0.003442014941472923,0.0024998140879538655,76317.93674698795,4762
