,ask12qty,ask12tomid,ask1qty,ask1tomid,bid12qty,bid12tomid,bid1qty,bid1tomid,twspr1,twspr2
6MU4_20140731,167.42985043474988,3.1436327231988845,41.08054850282839,2.2100475890423703,195.37118605464906,3.646110932625852,48.57880850928312,2.2100475890423703,4.420095178084741,7.627473391390558
