,ask12qty,ask12tomid,ask1qty,ask1tomid,bid12qty,bid12tomid,bid1qty,bid1tomid,twspr1,twspr2
6MU4_20140805,148.15085081563038,4.579151776708941,37.59602897393935,3.0724525398056657,149.55128860353386,4.2630653235876075,36.74724801622945,3.0724525398056657,6.144905079611331,9.82610228583153
