,Li,lamb,Co,Al,u,eta
0,1.0,0.9875621890547264,335.0,458.0,0.36572052401746724,0.3611717612809316
1,2.0,0.009950248756218905,5.0,3.0,1.1666666666666667,0.011608623548922057
2,3.0,0.0012437810945273632,0.0,1.0,-1.0,-0.0012437810945273632
3,4.0,0.0012437810945273632,0.0,1.0,-1.5,-0.0018656716417910447
