,Li,lamb,Co,Al,u,eta
0,1.0,0.9929078014184397,179.0,240.0,0.3729166666666667,0.37027186761229314
1,2.0,0.0070921985815602835,2.0,1.0,1.5,0.010638297872340425
