,chgavg,dt_alt,dt_avg,dt_cont,duration,eta1,ndfpr,rvp,rvx,rvxe,spot_avg,M,S1,Volume
6MU4_20140814,10.204379562043796,38.045990338,41.567927007,47.118888888,44.08121621704426,0.3172512017090974,685.0,0.00355211379894593,0.0028815856814015826,0.002829459660210597,76323.60058309037,3949.0,0.9851068422188647,27849.0
