,ask12qty,ask12tomid,ask1qty,ask1tomid,bid12qty,bid12tomid,bid1qty,bid1tomid,twspr1,twspr2
6MU4_20140723,225.71474489713398,3.5036796632590157,43.8991350316617,2.429776060921375,211.2399637001261,3.210281803661987,40.21358571777879,2.429776060921375,4.85955212184275,7.473493988130708
