,chgavg,dt_alt,dt_avg,dt_cont,duration,eta1,ndfpr,rvp,rvxe,spot_avg,M
6MU4_20140721,10.038910505836576,99.74702684500001,110.58775097200001,126.17276635500001,124.61480241105224,0.36007992428225893,257.0,0.0021005869416540757,0.0017826049719100302,76762.13178294574,1948
