,Li,lamb,Co,Al,u,eta
0,1.0,0.9907192575406032,149.0,277.0,0.26895306859205775,0.2664569844287904
1,2.0,0.009280742459396751,2.0,2.0,0.5,0.004640371229698376
