,chgavg,dt_alt,dt_avg,dt_cont,duration,eta1,ndfpr,rvp,rvx,rvxe,spot_avg,M,S1,Volume
6MZ4_20140924,10.098360655737705,46.030091715000005,46.909775409000005,48.114686346000006,51.43075897399622,0.4008785707273977,610.0,0.0033563409569582273,0.00301128306892374,0.003005297645364295,74781.63666121113,4404.0,0.9946975648075412,27287.0
