,chgavg,dt_alt,dt_avg,dt_cont,duration,eta1,ndfpr,rvp,rvxe,spot_avg,M
6MZ4_20141028,10.164609053497943,33.724947598,39.502159122,49.359603703000005,41.919026625350824,0.29170763684038015,729.0,0.003759455520119988,0.00287153324182453,73950.64383561644,4843
