,chgavg,dt_alt,dt_avg,dt_cont,duration,eta1,ndfpr,rvp,rvxe,spot_avg,M
6MZ4_20141013,10.2,29.194667946000003,30.293870526000003,31.422679906000003,32.11068038626097,0.40492466460268317,950.0,0.00428223468177008,0.003853652748198956,74178.37013669821,4821
