,ask12qty,ask12tomid,ask1qty,ask1tomid,bid12qty,bid12tomid,bid1qty,bid1tomid,twspr1,twspr2
6MZ4_20140924,155.63666315455916,3.794182593853818,37.26255112252834,2.450093109748914,163.75112738774533,3.3109625240571954,40.53699669980446,2.450093109748914,4.900186219497828,8.333804979486773
