,chgavg,dt_alt,dt_avg,dt_cont,duration,eta1,ndfpr,rvp,rvxe,spot_avg,M
6MZ4_20141031,10.227518959913326,27.547897212000002,31.188327193000003,37.156767241000004,32.21218394746741,0.29953964135208183,923.0,0.004285179620676688,0.003316738113585741,74010.50865800866,5652
