,chgavg,dt_alt,dt_avg,dt_cont,duration,eta1,ndfpr,rvp,rvxe,spot_avg,M
6MZ4_20141103,10.092592592592593,44.636130120000004,44.408751543,43.519094827,47.79307973698467,0.280249910104279,648.0,0.0035388557770530205,0.0026494187318211685,73574.468412943,4492
