,chgavg,dt_alt,dt_avg,dt_cont,duration,eta1,ndfpr,rvp,rvxe,spot_avg,M
6MZ4_20141104,10.082644628099173,36.115081967,39.642516528,44.80019463,43.43722942549354,0.34665263267321583,726.0,0.00372154923868096,0.0030987462815291805,73386.7537826685,4188
