,Li,lamb,Co,Al,u,eta
0,1.0,0.9951923076923077,283.0,544.0,0.2601102941176471,0.25885976385746606
1,2.0,0.003605769230769231,2.0,1.0,1.5,0.005408653846153846
2,3.0,0.001201923076923077,1.0,0.0,inf,inf
