,chgavg,dt_alt,dt_avg,dt_cont,duration,eta1,ndfpr,rvp,rvx,rvxe,spot_avg,M,S1,Volume
6MZ4_20141029,10.49770290964778,19.378560549,22.035692189000002,25.545503968000002,20.68518621573827,0.30665857101837674,1306.0,0.005341931957894224,0.004340021884453021,0.004183510887706165,74087.41392501912,6449.0,0.9768366228070176,36025.0
