,chgavg,dt_alt,dt_avg,dt_cont,duration,eta1,ndfpr,rvp,rvxe,spot_avg,M
6MZ4_20141001,10.206521739130435,27.291078947000003,30.944071739,35.9484677,32.82557861002513,0.3583059689084712,920.0,0.004246922077028547,0.0035951441788595498,73976.19978284473,6120
