,ask12qty,ask12tomid,ask1qty,ask1tomid,bid12qty,bid12tomid,bid1qty,bid1tomid,twspr1,twspr2
6MZ4_20141020,141.0910904203985,2.9948980647996346,25.25508724718177,1.717811004463867,151.0976019950895,2.948032318632571,24.073175822841858,1.717811004463867,3.435622008927734,7.081231185768833
