,Li,lamb,Co,Al,u,eta
0,1.0,0.9890795631825273,237.0,396.0,0.29924242424242425,0.2959745662553775
1,2.0,0.0093603744149766,1.0,5.0,-0.30000000000000004,-0.0028081123244929804
2,3.0,0.0015600624024961,1.0,0.0,inf,inf
