,Li,lamb,Co,Al,u,eta
0,1.0,0.9928952042628775,238.0,320.0,0.371875,0.36923290408525755
1,2.0,0.007104795737122558,3.0,1.0,2.5,0.017761989342806393
