,Li,lamb,Co,Al,u,eta
0,1.0,0.9870848708487084,396.0,673.0,0.29420505200594355,0.29040535576232435
1,2.0,0.012915129151291513,7.0,7.0,0.5,0.006457564575645757
