,ask12qty,ask12tomid,ask1qty,ask1tomid,bid12qty,bid12tomid,bid1qty,bid1tomid,twspr1,twspr2
6MZ4_20141031,147.43639417225413,1.383003618591387,28.861131783308032,0.5596925412279108,176.52302772397684,1.3822434716730216,35.00103655929674,0.5596925412279108,1.1193850824558216,3.1194198392928576
