,Li,lamb,Co,Al,u,eta
0,1.0,0.9814814814814815,494.0,565.0,0.43716814159292033,0.4290724352671255
1,2.0,0.013888888888888888,8.0,7.0,0.6428571428571428,0.008928571428571426
2,3.0,0.003703703703703704,2.0,2.0,0.5,0.001851851851851852
3,4.0,0.000925925925925926,0.0,1.0,-1.5,-0.001388888888888889
