,Li,lamb,Co,Al,u,eta
0,1.0,0.9857768052516411,325.0,575.0,0.2826086956521739,0.27858909713633334
1,2.0,0.014223194748358862,6.0,7.0,0.3571428571428571,0.005079712410128164
