,ask12qty,ask12tomid,ask1qty,ask1tomid,bid12qty,bid12tomid,bid1qty,bid1tomid,twspr1,twspr2
6MZ4_20141015,103.74465165404408,4.886601607568971,23.012991605969447,4.118026638429865,131.3525250536439,5.4507401867816485,26.75030570200406,4.118026638429865,8.23605327685973,11.058362731150053
