,Li,lamb,Co,Al,u,eta
0,1.0,0.9815817984832069,343.0,562.0,0.30516014234875444,0.29953964135208183
1,2.0,0.01733477789815818,4.0,12.0,-0.16666666666666674,-0.002889129649693031
2,6.0,0.0010834236186348862,1.0,0.0,inf,inf
