,ask12qty,ask12tomid,ask1qty,ask1tomid,bid12qty,bid12tomid,bid1qty,bid1tomid,twspr1,twspr2
6MZ4_20140916,143.77472328510095,3.216876308180214,33.85328481435279,2.281404326586293,134.3953959112394,3.0829678131681137,30.940642382258613,2.281404326586293,4.562808653172586,7.362642786075066
