,ask12qty,ask12tomid,ask1qty,ask1tomid,bid12qty,bid12tomid,bid1qty,bid1tomid,twspr1,twspr2
6MZ4_20141007,157.69894540780933,3.138253322740936,27.867281479155245,2.280160452002653,152.5801208371966,3.9732208926281336,29.259308044102138,2.280160452002653,4.560320904005306,8.431369956790414
