,Li,lamb,Co,Al,u,eta
0,1.0,0.9844357976653697,315.0,443.0,0.35553047404063204,0.34999692580653663
1,2.0,0.01297016861219196,0.0,10.0,-0.5,-0.00648508430609598
2,3.0,0.0025940337224383916,2.0,0.0,inf,inf
