,Li,lamb,Co,Al,u,eta
0,1.0,0.9931129476584022,296.0,424.0,0.3490566037735849,0.34665263267321583
1,2.0,0.005509641873278237,2.0,2.0,0.5,0.0027548209366391185
2,3.0,0.0013774104683195593,0.0,1.0,-1.0,-0.0013774104683195593
