,chgavg,dt_alt,dt_avg,dt_cont,duration,eta1,ndfpr,rvp,rvxe,spot_avg,M
6MZ4_20141030,10.060096153846153,31.269174311,34.599162259,41.033300699,38.162388809181394,0.25885976385746606,832.0,0.003926330809940988,0.002825102185492067,74210.9243697479,5622
