,chgavg,dt_alt,dt_avg,dt_cont,duration,eta1,ndfpr,rvp,rvx,rvxe,spot_avg,M,S1,Volume
6MZ4_20141105,10.181582360570687,35.344463576,37.333167315000004,40.228201892,39.65923590111074,0.34999692580653663,771.0,0.0038966726804730055,0.0032823385569579213,0.0032601759504139807,73351.0621761658,4338.0,0.9919337720229251,23756.0
