,chgavg,dt_alt,dt_avg,dt_cont,duration,eta1,ndfpr,rvp,rvx,rvxe,spot_avg,M,S1,Volume
6MZ4_20140926,10.177902621722847,25.384942901000002,26.933664794000002,29.331768496000002,28.597668031689004,0.3200924276365689,1068.0,0.004552499345005855,0.0036794930764489876,0.00364252540897396,73936.23012160898,7325.0,0.9932711604297013,44018.0
