,chgavg,dt_alt,dt_avg,dt_cont,duration,eta1,ndfpr,rvp,rvxe,spot_avg,M
6MZ4_20141020,10.1,54.451271477000006,57.323344000000006,61.01408173,62.91236525933016,0.3511245674740484,500.0,0.0030832227052039677,0.0025837500733568797,73603.69261477047,3373
