,Li,lamb,Co,Al,u,eta
0,1.0,0.985254691689008,302.0,432.0,0.34953703703703703,0.34438300565981533
1,2.0,0.014745308310991957,3.0,8.0,-0.125,-0.0018431635388739946
