,ask12qty,ask12tomid,ask1qty,ask1tomid,bid12qty,bid12tomid,bid1qty,bid1tomid,twspr1,twspr2
6MZ4_20141105,137.17262392112596,4.095040096304262,26.745354810905308,2.789880775267756,165.59893851855327,4.209511920780377,34.03371605527191,2.789880775267756,5.579761550535512,9.39945494513473
