,Li,lamb,Co,Al,u,eta
0,1.0,0.9804357492218764,967.0,1237.0,0.3908649959579628,0.38321801515665094
1,2.0,0.018674966651845263,16.0,26.0,0.11538461538461542,0.002154803844443685
2,3.0,0.00044464206313917296,0.0,1.0,-1.0,-0.00044464206313917296
3,6.0,0.00044464206313917296,0.0,1.0,-2.5,-0.0011116051578479323
