,chgavg,dt_alt,dt_avg,dt_cont,duration,eta1,ndfpr,rvp,rvxe,spot_avg,M
6MZ4_20141017,10.274390243902438,30.023351711,29.237784552,28.301321663000003,30.251424067138526,0.4205541084537059,984.0,0.00444367621998389,0.0040753822090353305,73647.36040609136,4734
