,ask12qty,ask12tomid,ask1qty,ask1tomid,bid12qty,bid12tomid,bid1qty,bid1tomid,twspr1,twspr2
6MZ4_20140930,167.35098280302051,2.3797659350676255,44.25827052563876,1.64139894794017,158.62922810036557,2.888214823353359,38.68058935873765,1.64139894794017,3.28279789588034,7.1968217561199745
