,ask12qty,ask12tomid,ask1qty,ask1tomid,bid12qty,bid12tomid,bid1qty,bid1tomid,twspr1,twspr2
6MZ4_20140915,160.19812708857563,5.818793922271473,36.61612663444782,4.7589924159910035,168.9419812336825,5.48903935332834,43.621585717122024,4.7589924159910035,9.517984831982007,11.896871441275456
