,ask12qty,ask12tomid,ask1qty,ask1tomid,bid12qty,bid12tomid,bid1qty,bid1tomid,twspr1,twspr2
6MZ4_20141030,208.30332945096998,1.3702139864111262,41.648259268579686,0.5431875044686649,179.54237662517465,1.3688856912630087,35.872373887808116,0.5431875044686649,1.0863750089373299,3.088470971222718
