,ask12qty,ask12tomid,ask1qty,ask1tomid,bid12qty,bid12tomid,bid1qty,bid1tomid,twspr1,twspr2
6MZ4_20141003,157.29708249091374,1.36892907864465,34.50230626849768,0.561004374244288,164.33348647685415,1.359015155386431,37.754768293679405,0.561004374244288,1.122008748488576,3.1220131587441635
