,chgavg,dt_alt,dt_avg,dt_cont,duration,eta1,ndfpr,rvp,rvxe,spot_avg,M
6MZ4_20140929,10.101867572156197,44.575936639000005,48.868913412000005,55.99400000000001,53.37710385524997,0.3096622435526553,589.0,0.0033423176313960466,0.002630309453096803,73713.54237288136,4590
