,ask12qty,ask12tomid,ask1qty,ask1tomid,bid12qty,bid12tomid,bid1qty,bid1tomid,twspr1,twspr2
6MZ4_20141014,151.91176100939566,3.4825486938385946,31.477718819657536,2.641995494057166,159.52653619944962,5.221812642476238,32.3314358788502,2.641995494057166,5.283990988114332,11.750480877265838
