,Li,lamb,Co,Al,u,eta
0,1.0,0.985969387755102,331.0,441.0,0.37528344671201813,0.37001799018927295
1,2.0,0.01403061224489796,4.0,7.0,0.0714285714285714,0.0010021865889212824
