,Li,lamb,Co,Al,u,eta
0,1.0,0.9806259314456036,278.0,379.0,0.36675461741424803,0.359649088313823
1,2.0,0.01788375558867362,4.0,8.0,0.0,0.0
2,3.0,0.0014903129657228018,1.0,0.0,inf,inf
