,chgavg,dt_alt,dt_avg,dt_cont,duration,eta1,ndfpr,rvp,rvx,rvxe,spot_avg,M,S1,Volume
6MZ4_20141106,10.207317073170731,30.906546153,34.345176829,40.34480602,36.039932293497024,0.2819559554818849,820.0,0.004091348520488497,0.0031672369796432297,0.00307236005666882,73284.8233861145,4806.0,0.991180981595092,26074.0
