,chgavg,dt_alt,dt_avg,dt_cont,duration,eta1,ndfpr,rvp,rvx,rvxe,spot_avg,M,S1,Volume
6MZ4_20141103,10.092592592592593,44.636130120000004,44.408751543,43.519094827,47.79307973698467,0.280249910104279,648.0,0.0035388557770530205,0.0026757811451143237,0.0026494187318211685,73574.468412943,4492.0,0.9895662847790507,25588.0
