,ask12qty,ask12tomid,ask1qty,ask1tomid,bid12qty,bid12tomid,bid1qty,bid1tomid,twspr1,twspr2
6MZ4_20141006,147.50658236789153,3.864774714271899,30.440113723963265,2.2827296232294323,143.9208533758294,3.272054591779035,31.69841163134755,2.2827296232294323,4.565459246458865,9.35551558623168
