,Li,lamb,Co,Al,u,eta
0,1.0,0.9931856899488927,215.0,367.0,0.29291553133514986,0.2909195140858473
1,2.0,0.0068143100511073255,2.0,2.0,0.5,0.0034071550255536627
