,ask12qty,ask12tomid,ask1qty,ask1tomid,bid12qty,bid12tomid,bid1qty,bid1tomid,twspr1,twspr2
6MZ4_20141001,140.7983876934671,4.582771288847506,30.907107816791065,3.667565599915786,149.58445071816894,4.858985810769416,34.007718409811325,3.667565599915786,7.335131199831572,10.645650211625393
