,ask12qty,ask12tomid,ask1qty,ask1tomid,bid12qty,bid12tomid,bid1qty,bid1tomid,twspr1,twspr2
6MZ4_20140925,140.25673799007538,3.208440751415549,34.10197982542852,1.822068954876783,171.11737206738263,3.194927695222837,43.068373998377425,1.822068954876783,3.644137909753566,8.375916973624435
