,ask12qty,ask12tomid,ask1qty,ask1tomid,bid12qty,bid12tomid,bid1qty,bid1tomid,twspr1,twspr2
6MZ4_20140918,142.3392534389601,2.869274680587738,35.35925690125159,2.0946389344357565,167.76332984562805,3.7351049688036517,55.85977787872065,2.0946389344357565,4.189277868871513,8.256500004185495
