,chgavg,dt_alt,dt_avg,dt_cont,duration,eta1,ndfpr,rvp,rvx,rvxe,spot_avg,M,S1,Volume
6MZ4_20140925,10.087633885102239,23.200098275000002,27.875879259,33.977986547,30.564761796522617,0.3804049755391264,1027.0,0.004378940411739383,0.00383524643856257,0.0038195053929643125,74352.05252918288,8411.0,0.9948057344691461,43720.0
