,Li,lamb,Co,Al,u,eta
0,1.0,0.985553772070626,265.0,348.0,0.3807471264367816,0.37524676666482165
1,2.0,0.011235955056179775,4.0,3.0,0.8333333333333333,0.009363295880149811
2,3.0,0.0016051364365971107,1.0,0.0,inf,inf
3,4.0,0.0016051364365971107,0.0,1.0,-1.5,-0.002407704654895666
