,chgavg,dt_alt,dt_avg,dt_cont,duration,eta1,ndfpr,rvp,rvx,rvxe,spot_avg,M,S1,Volume
6MZ4_20140915,10.181311018131101,40.105310722000006,40.13962343,40.30419305,42.183008453131656,0.28566859802994704,717.0,0.003686540665792938,0.0028176593675025125,0.00278653997974557,75176.94986072423,4205.0,0.992068461699019,22945.0
