,ask12qty,ask12tomid,ask1qty,ask1tomid,bid12qty,bid12tomid,bid1qty,bid1tomid,twspr1,twspr2
6MZ4_20140917,130.57929321167876,5.90992382651901,31.396691949992473,4.443917322297148,136.40411036285693,5.170650083991344,34.68978160221585,4.443917322297148,8.887834644594296,11.651990852110455
