,chgavg,dt_alt,dt_avg,dt_cont,duration,eta1,ndfpr,rvp,rvx,rvxe,spot_avg,M,S1,Volume
6MZ4_20140923,10.208643815201192,41.933074935,42.546742175000006,43.535441696,45.308118723697184,0.359649088313823,671.0,0.0035724004524703657,0.003056683915417879,0.003029804563559926,74855.61011904762,4686.0,0.9947936035701004,33813.0
