,chgavg,dt_alt,dt_avg,dt_cont,duration,eta1,ndfpr,rvp,rvxe,spot_avg,M
6MZ4_20141027,10.15810276679842,45.905649180000005,56.911108695,73.86575500000001,60.2245143801484,0.32187023050131097,506.0,0.0031562895475955827,0.002532399624494445,73486.74556213018,3458
