,Li,lamb,Co,Al,u,eta
0,1.0,0.9876543209876543,267.0,452.0,0.29535398230088494,0.29170763684038015
1,2.0,0.009602194787379973,2.0,5.0,-0.09999999999999998,-0.0009602194787379972
2,3.0,0.0013717421124828531,0.0,1.0,-1.0,-0.0013717421124828531
3,4.0,0.0013717421124828531,1.0,0.0,inf,inf
