,ask12qty,ask12tomid,ask1qty,ask1tomid,bid12qty,bid12tomid,bid1qty,bid1tomid,twspr1,twspr2
6MZ4_20141016,127.81745314251108,4.298100949972294,24.457317133395378,3.1437338376107142,141.23025469250015,4.096934742595744,36.14331904150124,3.1437338376107142,6.2874676752214285,12.290145987226618
