,chgavg,dt_alt,dt_avg,dt_cont,duration,eta1,ndfpr,rvp,rvxe,spot_avg,M
6MZ4_20141008,10.320417287630402,19.18723224,21.341318926,23.873885057000003,21.743472639609074,0.40552076062555414,1342.0,0.005205821404447368,0.004688250503896816,74151.30305286672,8089
