,chgavg,dt_alt,dt_avg,dt_cont,duration,eta1,ndfpr,rvp,rvx,rvxe,spot_avg,M,S1,Volume
6MZ4_20141015,10.29838022165388,10.604999234000001,12.271306479000001,14.378725433000001,12.449989767292115,0.3866488692503605,2346.0,0.006936210874953472,0.006174461409931622,0.0060995199786261535,73547.12824882829,13371.0,0.9796204730722972,68371.0
