,Li,lamb,Co,Al,u,eta
0,1.0,0.9931840311587147,442.0,577.0,0.3830155979202773,0.3804049755391264
1,2.0,0.005842259006815969,4.0,2.0,1.5,0.008763388510223954
2,4.0,0.0009737098344693282,0.0,1.0,-1.5,-0.0014605647517039922
