,Li,lamb,Co,Al,u,eta
0,1.0,0.996116504854369,186.0,326.0,0.2852760736196319,0.2841682053725654
1,2.0,0.003883495145631068,1.0,1.0,0.5,0.001941747572815534
