,chgavg,dt_alt,dt_avg,dt_cont,duration,eta1,ndfpr,rvp,rvx,rvxe,spot_avg,M,S1,Volume
6CH6_20160308,1.0093457943925233,16.210391610000002,17.895335355,20.374802786,19.63649077413266,0.34020874258388395,1605.0,0.005437585510670846,0.004499264036838332,0.00448532412771821,7470.238480697385,12522.0,0.9915621986499518,43793.0
