,ask12qty,ask12tomid,ask1qty,ask1tomid,bid12qty,bid12tomid,bid1qty,bid1tomid,twspr1,twspr2
6CH6_010516,160.4432454539406,1.4766277231920233,40.67500285340255,0.7323736405276753,160.85472980940105,1.4981755356735282,38.16997065351998,0.7323736405276753,1.4647472860325044,3.4647473022989295
