,ask12qty,ask12tomid,ask1qty,ask1tomid,bid12qty,bid12tomid,bid1qty,bid1tomid,twspr1,twspr2
6CH6_20160304,129.9986074307858,1.3219881303635055,34.21004857177799,0.5657855309502041,135.1087571157691,1.3225051440211157,34.77604293536643,0.5657855309502041,1.1315710676562265,3.1324143015373354
