,Trade Qty,Avg_Cost
0,1.0,0.5072666783400456
1,2.0,0.502674511901578
2,3.0,0.5061542326048731
3,4.0,0.5061117578579744
4,5.0,0.5031634446397187
5,6.0,0.5011574074074074
6,7.0,0.5056980056980057
7,8.0,0.5053191489361702
8,9.0,0.5
9,10.0,0.5061855670103093
10,11.0,0.5
11,12.0,0.5112433862433862
12,13.0,0.5
13,14.0,0.5018450184501845
14,15.0,0.5055555555555555
15,16.0,0.5098684210526315
16,17.0,0.5
17,18.0,0.5
18,19.0,0.5
19,20.0,0.5202702702702703
20,21.0,0.5454545454545454
21,22.0,0.5
22,23.0,0.5
23,24.0,0.5
24,25.0,0.6799999999999999
25,26.0,0.5
26,27.0,0.5092592592592593
27,28.0,0.6428571428571428
28,29.0,0.5
29,30.0,0.751851851851852
30,31.0,0.5
31,32.0,0.5
32,33.0,0.5
33,34.0,0.5
34,35.0,0.5
35,36.0,0.5
36,37.0,0.5
37,38.0,0.5
38,39.0,0.5
39,40.0,0.6
40,41.0,0.5
41,43.0,0.5116279069767442
42,46.0,0.5
43,48.0,1.4166666666666667
44,50.0,0.6666666666666666
45,51.0,1.1470588235294117
46,52.0,0.5
47,56.0,0.5
48,57.0,0.6403508771929824
49,58.0,0.5689655172413793
50,63.0,0.5
51,68.0,1.411764705882353
52,70.0,1.2857142857142856
53,72.0,0.6875
54,73.0,1.1472602739726028
55,89.0,1.0
56,97.0,1.2938144329896908
57,98.0,1.086734693877551
58,100.0,1.17
59,106.0,1.179245283018868
60,112.0,1.2678571428571428
61,122.0,1.319672131147541
62,129.0,1.3682170542635659
63,164.0,1.3475609756097562
64,196.0,1.7295918367346939
