,ask12qty,ask12tomid,ask1qty,ask1tomid,bid12qty,bid12tomid,bid1qty,bid1tomid,twspr1,twspr2
6CH6_20160222,141.31252638170668,1.5295347006489788,36.685439077555856,0.7835460920433271,145.83432350963233,1.5378511429184756,35.74836098264899,0.7835460920433271,1.5670921881227138,3.567101727263489
