,ask12qty,ask12tomid,ask1qty,ask1tomid,bid12qty,bid12tomid,bid1qty,bid1tomid,twspr1,twspr2
6CH6_20160208,126.88713496778541,1.5812116632533102,32.706272416724254,0.8397612002313272,131.7644988741077,1.569565796531665,35.90741682501365,0.8397612002313272,1.679522407849959,3.679574027394815
