,ask12qty,ask12tomid,ask1qty,ask1tomid,bid12qty,bid12tomid,bid1qty,bid1tomid,twspr1,twspr2
6CH6_012516,169.97710415574144,1.4590583163672879,44.86650647929064,0.7132427743885811,173.23230643852756,1.4160992004273554,46.67452246935136,0.7132427743885811,1.426485554386366,3.42648557604759
