,ask12qty,ask12tomid,ask1qty,ask1tomid,bid12qty,bid12tomid,bid1qty,bid1tomid,twspr1,twspr2
6CH6_012616,146.99549611886889,1.5475710769158117,40.30450403539509,0.7841543955397884,168.2677377403632,1.5139445059207501,45.45547333970238,0.7841543955397884,1.5683087982478592,3.5683095244506626
