,ask12qty,ask12tomid,ask1qty,ask1tomid,bid12qty,bid12tomid,bid1qty,bid1tomid,twspr1,twspr2
6CH6_012716,132.2960647571839,1.5407416047718587,35.86246435973995,0.816189401698828,132.27455800159652,1.55825496837606,33.40604441678438,0.816189401698828,1.6323788117080686,3.6340290053656887
