,chgavg,dt_alt,dt_avg,dt_cont,duration,eta1,ndfpr,rvp,rvx,rvxe,spot_avg,M,S1,Volume
6CH6_20160225,1.0102197240674502,13.643506499,14.710745260000001,16.042994915,16.064371613618203,0.3972023267476061,1957.0,0.006099160314135272,0.005446138737228671,0.005436143826491068,7363.267620020429,12660.0,0.9865250475586557,46417.0
