,Li,lamb,Co,Al,u,eta
0,1.0,0.9812992125984252,1255.0,1735.0,0.361671469740634,0.35490792847579933
1,2.0,0.01837270341207349,15.0,41.0,-0.13414634146341464,-0.0024646309455220537
2,3.0,0.00032808398950131233,0.0,1.0,-1.0,-0.00032808398950131233
