,chgavg,dt_alt,dt_avg,dt_cont,duration,eta1,ndfpr,rvp,rvx,rvxe,spot_avg,M,S1,Volume
6CH6_011316,1.0087557603686637,11.558188066000001,13.256762663,15.807200028,14.509617421179362,0.3340651898144498,2170.0,0.006754605431556933,0.005538311170128299,0.005521163326763896,6995.915246430217,16959.0,0.9899426137372064,63698.0
