,Li,lamb,Co,Al,u,eta
0,1.0,0.9883495145631068,586.0,940.0,0.31170212765957445,0.30807064656062794
1,2.0,0.011650485436893204,0.0,18.0,-0.5,-0.005825242718446602
