,Trade Qty,Avg_Cost
0,1.0,0.5301013195098964
1,2.0,0.5135135135135135
2,3.0,0.5284219001610305
3,4.0,0.5320921985815603
4,5.0,0.5382585751978891
5,6.0,0.5261482492041837
6,7.0,0.5419573999265516
7,8.0,0.5321215139442231
8,9.0,0.5259622367465505
9,10.0,0.5762237762237762
10,11.0,0.5213358070500927
11,12.0,0.5222222222222223
12,13.0,0.5433395872420264
13,14.0,0.5598170302603801
14,15.0,0.5675282714054928
15,16.0,0.5616883116883117
16,17.0,0.5497737556561086
17,18.0,0.5282828282828284
18,19.0,0.5376794258373206
19,20.0,0.635267857142857
20,21.0,0.6086309523809524
21,22.0,0.5313479623824452
22,23.0,0.5695652173913043
23,24.0,0.60625
24,25.0,0.6186666666666667
25,26.0,0.5
26,27.0,0.5
27,28.0,0.6098901098901099
28,29.0,0.5666666666666667
29,30.0,0.8428571428571429
30,31.0,0.5838709677419355
31,32.0,0.5
32,33.0,0.5
33,34.0,1.1823529411764706
34,35.0,0.6666666666666666
35,36.0,0.6
36,37.0,0.5
37,38.0,0.5
38,39.0,2.0
39,40.0,0.6958333333333333
40,41.0,0.7591463414634146
41,42.0,1.8015873015873016
42,44.0,0.6477272727272727
43,45.0,0.5
44,46.0,0.7101449275362318
45,50.0,0.738
46,51.0,0.6372549019607843
47,54.0,0.5
48,57.0,1.0
49,60.0,0.5875
50,63.0,0.5
51,66.0,4.318181818181818
52,70.0,0.5
53,71.0,0.5
54,73.0,1.2123287671232876
55,75.0,1.3266666666666667
56,77.0,1.3311688311688312
57,79.0,1.3227848101265822
58,86.0,1.6395348837209303
59,90.0,0.5
60,97.0,1.324742268041237
61,100.0,4.12
62,101.0,2.5346534653465347
63,105.0,1.4238095238095239
64,107.0,1.47196261682243
65,116.0,1.3793103448275863
66,131.0,1.3854961832061068
67,136.0,1.3455882352941178
68,143.0,2.0314685314685317
69,145.0,1.3206896551724139
70,154.0,2.0
71,166.0,1.6204819277108433
72,196.0,2.13265306122449
73,200.0,2.0525
74,219.0,2.3812785388127855
75,241.0,28.203319502074688
76,472.0,3.4491525423728815
