,Trade Qty,Avg_Cost
0,1.0,0.5047196960976171
1,2.0,0.503303237172429
2,3.0,0.5024928774928775
3,4.0,0.508537886872999
4,5.0,0.5091071428571429
5,6.0,0.5109289617486339
6,7.0,0.5188679245283019
7,8.0,0.5004826254826255
8,9.0,0.510908168442415
9,10.0,0.527027027027027
10,11.0,0.5031645569620253
11,12.0,0.5203252032520326
12,13.0,0.5335015663069962
13,14.0,0.5408163265306123
14,15.0,0.5433333333333333
15,16.0,0.5266203703703703
16,17.0,0.5364145658263306
17,18.0,0.5217391304347826
18,19.0,0.5328947368421053
19,20.0,0.6023255813953488
20,21.0,0.5
21,22.0,0.5
22,23.0,0.5
23,24.0,0.5069444444444444
24,25.0,0.608
25,26.0,0.5
26,27.0,0.6428571428571429
27,28.0,0.5
28,29.0,0.5
29,30.0,1.0
30,31.0,0.5
31,32.0,0.5
32,33.0,0.5
33,34.0,0.5
34,35.0,0.5971428571428572
35,36.0,0.5
36,39.0,0.5
37,40.0,1.425
38,41.0,0.5
39,44.0,0.5
40,45.0,1.0
41,46.0,0.5
42,50.0,1.24
43,51.0,0.9852941176470589
44,53.0,0.839622641509434
45,60.0,0.9166666666666666
46,66.0,0.5
47,70.0,0.5
