,ask12qty,ask12tomid,ask1qty,ask1tomid,bid12qty,bid12tomid,bid1qty,bid1tomid,twspr1,twspr2
6CH6_20160301,135.96592916842008,1.5639112730614502,32.15596718111829,0.6356008672537644,140.00074038491383,1.4016308821183363,32.05634374156062,0.6356008672537644,1.2712017407727385,3.442649224909427
