,ask12qty,ask12tomid,ask1qty,ask1tomid,bid12qty,bid12tomid,bid1qty,bid1tomid,twspr1,twspr2
6CH6_20160215,67.2250040677885,2.7921795705022436,18.23677101895689,2.249535400067806,68.6681617933134,3.16892753990106,16.327085774228067,2.249535400067806,4.499070801164078,6.9956906651492785
