,ask12qty,ask12tomid,ask1qty,ask1tomid,bid12qty,bid12tomid,bid1qty,bid1tomid,twspr1,twspr2
6CH6_20160201,156.5410990310787,1.5888302150210976,39.972400434275194,0.8051654578655286,168.89973542332336,1.5518267077117067,43.07644943338165,0.8051654578655286,1.6103309233007341,3.610338475189366
