,Li,lamb,Co,Al,u,eta
0,1.0,0.9911845730027549,718.0,1080.0,0.33240740740740743,0.3294770941740639
1,2.0,0.008815426997245178,5.0,11.0,-0.045454545454545414,-0.0004007012271475077
