,Trade Qty,Avg_Cost
0,1.0,0.5125750214346956
1,2.0,0.5051736881005173
2,3.0,0.5043003254300326
3,4.0,0.507847533632287
4,5.0,0.5055846422338569
5,6.0,0.5083732057416268
6,7.0,0.507750314201927
7,8.0,0.5095514950166113
8,9.0,0.5107936507936508
9,10.0,0.532484076433121
10,11.0,0.5128992628992629
11,12.0,0.5080128205128205
12,13.0,0.5246478873239436
13,14.0,0.5159698025551684
14,15.0,0.5535947712418301
15,16.0,0.5
16,17.0,0.5
17,18.0,0.5061728395061729
18,19.0,0.5
19,20.0,0.552
20,21.0,0.5529100529100529
21,22.0,0.5965909090909091
22,23.0,0.5797101449275363
23,24.0,0.576388888888889
24,25.0,0.5
25,26.0,0.5
26,27.0,0.668724279835391
27,28.0,0.6666666666666666
28,29.0,0.5
29,30.0,0.5
30,32.0,0.5
31,33.0,0.5
32,34.0,0.6117647058823529
33,35.0,0.5
34,36.0,0.5
35,37.0,0.6891891891891891
36,39.0,0.75
37,40.0,1.375
38,41.0,0.5
39,42.0,0.6666666666666667
40,45.0,1.2555555555555555
41,46.0,0.5
42,47.0,0.5
43,49.0,0.5408163265306123
44,52.0,1.0
45,63.0,1.0
46,68.0,0.5
47,78.0,1.0
48,84.0,1.2857142857142858
49,85.0,1.2058823529411764
50,91.0,1.3021978021978022
51,100.0,1.3066666666666666
52,101.0,1.0346534653465347
53,159.0,0.5
