,ask12qty,ask12tomid,ask1qty,ask1tomid,bid12qty,bid12tomid,bid1qty,bid1tomid,twspr1,twspr2
6CH6_20160216,130.96363702300593,1.5154713742208619,35.394583117777444,0.7861889759635219,129.32391973669252,1.524176047067497,33.79744999724804,0.7861889759635219,1.572377958170945,3.572391715446326
