,ask12qty,ask12tomid,ask1qty,ask1tomid,bid12qty,bid12tomid,bid1qty,bid1tomid,twspr1,twspr2
6CH6_011116,164.41209130453115,1.528162640604126,42.85788704507304,0.7903572369838838,166.61186028330096,1.5237710265457458,44.64336070344951,0.7903572369838838,1.5807144799456336,3.580748087368799
