,chgavg,dt_alt,dt_avg,dt_cont,duration,eta1,ndfpr,rvp,rvx,rvxe,spot_avg,M,S1,Volume
6CH6_20160311,1.2392392392392393,30.792717011,28.729499685,26.802466623,17.529169912084402,0.4723069844037586,999.0,0.005682668208145997,0.005578686915364845,0.005523056443622145,7565.533,2367.0,0.9674143038510368,5929.0
