,Trade Qty,Avg_Cost
0,1.0,0.5054012345679012
1,2.0,0.5019208605455244
2,3.0,0.5035765379113019
3,4.0,0.5044014084507042
4,5.0,0.5055555555555556
5,6.0,0.5022148394241418
6,7.0,0.5092539039907461
7,8.0,0.5073529411764706
8,9.0,0.5089285714285714
9,10.0,0.5383928571428572
10,11.0,0.5053763440860215
11,12.0,0.5
12,13.0,0.5
13,14.0,0.5066964285714286
14,15.0,0.5078125
15,16.0,0.5275
16,17.0,0.5125
17,18.0,0.5185185185185185
18,19.0,0.5
19,20.0,0.5204545454545454
20,21.0,0.5
21,22.0,0.5
22,23.0,0.5919732441471571
23,24.0,0.5104166666666666
24,25.0,0.5
25,26.0,0.5
26,27.0,0.5
27,28.0,0.5
28,29.0,0.5
29,30.0,0.5
30,31.0,0.5
31,32.0,0.5
32,33.0,0.5
33,34.0,0.75
34,35.0,0.7857142857142857
35,37.0,0.5
36,38.0,0.5
37,39.0,0.5
38,40.0,0.5
39,41.0,0.5
40,43.0,0.9418604651162791
41,44.0,0.5
42,46.0,0.5
43,50.0,0.5
44,51.0,0.5
45,52.0,0.5
46,54.0,0.5
47,56.0,0.5
48,61.0,1.4344262295081966
49,84.0,0.9404761904761905
50,100.0,1.33
51,122.0,1.0901639344262295
52,180.0,1.0888888888888888
53,193.0,1.33419689119171
54,268.0,0.9664179104477612
