,chgavg,dt_alt,dt_avg,dt_cont,duration,eta1,ndfpr,rvp,rvx,rvxe,spot_avg,M,S1,Volume
6CH6_20160218,1.0226315789473683,13.289191851,15.154006496000001,18.178643631,15.922173892959233,0.31152242401779096,1900.0,0.0061860748559864585,0.004923257131653602,0.004882866218356134,7292.159389794845,10390.0,0.9792731128892317,35204.0
