,ask12qty,ask12tomid,ask1qty,ask1tomid,bid12qty,bid12tomid,bid1qty,bid1tomid,twspr1,twspr2
6CH6_011516,131.45671333515133,1.2941738813614132,36.84537484379473,0.563317460064628,125.82111225481002,1.3075057316461038,33.73115468695046,0.563317460064628,1.1266349261869206,3.12731633072811
