,chgavg,dt_alt,dt_avg,dt_cont,duration,eta1,ndfpr,rvp,rvx,rvxe,spot_avg,M,S1,Volume
6CH6_20160208,1.0230576441102757,13.520186191,14.42709967,15.730323927,15.190004671919048,0.3543471166845369,1995.0,0.006436143312889202,0.005444734525522293,0.005418201540061915,7175.759018036072,11150.0,0.9818687730006284,36345.0
