,chgavg,dt_alt,dt_avg,dt_cont,duration,eta1,ndfpr,rvp,rvx,rvxe,spot_avg,M,S1,Volume
6CH6_011816,1.0260869565217392,28.573150392000002,31.232703453000003,35.254536319,65.32237456199792,0.34384334550282114,460.0,0.0032324850246394786,0.0027001358662648136,0.0026805988767393393,6889.774403470716,2674.0,0.9803995476818695,8771.0
