,chgavg,dt_alt,dt_avg,dt_cont,duration,eta1,ndfpr,rvp,rvx,rvxe,spot_avg,M,S1,Volume
6CH6_20160212,1.0213776722090262,13.672760068,13.666978345,13.672299259,14.39624229965526,0.35117717501709345,2105.0,0.006583045111116222,0.005557963508254058,0.0055170252223977895,7206.445394112061,12556.0,0.9818472610955618,45716.0
