,chgavg,dt_alt,dt_avg,dt_cont,duration,eta1,ndfpr,rvp,rvx,rvxe,spot_avg,M,S1,Volume
6CH6_011116,1.0073775989268947,17.162004886000002,19.313184158000002,23.012170450000003,21.257651812616018,0.28876288031217606,1491.0,0.005539502091427622,0.0042364722150619255,0.004209751022121795,7047.646782841823,12510.0,0.9925510612735282,45161.0
