,chgavg,dt_alt,dt_avg,dt_cont,duration,eta1,ndfpr,rvp,rvx,rvxe,spot_avg,M,S1,Volume
6CH6_20160310,1.025910134470318,8.987165892,9.445099211,9.987485459,9.794980568362819,0.42130720434282576,3049.0,0.007659999116815442,0.007064493749599673,0.007031421947044357,7508.306557377049,18778.0,0.9898639637236596,56598.0
