,chgavg,dt_alt,dt_avg,dt_cont,duration,eta1,ndfpr,rvp,rvx,rvxe,spot_avg,M,S1,Volume
6CH6_20160307,1.0116504854368933,17.909788428000002,18.6390947,19.842594010000003,20.263014839705864,0.30807064656062794,1545.0,0.005319971391539551,0.004187282829041413,0.004175893890559806,7516.422380336352,10956.0,0.9921353452217649,38611.0
