,Li,lamb,Co,Al,u,eta
0,1.0,0.9921658986175115,866.0,1286.0,0.33670295489891133,0.3340651898144498
1,2.0,0.007373271889400922,0.0,16.0,-0.5,-0.003686635944700461
2,4.0,0.0004608294930875576,1.0,0.0,inf,inf
