,ask12qty,ask12tomid,ask1qty,ask1tomid,bid12qty,bid12tomid,bid1qty,bid1tomid,twspr1,twspr2
6CH6_011816,159.69043297385832,1.3802996293646914,38.19663766612972,0.5986388635251052,150.33073625872748,1.3746693541448507,34.85643183004527,0.5986388635251052,1.1972777294749262,3.197277729474926
