,Li,lamb,Co,Al,u,eta
0,1.0,0.979764705882353,895.0,1186.0,0.37731871838111297,0.36968356313857753
1,2.0,0.01976470588235294,8.0,34.0,-0.2647058823529411,-0.0052318339100346015
2,3.0,0.00047058823529411766,0.0,1.0,-1.0,-0.00047058823529411766
