,Trade Qty,Avg_Cost
0,1.0,0.5070717131474104
1,2.0,0.501594387755102
2,3.0,0.5040613718411552
3,4.0,0.5039251207729468
4,5.0,0.5052837573385518
5,6.0,0.5031876138433515
6,7.0,0.5058166589111214
7,8.0,0.5026132404181185
8,9.0,0.5104166666666667
9,10.0,0.5174418604651163
10,11.0,0.5079365079365079
11,12.0,0.5059523809523809
12,13.0,0.5100524475524476
13,14.0,0.5105042016806723
14,15.0,0.5353535353535354
15,16.0,0.5182291666666666
16,17.0,0.5238473767885533
17,18.0,0.5
18,19.0,0.5020242914979757
19,20.0,0.5678571428571428
20,21.0,0.5
21,22.0,0.5454545454545454
22,23.0,0.5
23,24.0,0.5416666666666666
24,25.0,0.5657142857142857
25,26.0,0.5625
26,27.0,0.5
27,28.0,0.5
28,29.0,0.6931034482758621
29,30.0,0.6952380952380952
30,31.0,0.5
31,32.0,0.5
32,33.0,0.625
33,35.0,0.7857142857142857
34,36.0,0.5
35,37.0,0.9054054054054054
36,38.0,0.5
37,39.0,0.5
38,40.0,1.175
39,42.0,0.5
40,45.0,0.5
41,46.0,0.9456521739130435
42,49.0,0.5
43,50.0,0.5
44,51.0,0.7745098039215687
45,55.0,0.5
46,59.0,0.5
47,60.0,1.0
48,62.0,1.3387096774193548
49,69.0,1.3695652173913042
50,71.0,1.056338028169014
51,74.0,1.2702702702702702
52,109.0,0.5
53,122.0,1.278688524590164
54,136.0,1.4779411764705883
55,148.0,1.3445945945945945
56,161.0,1.220496894409938
57,165.0,1.396969696969697
