,chgavg,dt_alt,dt_avg,dt_cont,duration,eta1,ndfpr,rvp,rvx,rvxe,spot_avg,M,S1,Volume
6CH6_012616,1.0169039145907472,10.813242143,12.811049878,15.770499225000002,13.670371348516218,0.3394437124772487,2248.0,0.006863559366603262,0.0056874359737623245,0.005655204010367778,7093.048910626945,16035.0,0.9859410147463135,63454.0
