,chgavg,dt_alt,dt_avg,dt_cont,duration,eta1,ndfpr,rvp,rvx,rvxe,spot_avg,M,S1,Volume
6CH6_20160216,1.013118664281455,16.236654387,17.173313719,18.446560121,18.589651928006617,0.3683870667122552,1677.0,0.005792470887874889,0.00498729122653915,0.004971999140747435,7207.306912991657,9767.0,0.9853468593093555,35594.0
