,chgavg,dt_alt,dt_avg,dt_cont,duration,eta1,ndfpr,rvp,rvx,rvxe,spot_avg,M,S1,Volume
6CH6_20160229,1.0088154269972451,14.525332883,15.864831412000001,17.90218013,17.39088340381774,0.3294770941740639,1815.0,0.005836990191496352,0.004758132270054899,0.0047382347650592556,7394.73678414097,11873.0,0.9897029034436192,38245.0
