,ask12qty,ask12tomid,ask1qty,ask1tomid,bid12qty,bid12tomid,bid1qty,bid1tomid,twspr1,twspr2
6CH6_010816,147.64127821657405,1.3257495832586172,39.17409322639955,0.5710898245974543,145.59326898178583,1.3203785833248638,38.733100436105644,0.5710898245974543,1.1421796550353867,3.142770258656529
