,Li,lamb,Co,Al,u,eta
0,1.0,0.9871406959152799,516.0,788.0,0.32741116751269034,0.3232008877489114
1,2.0,0.012102874432677761,1.0,15.0,-0.43333333333333335,-0.00524457892082703
2,3.0,0.0007564296520423601,0.0,1.0,-1.0,-0.0007564296520423601
