,ask12qty,ask12tomid,ask1qty,ask1tomid,bid12qty,bid12tomid,bid1qty,bid1tomid,twspr1,twspr2
6CH6_010616,149.84766899418145,1.5175721418156969,35.245901241735744,0.7274918225863843,163.97384103018308,1.4765987825210687,41.161757557335356,0.7274918225863843,1.454983650341373,3.454983650341373
