,Li,lamb,Co,Al,u,eta
0,1.0,0.994429882044561,1177.0,1857.0,0.3169089929994615,0.3151437725273151
1,2.0,0.005570117955439056,2.0,15.0,-0.3666666666666667,-0.0020423765836609874
