,Trade Qty,Avg_Cost
0,1.0,0.505826185466904
1,2.0,0.50632149307646
2,3.0,0.505708848715509
3,4.0,0.5039173789173789
4,5.0,0.5052991452991452
5,6.0,0.5070224719101123
6,7.0,0.5089285714285714
7,8.0,0.5049778761061947
8,9.0,0.5062091503267974
9,10.0,0.5107883817427387
10,11.0,0.5046164772727273
11,12.0,0.5091743119266054
12,13.0,0.5053080403759137
13,14.0,0.5035460992907801
14,15.0,0.5045977011494253
15,16.0,0.5147058823529411
16,17.0,0.5047058823529411
17,18.0,0.5
18,19.0,0.518796992481203
19,20.0,0.5360655737704918
20,21.0,0.5056022408963585
21,22.0,0.5333333333333333
22,23.0,0.5
23,24.0,0.5
24,25.0,0.564
25,26.0,0.5
26,27.0,0.5582010582010583
27,28.0,0.5
28,29.0,0.5
29,30.0,0.6111111111111112
30,31.0,0.5
31,32.0,0.5
32,33.0,0.5
33,35.0,0.6666666666666666
34,36.0,0.5
35,37.0,1.0
36,39.0,0.5
37,41.0,0.5
38,42.0,0.5
39,43.0,0.5
40,44.0,0.5
41,45.0,0.5
42,46.0,0.5
43,47.0,0.6914893617021276
44,49.0,0.5
45,50.0,0.5
46,51.0,0.6862745098039216
47,57.0,0.8333333333333334
48,60.0,0.6722222222222222
49,62.0,0.5
50,67.0,1.1417910447761195
51,75.0,0.5
52,78.0,1.0
53,83.0,0.8373493975903614
54,95.0,1.0
55,100.0,2.025
56,167.0,1.2724550898203593
