,Li,lamb,Co,Al,u,eta
0,1.0,0.9897802759325498,862.0,1074.0,0.40130353817504655,0.3972023267476061
1,2.0,0.010219724067450179,4.0,16.0,-0.25,-0.0025549310168625446
