,Li,lamb,Co,Al,u,eta
0,1.0,0.9893955461293743,742.0,1123.0,0.3303650934995548,0.3268617521050738
1,2.0,0.010604453870625663,2.0,18.0,-0.38888888888888884,-0.004123954283021091
