,chgavg,dt_alt,dt_avg,dt_cont,duration,eta1,ndfpr,rvp,rvx,rvxe,spot_avg,M,S1,Volume
6CH6_010816,1.0172661870503596,20.356575073000002,20.701204320000002,21.151345730000003,22.160731332630753,0.4089227946501859,1390.0,0.005403362865446929,0.004900664493799975,0.004886521249659491,7076.464414090582,10467.0,0.9900306748466258,38660.0
