,ask12qty,ask12tomid,ask1qty,ask1tomid,bid12qty,bid12tomid,bid1qty,bid1tomid,twspr1,twspr2
6CH6_012116,147.2807131270854,1.5147627022995613,35.47119102880749,0.7300944306110522,150.33567848614427,1.5249750983957515,36.77096885564748,0.7300944306110522,1.4601888704591401,3.460189017109279
