,chgavg,dt_alt,dt_avg,dt_cont,duration,eta1,ndfpr,rvp,rvx,rvxe,spot_avg,M,S1,Volume
6CH6_010616,1.0082701585113714,18.690054245000002,19.840139484,21.623837458,21.788861214759937,0.32847468160288096,1451.0,0.005429482015967543,0.004413242824791378,0.004400726180287318,7102.264462809917,10248.0,0.9918866080156403,37624.0
