,Li,lamb,Co,Al,u,eta
0,1.0,0.9738238415281217,1136.0,1616.0,0.35148514851485146,0.34228461756681505
1,2.0,0.024407499115670323,12.0,57.0,-0.2894736842105263,-0.007065328691378252
2,3.0,0.0007074637424831977,1.0,1.0,0.5,0.00035373187124159886
3,4.0,0.0007074637424831977,0.0,2.0,-1.5,-0.0010611956137247967
4,5.0,0.00035373187124159886,1.0,0.0,inf,inf
