,ask12qty,ask12tomid,ask1qty,ask1tomid,bid12qty,bid12tomid,bid1qty,bid1tomid,twspr1,twspr2
6CH6_20160217,114.91342239536677,1.5371652727343836,31.871867250164602,0.7568907919689734,119.3025320317285,1.517730422734366,32.673220277579354,0.7568907919689734,1.5137815912641936,3.598533373715398
