,Li,lamb,Co,Al,u,eta
0,1.0,0.9906542056074766,647.0,942.0,0.34341825902335454,0.34020874258388395
1,2.0,0.009345794392523364,3.0,12.0,-0.25,-0.002336448598130841
