,ask12qty,ask12tomid,ask1qty,ask1tomid,bid12qty,bid12tomid,bid1qty,bid1tomid,twspr1,twspr2
6CH6_20160309,128.47796848774016,1.5599732987713368,29.135118821924422,0.7861133884685632,130.76181368955793,1.5427523529593405,30.52003546731411,0.7861133884685632,1.5722267848692353,3.581491296442745
