,chgavg,dt_alt,dt_avg,dt_cont,duration,eta1,ndfpr,rvp,rvx,rvxe,spot_avg,M,S1,Volume
6CH6_20160303,1.0119047619047619,16.524946736,18.041781154000002,20.261737662,19.6005750545808,0.34588662865361897,1596.0,0.005452280897129086,0.004549949184769732,0.004534820557392705,7456.926737633062,10093.0,0.9875024796667328,33811.0
