,Li,lamb,Co,Al,u,eta
0,1.0,0.990273556231003,622.0,1006.0,0.3091451292246521,0.3061382465087892
1,2.0,0.009726443768996961,0.0,16.0,-0.5,-0.004863221884498481
