,Li,lamb,Co,Al,u,eta
0,1.0,0.8078078078078078,435.0,372.0,0.5846774193548387,0.4723069844037586
1,2.0,0.15815815815815815,67.0,91.0,0.2362637362637363,0.03736703736703737
2,3.0,0.024024024024024024,10.0,13.0,0.1538461538461539,0.0036960036960036976
3,4.0,0.009009009009009009,3.0,6.0,-0.5,-0.0045045045045045045
4,7.0,0.001001001001001001,1.0,0.0,inf,inf
