,Trade Qty,Avg_Cost
0,1.0,0.5091814159292035
1,2.0,0.5038577342867896
2,3.0,0.5040214477211796
3,4.0,0.5115821678321678
4,5.0,0.5127317676143387
5,6.0,0.5039465695203399
6,7.0,0.5140796703296703
7,8.0,0.5079719387755102
8,9.0,0.5179738562091503
9,10.0,0.5256317689530686
10,11.0,0.517572633552015
11,12.0,0.517361111111111
12,13.0,0.525987525987526
13,14.0,0.5416130416130417
14,15.0,0.526797385620915
15,16.0,0.5089285714285714
16,17.0,0.5060331825037707
17,18.0,0.5
18,19.0,0.5219298245614036
19,20.0,0.6937500000000001
20,21.0,0.5670995670995671
21,22.0,0.5427807486631016
22,23.0,0.5
23,24.0,0.5
24,25.0,0.6876923076923076
25,26.0,0.6225961538461539
26,27.0,0.5
27,28.0,0.5318877551020409
28,29.0,0.5
29,30.0,0.548888888888889
30,31.0,0.6209677419354839
31,32.0,0.5
32,33.0,0.5
33,34.0,0.5
34,35.0,1.0
35,37.0,0.5
36,38.0,0.5
37,39.0,0.5
38,40.0,0.5
39,41.0,1.1829268292682926
40,42.0,0.8738095238095239
41,47.0,0.5
42,50.0,1.014
43,51.0,0.8366013071895425
44,52.0,1.4038461538461537
45,53.0,0.5
46,56.0,1.1428571428571428
47,57.0,0.5
48,61.0,0.5
49,63.0,1.4206349206349207
50,65.0,1.4692307692307693
51,67.0,0.8731343283582089
52,73.0,1.3493150684931507
53,75.0,1.18
54,87.0,0.5
55,89.0,0.5
56,92.0,1.2826086956521738
57,94.0,1.3191489361702127
58,104.0,1.5961538461538463
59,112.0,1.4821428571428572
60,122.0,1.2131147540983607
61,192.0,2.359375
