,chgavg,dt_alt,dt_avg,dt_cont,duration,eta1,ndfpr,rvp,rvx,rvxe,spot_avg,M,S1,Volume
6CH6_010716,1.0070298769771528,16.24472557,16.869728112,17.756970884,18.587934802886544,0.35997694887589976,1707.0,0.005877561067539947,0.0049959287329082135,0.004987116272794259,7103.293911007026,12670.0,0.9916019648233243,47080.0
