,chgavg,dt_alt,dt_avg,dt_cont,duration,eta1,ndfpr,rvp,rvx,rvxe,spot_avg,M,S1,Volume
6CH6_011516,1.0107933081489477,13.41989176,15.539414267000002,18.844573685,16.900787504159382,0.32075301992010236,1853.0,0.00634639824377192,0.005102665810760592,0.00508308879020763,6899.088457389428,14785.0,0.9906872408401877,52813.0
