,chgavg,dt_alt,dt_avg,dt_cont,duration,eta1,ndfpr,rvp,rvx,rvxe,spot_avg,M,S1,Volume
6CH6_20160203,1.0213512723018427,7.61696238,8.405098035,9.711731966,8.90047351201102,0.3040219555108139,3419.0,0.008354577677309544,0.006566199446808317,0.006514663275185425,7221.733333333334,22189.0,0.9797541576283442,79617.0
