,chgavg,dt_alt,dt_avg,dt_cont,duration,eta1,ndfpr,rvp,rvx,rvxe,spot_avg,M,S1,Volume
6CH6_20160219,1.018843404808317,17.478248075,18.684011702,20.449783267,19.92647589832327,0.34874443604602334,1539.0,0.0055652072777374805,0.004667752247431667,0.004647827336773531,7245.625974025974,8046.0,0.9842039800995025,27596.0
