,Li,lamb,Co,Al,u,eta
0,1.0,0.9789473684210527,723.0,1136.0,0.3182218309859155,0.31152242401779096
1,2.0,0.019473684210526317,3.0,34.0,-0.4117647058823529,-0.008018575851393189
2,3.0,0.0015789473684210526,1.0,2.0,-0.25,-0.00039473684210526315
