,ask12qty,ask12tomid,ask1qty,ask1tomid,bid12qty,bid12tomid,bid1qty,bid1tomid,twspr1,twspr2
6CH6_20160210,105.26688336301109,1.610398122533911,28.090156239836535,0.8811701266283584,102.14774708673083,1.608352412441627,26.522947360456616,0.8811701266283584,1.7623402619507138,3.7623798302992415
