,Li,lamb,Co,Al,u,eta
0,1.0,0.9733502538071066,953.0,1347.0,0.3537490720118783,0.34432174902679014
1,2.0,0.023265651438240272,9.0,46.0,-0.30434782608695654,-0.007080850437725301
2,3.0,0.002961082910321489,0.0,7.0,-1.0,-0.002961082910321489
3,4.0,0.00042301184433164127,1.0,0.0,inf,inf
