,Li,lamb,Co,Al,u,eta
0,1.0,0.9811565951916829,627.0,882.0,0.3554421768707483,0.34874443604602334
1,2.0,0.018843404808317088,3.0,26.0,-0.3846153846153846,-0.007247463387814264
