,ask12qty,ask12tomid,ask1qty,ask1tomid,bid12qty,bid12tomid,bid1qty,bid1tomid,twspr1,twspr2
6CH6_20160311,83.57693595412563,1.4213070869659332,19.001128353067514,0.624584870155185,88.20806893975633,1.4617055095503437,15.544113395282883,0.624584870155185,1.2491697433029516,3.24968990429251
