,ask12qty,ask12tomid,ask1qty,ask1tomid,bid12qty,bid12tomid,bid1qty,bid1tomid,twspr1,twspr2
6CH6_011216,148.8326844068423,1.5264726673620133,36.26131392692221,0.7771882703352927,152.75459192084867,1.5272202852746812,37.97501614201339,0.7771882703352927,1.5543765466468638,3.554382052980534
