,chgavg,dt_alt,dt_avg,dt_cont,duration,eta1,ndfpr,rvp,rvx,rvxe,spot_avg,M,S1,Volume
6CH6_010416,1.01427498121713,20.419301723,21.636731659000002,23.788149907,22.92107642475455,0.2847451678430084,1331.0,0.005238350625748658,0.004010456154970134,0.003953099479919429,7177.289039039039,10106.0,0.9895936570862239,41446.0
