,chgavg,dt_alt,dt_avg,dt_cont,duration,eta1,ndfpr,rvp,rvx,rvxe,spot_avg,M,S1,Volume
6CH6_011416,1.0087719298245614,15.530787020000002,18.041966055,21.705850310000002,19.779978256157413,0.3433214996806792,1596.0,0.00581386831989474,0.004834396138179302,0.004817599458660295,6961.365059486538,15042.0,0.9926686217008798,57874.0
