,Li,lamb,Co,Al,u,eta
0,1.0,0.9572398190045249,1671.0,2559.0,0.3264947245017585,0.3125337509879955
1,2.0,0.0332579185520362,28.0,119.0,-0.2647058823529411,-0.008803566675538992
2,3.0,0.006108597285067873,8.0,19.0,-0.368421052631579,-0.0022505358418671113
3,4.0,0.0013574660633484162,4.0,2.0,2.5,0.003393665158371041
4,5.0,0.0013574660633484162,4.0,2.0,3.0,0.004072398190045248
5,6.0,0.00045248868778280545,1.0,1.0,0.5,0.00022624434389140272
6,37.0,0.00022624434389140272,1.0,0.0,inf,inf
