,Li,lamb,Co,Al,u,eta
0,1.0,0.989983305509182,666.0,1112.0,0.2994604316546763,0.29646082799870294
1,2.0,0.008903728436282694,1.0,15.0,-0.43333333333333335,-0.003858282322389167
2,3.0,0.0011129660545353367,0.0,2.0,-1.0,-0.0011129660545353367
