,Li,lamb,Co,Al,u,eta
0,1.0,0.9791898922333705,1006.0,1628.0,0.30896805896805896,0.3025384003644873
1,2.0,0.020438498699368264,7.0,48.0,-0.35416666666666663,-0.00723863495602626
2,3.0,0.0003716090672612412,0.0,1.0,-1.0,-0.0003716090672612412
