,chgavg,dt_alt,dt_avg,dt_cont,duration,eta1,ndfpr,rvp,rvx,rvxe,spot_avg,M,S1,Volume
6CH6_20160217,1.0293597453130527,9.314000963,10.183030961,11.458243506,10.438596681381783,0.34228461756681505,2827.0,0.007649666587831272,0.006399224818450474,0.0063292346306953375,7282.977015558698,15053.0,0.9747359978612485,56774.0
