,ask12qty,ask12tomid,ask1qty,ask1tomid,bid12qty,bid12tomid,bid1qty,bid1tomid,twspr1,twspr2
6CH6_20160226,144.784005629058,1.3275195855917317,37.18593169005569,0.561886387362297,145.0425664382913,1.3276798751625802,36.882723705430735,0.561886387362297,1.1237727817332164,3.123925125688395
