,ask12qty,ask12tomid,ask1qty,ask1tomid,bid12qty,bid12tomid,bid1qty,bid1tomid,twspr1,twspr2
6CH6_20160218,148.9385139184851,1.5001815443870172,35.606388729280766,0.7335438671729781,154.65745662853186,1.5002523670338606,36.23325287411025,0.7335438671729781,1.4670877399373754,3.4670904101963136
