,Li,lamb,Co,Al,u,eta
0,1.0,0.9926224010731053,544.0,935.0,0.2909090909090909,0.28876288031217606
1,2.0,0.007377598926894702,5.0,6.0,0.33333333333333337,0.002459199642298234
