,Li,lamb,Co,Al,u,eta
0,1.0,0.9827338129496402,620.0,745.0,0.4161073825503356,0.4089227946501859
1,2.0,0.017266187050359712,6.0,18.0,-0.16666666666666674,-0.00287769784172662
