,Li,lamb,Co,Al,u,eta
0,1.0,0.9880952380952381,649.0,927.0,0.35005393743257823,0.34588662865361897
1,2.0,0.011904761904761904,3.0,16.0,-0.3125,-0.003720238095238095
