,Li,lamb,Co,Al,u,eta
0,1.0,0.9895974672094076,885.0,1302.0,0.33986175115207373,0.33632632814144614
1,2.0,0.010402532790592492,2.0,21.0,-0.40476190476190477,-0.004210548986668389
