,chgavg,dt_alt,dt_avg,dt_cont,duration,eta1,ndfpr,rvp,rvx,rvxe,spot_avg,M,S1,Volume
6CH6_010516,1.0111296605453535,14.93499925,16.025561823,17.894738970000002,17.409968880917624,0.29646082799870294,1797.0,0.00603059917284184,0.004663560988325139,0.004643646166625566,7153.408787541713,10596.0,0.9897024090694378,41676.0
