,chgavg,dt_alt,dt_avg,dt_cont,duration,eta1,ndfpr,rvp,rvx,rvxe,spot_avg,M,S1,Volume
6CH6_012116,1.005570117955439,7.945146601,9.42865111,11.791723557000001,10.441269933278608,0.3151437725273151,3052.0,0.007976999449947128,0.006345132188234384,0.006332991785713288,6983.228955126106,22592.0,0.9887080999377612,81522.0
