,chgavg,dt_alt,dt_avg,dt_cont,duration,eta1,ndfpr,rvp,rvx,rvxe,spot_avg,M,S1,Volume
6CH6_20160226,1.0097244732576987,13.613442429000001,15.545535139000002,18.613309533000002,17.0082709875048,0.319128289138677,1851.0,0.005906142447420793,0.004728018003137299,0.004718474008535016,7389.899028077753,11750.0,0.9869554096683434,43081.0
