,ask12qty,ask12tomid,ask1qty,ask1tomid,bid12qty,bid12tomid,bid1qty,bid1tomid,twspr1,twspr2
6CH6_010416,163.12047046907136,1.4695445726657512,41.83401192904947,0.7217997361391841,162.4079024129092,1.4734481779238868,41.079484211599436,0.7217997361391841,1.4435994767313214,3.4439013779051106
