,Li,lamb,Co,Al,u,eta
0,1.0,0.9848754448398577,903.0,1310.0,0.34465648854961833,0.3394437124772487
1,2.0,0.013345195729537367,4.0,26.0,-0.34615384615384615,-0.004619490829455242
2,3.0,0.0017793594306049821,1.0,3.0,-0.5,-0.0008896797153024911
