,Li,lamb,Co,Al,u,eta
0,1.0,0.992821645499724,685.0,1112.0,0.30800359712230213,0.30579263811479807
1,2.0,0.00717835450027609,1.0,12.0,-0.41666666666666663,-0.002990981041781704
