,Li,lamb,Co,Al,u,eta
0,1.0,0.9811965811965812,696.0,1025.0,0.33951219512195124,0.3331282051282051
1,2.0,0.018803418803418803,2.0,31.0,-0.435483870967742,-0.008188585607940448
