,chgavg,dt_alt,dt_avg,dt_cont,duration,eta1,ndfpr,rvp,rvx,rvxe,spot_avg,M,S1,Volume
6CM6_20160314,1.0144329896907216,19.510380541,19.788384660000002,20.272729232,21.344518229014977,0.302440326924863,1455.0,0.005173405974933508,0.004040875513955659,0.004023568575280767,7531.00206043956,9887.0,0.9849776695087292,34123.0
