,ask12qty,ask12tomid,ask1qty,ask1tomid,bid12qty,bid12tomid,bid1qty,bid1tomid,twspr1,twspr2
6CM6_20160418,124.92764602042709,1.6773055965794452,29.979559332123706,0.8827088228847282,127.50624398145906,1.6670322236095263,30.676784425529902,0.8827088228847282,1.7654176499914271,3.7655959375911143
