,Li,lamb,Co,Al,u,eta
0,1.0,0.9837638376383764,517.0,815.0,0.31717791411042945,0.3120281619994114
1,2.0,0.014760147601476014,4.0,16.0,-0.25,-0.0036900369003690036
2,3.0,0.0007380073800738007,0.0,1.0,-1.0,-0.0007380073800738007
3,4.0,0.0007380073800738007,0.0,1.0,-1.5,-0.001107011070110701
