,Trade Qty,Avg_Cost
0,1.0,0.5062861704250649
1,2.0,0.5025878507218742
2,3.0,0.5100835494093922
3,4.0,0.5024968789013733
4,5.0,0.5097247706422018
5,6.0,0.5082644628099173
6,7.0,0.5054945054945055
7,8.0,0.5114087301587301
8,9.0,0.5163398692810458
9,10.0,0.515953307392996
10,11.0,0.5110450297366185
11,12.0,0.5124671916010499
12,13.0,0.5080810147299509
13,14.0,0.5
14,15.0,0.5256944444444445
15,16.0,0.5256410256410257
16,17.0,0.5450980392156862
17,18.0,0.5
18,19.0,0.5617848970251716
19,20.0,0.577027027027027
20,21.0,0.6380952380952382
21,22.0,0.5416666666666666
22,23.0,0.5
23,24.0,0.5
24,25.0,0.5892307692307692
25,26.0,0.5876068376068376
26,27.0,0.712962962962963
27,28.0,0.6714285714285714
28,29.0,0.6793103448275863
29,30.0,0.838095238095238
30,31.0,0.6548387096774194
31,32.0,0.5
32,35.0,0.7857142857142857
33,36.0,1.4166666666666667
34,37.0,0.625
35,38.0,0.7543859649122807
36,39.0,0.5833333333333334
37,40.0,1.0375
38,41.0,0.5
39,42.0,0.6666666666666666
40,43.0,0.5
41,44.0,0.5
42,45.0,1.1388888888888888
43,47.0,0.5
44,48.0,0.78125
45,50.0,0.5
46,51.0,0.5
47,52.0,1.4615384615384615
48,54.0,0.5
49,55.0,1.3181818181818181
50,56.0,0.5
51,59.0,0.5
52,60.0,1.35
53,62.0,0.5
54,64.0,0.5
55,65.0,1.2846153846153845
56,78.0,1.141025641025641
57,86.0,1.124031007751938
58,96.0,0.5
59,107.0,1.3504672897196262
60,110.0,1.2727272727272727
61,112.0,1.4910714285714286
62,118.0,0.5
63,357.0,2.1246498599439776
