,Li,lamb,Co,Al,u,eta
0,1.0,0.985252808988764,578.0,824.0,0.35072815533980584,0.3455559002399913
1,2.0,0.014747191011235955,2.0,19.0,-0.39473684210526316,-0.005821259609698403
