,Li,lamb,Co,Al,u,eta
0,1.0,0.9810371517027864,1105.0,1429.0,0.38663400979706086,0.3793023277227358
1,2.0,0.018575851393188854,12.0,36.0,-0.16666666666666674,-0.003095975232198144
2,3.0,0.0003869969040247678,1.0,0.0,inf,inf
