,Li,lamb,Co,Al,u,eta
0,1.0,0.9796126401630989,774.0,1147.0,0.33740191804707936,0.3305231837341929
1,2.0,0.018858307849133536,0.0,37.0,-0.5,-0.009429153924566768
2,3.0,0.0010193679918450561,1.0,1.0,0.5,0.0005096839959225281
3,5.0,0.0005096839959225281,1.0,0.0,inf,inf
