,Li,lamb,Co,Al,u,eta
0,1.0,0.9935938500960922,563.0,987.0,0.28520770010131713,0.2833806168207193
1,2.0,0.005765534913516977,3.0,6.0,0.0,0.0
2,3.0,0.0006406149903907751,1.0,0.0,inf,inf
