,chgavg,dt_alt,dt_avg,dt_cont,duration,eta1,ndfpr,rvp,rvx,rvxe,spot_avg,M,S1,Volume
6CM6_20160524,1.0070467648942985,16.492378644000002,18.446446220000002,21.809398384,20.30033092776613,0.2833806168207193,1561.0,0.005245929511820375,0.00397501385795392,0.003949321770426469,7615.501280409731,10841.0,0.9910417436276321,38273.0
