,ask12qty,ask12tomid,ask1qty,ask1tomid,bid12qty,bid12tomid,bid1qty,bid1tomid,twspr1,twspr2
6CM6_20160503,129.86043217347003,1.7553103049761605,30.469704845828428,0.8180554393716677,130.9529459837513,1.55302962905879,30.45443494597907,0.8180554393716677,1.6361108841586813,3.8891984032035682
