,ask12qty,ask12tomid,ask1qty,ask1tomid,bid12qty,bid12tomid,bid1qty,bid1tomid,twspr1,twspr2
6CM6_20160401,113.9694490487289,1.3764980761725967,27.198716694008812,0.6068009482582124,118.54866667430085,1.3796349086426136,28.837583223760138,0.6068009482582124,1.2136019019240754,3.214123473835858
