,Li,lamb,Co,Al,u,eta
0,1.0,0.9887862796833773,566.0,932.0,0.30364806866952787,0.30024304415278513
1,2.0,0.011213720316622692,2.0,15.0,-0.3666666666666667,-0.00411169744942832
