,Li,lamb,Co,Al,u,eta
0,1.0,0.9813620071684588,578.0,790.0,0.3658227848101266,0.359004582369221
1,2.0,0.01863799283154122,7.0,19.0,-0.13157894736842102,-0.0024523674778343706
