,Li,lamb,Co,Al,u,eta
0,1.0,0.9904552129221733,557.0,791.0,0.3520859671302149,0.3487253815408663
1,2.0,0.009544787077826725,3.0,10.0,-0.19999999999999996,-0.0019089574155653445
