,ask12qty,ask12tomid,ask1qty,ask1tomid,bid12qty,bid12tomid,bid1qty,bid1tomid,twspr1,twspr2
6CM6_20160411,128.32125916595174,1.5388772978460272,30.884700661576947,0.8002451285716676,138.34045124668248,1.5568788528582658,34.797695606041955,0.8002451285716676,1.6004902611458327,3.6005584890734275
