,Trade Qty,Avg_Cost
0,1.0,0.5072330654420206
1,2.0,0.5025584795321637
2,3.0,0.5033440342429106
3,4.0,0.5032019704433498
4,5.0,0.5072796934865901
5,6.0,0.5027977617905676
6,7.0,0.503207869974337
7,8.0,0.5
8,9.0,0.5031055900621118
9,10.0,0.5145522388059701
10,11.0,0.5255957634598412
11,12.0,0.5
12,13.0,0.5058379120879122
13,14.0,0.5
14,15.0,0.527027027027027
15,16.0,0.5282738095238095
16,17.0,0.5106951871657753
17,18.0,0.5
18,19.0,0.5
19,20.0,0.5899999999999999
20,21.0,0.5
21,22.0,0.5416666666666666
22,23.0,0.5714285714285714
23,24.0,0.5
24,25.0,0.5
25,26.0,0.5
26,27.0,0.6543209876543209
27,28.0,0.5
28,29.0,0.5
29,30.0,0.5
30,31.0,0.5
31,32.0,0.5
32,33.0,0.5
33,34.0,0.5
34,35.0,0.5
35,36.0,0.5
36,37.0,0.5
37,39.0,0.5
38,40.0,0.5
39,41.0,0.5
40,42.0,0.7936507936507936
41,43.0,0.5
42,44.0,0.5
43,46.0,0.5217391304347826
44,47.0,0.5
45,48.0,0.7569444444444443
46,49.0,1.1979591836734693
47,50.0,0.5
48,51.0,0.6666666666666666
49,52.0,1.3653846153846154
50,61.0,1.319672131147541
51,63.0,1.4285714285714284
52,64.0,0.5
53,65.0,1.1615384615384616
54,69.0,1.1666666666666667
55,70.0,1.2285714285714286
56,72.0,1.0138888888888888
57,75.0,1.4333333333333333
58,86.0,0.5
59,100.0,1.225
60,101.0,1.2623762376237624
61,141.0,1.2730496453900708
62,150.0,0.8266666666666667
63,159.0,1.70125786163522
64,234.0,1.1666666666666667
