,Li,lamb,Co,Al,u,eta
0,1.0,0.9824272377814388,763.0,1025.0,0.3721951219512195,0.36565462557426237
1,2.0,0.016474464579901153,7.0,23.0,-0.19565217391304346,-0.003223264809111095
2,3.0,0.001098297638660077,1.0,1.0,0.5,0.0005491488193300384
