,chgavg,dt_alt,dt_avg,dt_cont,duration,eta1,ndfpr,rvp,rvx,rvxe,spot_avg,M,S1,Volume
6CM6_20160414,1.0186379928315412,18.906172099000003,20.643880855000003,23.081157136,21.995229122366585,0.359004582369221,1395.0,0.004926615155388105,0.004199009810262777,0.004174588114868867,7790.397564469914,8403.0,0.9857057772483622,29811.0
