,ask12qty,ask12tomid,ask1qty,ask1tomid,bid12qty,bid12tomid,bid1qty,bid1tomid,twspr1,twspr2
6CM6_20160427,105.02683386411499,1.5833597712721013,27.132895940019008,0.8524230442480569,103.34924689945451,1.5771876644495104,25.45635030059653,0.8524230442480569,1.7048460933765563,3.7049385266167105
