,ask12qty,ask12tomid,ask1qty,ask1tomid,bid12qty,bid12tomid,bid1qty,bid1tomid,twspr1,twspr2
6CM6_20160321,127.27029578658566,1.3910675688259002,30.703413427322293,0.6398603914188369,133.27325067809983,1.4258603207597382,32.140614798260316,0.6398603914188369,1.2797207879471508,3.279720892039481
