,Li,lamb,Co,Al,u,eta
0,1.0,0.9822202948829142,982.0,1283.0,0.38269680436477005,0.37589256803391335
1,2.0,0.017346053772766695,6.0,33.0,-0.3181818181818181,-0.005519198927698493
2,3.0,0.0004336513443191674,0.0,1.0,-1.0,-0.0004336513443191674
