,Li,lamb,Co,Al,u,eta
0,1.0,0.9859550561797753,555.0,848.0,0.3272405660377358,0.3226444906720373
1,2.0,0.013342696629213483,5.0,14.0,-0.1428571428571428,-0.001906099518459068
2,3.0,0.0007022471910112359,1.0,0.0,inf,inf
