,Li,lamb,Co,Al,u,eta
0,1.0,0.9840166782487839,615.0,800.0,0.384375,0.3782314107018763
1,2.0,0.015983321751216122,5.0,18.0,-0.2222222222222222,-0.003551849278048027
