,chgavg,dt_alt,dt_avg,dt_cont,duration,eta1,ndfpr,rvp,rvx,rvxe,spot_avg,M,S1,Volume
6CM6_20160608,1.018450184501845,21.276691615,21.253343416,21.232371559,22.531437792553294,0.3120281619994114,1355.0,0.00481371676423716,0.003836150474942594,0.0038027031756603107,7877.665191740413,8838.0,0.9885669006112746,27062.0
