,Li,lamb,Co,Al,u,eta
0,1.0,0.9875518672199171,699.0,966.0,0.36180124223602483,0.35729749233267183
1,2.0,0.011855364552459988,4.0,16.0,-0.25,-0.002963841138114997
2,3.0,0.0005927682276229994,1.0,0.0,inf,inf
