,ask12qty,ask12tomid,ask1qty,ask1tomid,bid12qty,bid12tomid,bid1qty,bid1tomid,twspr1,twspr2
6CM6_20160527,132.80122576258714,1.3353488993307365,28.82963806668798,0.5433447989328507,131.31537669098722,1.3334392792289387,29.3569340784977,0.5433447989328507,1.0866896023041754,3.0866923589046427
