,Trade Qty,Avg_Cost
0,1.0,0.5174386160714286
1,2.0,0.5059818481848185
2,3.0,0.5068273092369479
3,4.0,0.5046875
4,5.0,0.5168021680216802
5,6.0,0.5073839662447258
6,7.0,0.5142857142857142
7,8.0,0.5100931677018633
8,9.0,0.5121951219512195
9,10.0,0.5412213740458015
10,11.0,0.5115074798619103
11,12.0,0.5103092783505154
12,13.0,0.5187408133268006
13,14.0,0.5255102040816327
14,15.0,0.5
15,16.0,0.5
16,17.0,0.5
17,18.0,0.5032679738562091
18,19.0,0.5
19,20.0,0.55625
20,21.0,0.5735930735930737
21,22.0,0.5
22,23.0,0.5
23,24.0,0.5
24,25.0,0.5599999999999999
25,26.0,0.5
26,27.0,0.5
27,28.0,0.5
28,29.0,0.5
29,30.0,0.5
30,31.0,0.5
31,32.0,0.5
32,33.0,0.5
33,34.0,0.5
34,35.0,0.7952380952380952
35,36.0,0.5
36,38.0,0.6052631578947368
37,39.0,0.5
38,42.0,0.5
39,48.0,0.5
40,60.0,1.125
41,63.0,1.0714285714285714
42,65.0,0.5
43,68.0,0.5
44,74.0,0.5
45,85.0,1.3
46,97.0,1.0257731958762886
47,398.0,2.309045226130653
