,Trade Qty,Avg_Cost
0,1.0,0.506869311351537
1,2.0,0.5030214861235452
2,3.0,0.5065040650406504
3,4.0,0.5068590350047304
4,5.0,0.5092696629213482
5,6.0,0.5202850877192983
6,7.0,0.5136957437842393
7,8.0,0.507168458781362
8,9.0,0.5170454545454546
9,10.0,0.5294117647058824
10,11.0,0.513961038961039
11,12.0,0.5112612612612611
12,13.0,0.5217445952740071
13,14.0,0.5
14,15.0,0.5375661375661376
15,16.0,0.5361842105263158
16,17.0,0.5
17,18.0,0.5231481481481481
18,19.0,0.5
19,20.0,0.5453125
20,21.0,0.6007326007326007
21,22.0,0.5
22,23.0,0.5
23,24.0,0.5
24,25.0,0.5971428571428571
25,26.0,0.6846153846153846
26,27.0,0.625
27,28.0,0.5
28,29.0,0.5
29,30.0,0.61
30,31.0,0.5
31,32.0,0.5
32,33.0,0.5
33,34.0,0.5
34,35.0,0.5742857142857143
35,36.0,0.5
36,37.0,0.5
37,38.0,0.7763157894736842
38,39.0,0.5
39,40.0,1.1083333333333334
40,43.0,0.5
41,44.0,0.7045454545454546
42,46.0,0.5
43,48.0,0.5
44,50.0,0.5
45,52.0,0.5
46,53.0,1.2735849056603774
47,61.0,0.5
48,67.0,1.0
49,86.0,1.441860465116279
50,100.0,1.434
51,115.0,0.5
52,131.0,1.4312977099236641
53,141.0,1.574468085106383
54,386.0,2.238341968911917
55,411.0,1.8430656934306568
