,chgavg,dt_alt,dt_avg,dt_cont,duration,eta1,ndfpr,rvp,rvx,rvxe,spot_avg,M,S1,Volume
6CM6_20160405,1.0122630992196209,14.438466484000001,16.047758561000002,18.491542231,17.420399137821953,0.32816258874611276,1794.0,0.005681986274488753,0.0046208807657809135,0.004603198601878959,7590.026183844011,10493.0,0.9816916181939545,36485.0
