,Li,lamb,Co,Al,u,eta
0,1.0,0.9938566552901024,614.0,841.0,0.36504161712247324,0.36279904063503143
1,2.0,0.0061433447098976105,1.0,8.0,-0.375,-0.002303754266211604
