,ask12qty,ask12tomid,ask1qty,ask1tomid,bid12qty,bid12tomid,bid1qty,bid1tomid,twspr1,twspr2
6CM6_20160428,119.86931884480576,1.5733265405063308,28.740551584091765,0.6768600755993226,124.78826653342666,1.4332828878243964,30.38156665559534,0.6768600755993226,1.3537201553529357,3.5205815789610075
