,Li,lamb,Co,Al,u,eta
0,1.0,0.9778428093645485,993.0,1345.0,0.3691449814126394,0.36096576568735933
1,2.0,0.021321070234113712,6.0,45.0,-0.3666666666666667,-0.007817725752508362
2,3.0,0.0008361204013377926,1.0,1.0,0.5,0.0004180602006688963
