,Trade Qty,Avg_Cost
0,1.0,0.5282186948853616
1,2.0,0.5182370820668692
2,3.0,0.5133928571428571
3,4.0,0.5
4,5.0,0.5254237288135594
5,6.0,0.5296296296296297
6,7.0,0.5125
7,8.0,0.5714285714285714
8,9.0,0.5
9,10.0,0.5
10,11.0,0.5
11,12.0,0.5
12,13.0,0.5443786982248521
13,14.0,0.625
14,15.0,0.5
15,16.0,0.5
16,19.0,0.5
17,20.0,0.5
18,21.0,0.5
19,26.0,0.5
20,31.0,0.5
21,42.0,0.5
22,47.0,1.4893617021276595
