,chgavg,dt_alt,dt_avg,dt_cont,duration,eta1,ndfpr,rvp,rvx,rvxe,spot_avg,M,S1,Volume
6CM6_20160324,1.0162805259862242,15.996685417,17.963012171000003,21.468784874,19.34377981100485,0.2811330428738068,1597.0,0.005430382245126498,0.004108318330816729,0.004071939766586572,7536.530037546933,8779.0,0.9851733576642335,30154.0
