,chgavg,dt_alt,dt_avg,dt_cont,duration,eta1,ndfpr,rvp,rvx,rvxe,spot_avg,M,S1,Volume
6CM6_20160331,1.0139049826187718,10.509111950000001,11.100000798,12.002474451000001,12.004210626328614,0.3281835917274575,2589.0,0.006722343641363551,0.00546864736451085,0.005446206939739168,7728.318146718147,15635.0,0.9822207958921695,55263.0
