,ask12qty,ask12tomid,ask1qty,ask1tomid,bid12qty,bid12tomid,bid1qty,bid1tomid,twspr1,twspr2
6CM6_20160523,132.64198851430217,1.550191828109296,29.473659312847634,0.7794722912138884,136.30078607489529,1.5416046188061772,31.403804257837994,0.7794722912138884,1.5589445856142206,3.558997320211226
