,ask12qty,ask12tomid,ask1qty,ask1tomid,bid12qty,bid12tomid,bid1qty,bid1tomid,twspr1,twspr2
6CM6_20160607,141.25819708353345,1.9235552759654917,32.9747395756535,1.1305965456736233,138.74533394879606,1.9906285741596095,30.95736103441188,1.1305965456736233,2.261193095555369,4.345618886768711
