,chgavg,dt_alt,dt_avg,dt_cont,duration,eta1,ndfpr,rvp,rvx,rvxe,spot_avg,M,S1,Volume
6CM6_20160318,1.0186710598572213,15.124278080000002,15.796052421,16.718035358,16.813394556245246,0.36565462557426237,1821.0,0.005702328732957167,0.004904042352248414,0.004876438865482774,7698.259604829857,9644.0,0.9795324675324676,35292.0
