,Li,lamb,Co,Al,u,eta
0,1.0,0.9837194740137758,571.0,999.0,0.2857857857857858,0.2811330428738068
1,2.0,0.01628052598622417,5.0,21.0,-0.26190476190476186,-0.004263947282106329
