,Trade Qty,Avg_Cost
0,1.0,0.5059899117276166
1,2.0,0.5022839741149601
2,3.0,0.5051200564971752
3,4.0,0.5068762278978389
4,5.0,0.5179271708683473
5,6.0,0.5089485458612975
6,7.0,0.5070785070785071
7,8.0,0.50390625
8,9.0,0.5070422535211268
9,10.0,0.5113989637305699
10,11.0,0.51010101010101
11,12.0,0.5148514851485149
12,13.0,0.5131633072809543
13,14.0,0.5334821428571429
14,15.0,0.5548387096774193
15,16.0,0.5055147058823529
16,17.0,0.5484429065743944
17,18.0,0.5384615384615384
18,19.0,0.5
19,20.0,0.5693548387096774
20,21.0,0.5
21,22.0,0.5
22,23.0,0.5
23,24.0,0.5
24,25.0,0.5472727272727272
25,26.0,0.5038461538461538
26,27.0,0.5
27,28.0,0.6666666666666666
28,29.0,0.5172413793103449
29,30.0,0.5
30,31.0,1.1774193548387097
31,32.0,0.5
32,33.0,0.7727272727272728
33,34.0,0.5
34,35.0,0.5
35,36.0,0.5555555555555556
36,37.0,0.5
37,38.0,1.0526315789473686
38,39.0,0.5
39,41.0,1.1829268292682926
40,42.0,0.5
41,43.0,0.5
42,45.0,1.4111111111111112
43,46.0,1.3695652173913044
44,49.0,0.6836734693877551
45,53.0,0.5
46,56.0,0.5
47,63.0,2.5
48,78.0,0.5
49,93.0,0.8010752688172043
50,95.0,0.5
51,100.0,1.32
52,106.0,1.4811320754716981
53,107.0,1.294392523364486
54,118.0,1.228813559322034
55,257.0,1.527237354085603
