,Trade Qty,Avg_Cost
0,1.0,0.5069066147859922
1,2.0,0.5025201612903226
2,3.0,0.5028797696184305
3,4.0,0.5035178236397748
4,5.0,0.5066129032258065
5,6.0,0.5092753623188406
6,7.0,0.504978354978355
7,8.0,0.5097173144876325
8,9.0,0.502668607472101
9,10.0,0.5162921348314606
10,11.0,0.5078369905956113
11,12.0,0.5045977011494254
12,13.0,0.5022239665096808
13,14.0,0.5222007722007721
14,15.0,0.5333333333333333
15,16.0,0.5204741379310345
16,17.0,0.5
17,18.0,0.5
18,19.0,0.5548245614035088
19,20.0,0.6783783783783784
20,21.0,0.5
21,22.0,0.8712121212121212
22,23.0,0.5454545454545454
23,24.0,0.5555555555555556
24,25.0,0.6848000000000001
25,26.0,0.5
26,27.0,0.8333333333333334
27,28.0,0.5
28,29.0,0.5
29,30.0,0.5
30,31.0,0.5120967741935484
31,32.0,0.5454545454545454
32,33.0,0.5
33,34.0,0.8676470588235294
34,35.0,0.5380952380952381
35,37.0,0.5
36,39.0,0.5
37,40.0,1.075
38,42.0,0.5
39,44.0,0.5
40,45.0,0.5
41,47.0,1.1595744680851063
42,50.0,0.69
43,51.0,0.5
44,53.0,0.5
45,54.0,0.9537037037037037
46,56.0,1.2410714285714286
47,60.0,0.9611111111111111
48,63.0,2.0476190476190474
49,69.0,0.5
50,71.0,0.5
51,74.0,1.3108108108108107
52,75.0,1.3933333333333333
53,80.0,1.35
54,100.0,1.31
55,114.0,1.3596491228070176
56,125.0,0.5
57,133.0,0.5
