,Trade Qty,Avg_Cost
0,1.0,0.5071909424724602
1,2.0,0.5018545994065282
2,3.0,0.5031120331950207
3,4.0,0.5019592476489029
4,5.0,0.5022727272727273
5,6.0,0.5096073517126148
6,7.0,0.5042989417989419
7,8.0,0.5026595744680851
8,9.0,0.5090996168582376
9,10.0,0.5204545454545454
10,11.0,0.5195707070707071
11,12.0,0.5
12,13.0,0.5028846153846154
13,14.0,0.5252100840336135
14,15.0,0.5
15,16.0,0.5277777777777778
16,17.0,0.5862745098039215
17,18.0,0.5416666666666667
18,19.0,0.6328947368421053
19,20.0,0.5
20,21.0,0.5
21,22.0,0.5
22,23.0,0.5
23,24.0,0.6145833333333334
24,25.0,0.508888888888889
25,26.0,0.5
26,27.0,0.6666666666666666
27,30.0,0.7916666666666667
28,31.0,0.5
29,32.0,0.5
30,34.0,0.5588235294117647
31,38.0,0.5
32,39.0,0.5
33,40.0,1.45
34,41.0,0.5
35,42.0,0.8809523809523809
36,43.0,1.0116279069767442
37,45.0,1.4555555555555555
38,48.0,0.5
39,51.0,0.5
40,53.0,0.5
41,54.0,1.0
42,60.0,0.5
43,62.0,0.8709677419354839
44,71.0,0.5140845070422535
45,73.0,0.5
46,86.0,0.7906976744186046
47,99.0,1.47979797979798
48,100.0,1.07
49,120.0,0.5
