,ask12qty,ask12tomid,ask1qty,ask1tomid,bid12qty,bid12tomid,bid1qty,bid1tomid,twspr1,twspr2
6CM6_20160504,108.66079519079994,1.560854552207009,25.367424460293265,0.8189855746710478,103.75023923530483,1.5674907221625558,24.442491653400122,0.8189855746710478,1.6379711550289435,3.7235277380061547
