,Trade Qty,Avg_Cost
0,1.0,0.5088113050706566
1,2.0,0.5028296547821166
2,3.0,0.5051970026589316
3,4.0,0.5028916929547844
4,5.0,0.5169572107765451
5,6.0,0.5137071651090342
6,7.0,0.5078397212543554
7,8.0,0.5045662100456622
8,9.0,0.519723865877712
9,10.0,0.5169491525423728
10,11.0,0.5
11,12.0,0.5123106060606061
12,13.0,0.523990860624524
13,14.0,0.5102040816326531
14,15.0,0.5697916666666667
15,16.0,0.5041666666666667
16,17.0,0.5700280112044818
17,18.0,0.5357142857142857
18,19.0,0.5
19,20.0,0.6025
20,21.0,0.5
21,22.0,0.5363636363636364
22,23.0,0.5714285714285714
23,24.0,0.6840277777777778
24,25.0,0.6425
25,26.0,0.6762820512820512
26,27.0,0.5
27,28.0,0.6
28,29.0,0.5
29,30.0,0.7194444444444444
30,31.0,0.5
31,32.0,0.78125
32,33.0,0.7222222222222223
33,34.0,0.5
34,35.0,0.5
35,37.0,0.5
36,38.0,0.5
37,39.0,0.5
38,40.0,0.6749999999999999
39,42.0,0.5119047619047619
40,43.0,0.5
41,44.0,0.5
42,45.0,0.6777777777777778
43,46.0,0.5
44,50.0,1.13
45,54.0,0.8888888888888888
46,60.0,0.8333333333333334
47,64.0,0.5
48,87.0,1.5862068965517242
49,94.0,1.4148936170212767
50,100.0,1.08
51,101.0,1.5940594059405941
52,148.0,1.364864864864865
53,397.0,2.472292191435768
54,500.0,2.206
