,Li,lamb,Co,Al,u,eta
0,1.0,0.9842961301177791,670.0,1084.0,0.30904059040590404,0.304187457185845
1,2.0,0.014582164890633763,1.0,25.0,-0.45999999999999996,-0.006707795849691531
2,4.0,0.0011217049915872126,0.0,2.0,-1.5,-0.0016825574873808188
