,Trade Qty,Avg_Cost
0,1.0,0.5078064012490242
1,2.0,0.5029457364341086
2,3.0,0.5062347931873479
3,4.0,0.5086633663366337
4,5.0,0.5075324675324675
5,6.0,0.5165837479270314
6,7.0,0.5042918454935622
7,8.0,0.5170765027322405
8,9.0,0.5162774239207361
9,10.0,0.5137055837563451
10,11.0,0.532258064516129
11,12.0,0.5307017543859649
12,13.0,0.5027173913043478
13,14.0,0.5230414746543779
14,15.0,0.5553333333333333
15,16.0,0.5290178571428571
16,17.0,0.5336134453781514
17,18.0,0.5
18,19.0,0.5157894736842106
19,20.0,0.5454545454545454
20,21.0,0.5493197278911565
21,22.0,0.5858585858585859
22,23.0,0.6159420289855072
23,24.0,0.5185185185185185
24,25.0,0.6914285714285714
25,26.0,0.5
26,27.0,0.5
27,28.0,0.5
28,29.0,0.6
29,30.0,0.6777777777777777
30,31.0,0.5
31,32.0,0.5223214285714286
32,33.0,0.5
33,34.0,0.5
34,36.0,0.5
35,37.0,0.9054054054054054
36,38.0,0.5
37,39.0,0.5
38,40.0,0.5
39,43.0,0.5
40,48.0,0.5
41,55.0,0.9727272727272728
42,56.0,0.7678571428571429
43,62.0,0.5
44,63.0,0.5
45,65.0,1.3923076923076922
46,73.0,0.5
47,75.0,1.02
48,79.0,0.5
49,86.0,1.2325581395348837
50,89.0,2.0112359550561796
51,90.0,1.4444444444444444
52,98.0,0.5
53,167.0,1.3502994011976048
54,180.0,1.2277777777777779
