,Li,lamb,Co,Al,u,eta
0,1.0,0.9908835904628331,536.0,876.0,0.3059360730593607,0.30314703452515895
1,2.0,0.0091164095371669,2.0,11.0,-0.3181818181818181,-0.0029006757618258313
