,Trade Qty,Avg_Cost
0,1.0,0.5077197149643705
1,2.0,0.5042774213260006
2,3.0,0.50530679933665
3,4.0,0.5057692307692307
4,5.0,0.5166666666666667
5,6.0,0.5068493150684932
6,7.0,0.5098128708352351
7,8.0,0.5170454545454546
8,9.0,0.5126083530338849
9,10.0,0.5215789473684211
10,11.0,0.5155080213903743
11,12.0,0.5137457044673539
12,13.0,0.5133065986146554
13,14.0,0.5357142857142857
14,15.0,0.5307692307692308
15,16.0,0.5
16,17.0,0.5311418685121108
17,18.0,0.5321637426900585
18,19.0,0.5
19,20.0,0.5222222222222223
20,21.0,0.5
21,22.0,0.5
22,23.0,0.5
23,24.0,0.5
24,25.0,0.5933333333333334
25,26.0,0.5017482517482518
26,27.0,0.5
27,28.0,0.5
28,29.0,0.5229885057471265
29,30.0,0.6633333333333333
30,31.0,0.5
31,32.0,0.6666666666666666
32,34.0,1.4411764705882353
33,35.0,0.5
34,40.0,0.9625
35,42.0,0.5
36,44.0,1.0681818181818181
37,48.0,0.5
38,49.0,0.6632653061224489
39,50.0,0.985
40,51.0,1.0588235294117647
41,52.0,0.5
42,77.0,0.5
43,80.0,0.6125
44,84.0,0.5
45,100.0,1.0
46,105.0,1.9095238095238096
