,chgavg,dt_alt,dt_avg,dt_cont,duration,eta1,ndfpr,rvp,rvx,rvxe,spot_avg,M,S1,Volume
6CM6_20160526,1.0085889570552147,15.579915838000002,17.659550473,21.244540240000003,19.37752066073657,0.29302789446643907,1630.0,0.005301843805168608,0.00407100679581211,0.004058788387441869,7712.52299202943,11422.0,0.987817703768624,40417.0
