,ask12qty,ask12tomid,ask1qty,ask1tomid,bid12qty,bid12tomid,bid1qty,bid1tomid,twspr1,twspr2
6CM6_20160426,132.7710860968009,1.6217266139137108,34.383224943279494,0.8870020782403346,135.56461060540528,1.9627948640551627,34.81960726052675,0.8870020782403346,1.77400416007695,4.364929393306199
