,chgavg,dt_alt,dt_avg,dt_cont,duration,eta1,ndfpr,rvp,rvx,rvxe,spot_avg,M,S1,Volume
6CM6_20160603,1.0161844041196666,13.555926829,14.113832205000001,14.830494105000001,15.001169231531035,0.397753229073427,2039.0,0.006015409065163682,0.005386623070995251,0.00536521364979954,7725.823529411765,14405.0,0.9889406691242958,46889.0
