,ask12qty,ask12tomid,ask1qty,ask1tomid,bid12qty,bid12tomid,bid1qty,bid1tomid,twspr1,twspr2
6CM6_20160420,115.30025272488037,1.8779501023557659,28.374844717917625,0.9394854667278028,118.05303630387252,1.9931018613897413,28.85653696113807,0.9394854667278028,1.87897093864321,4.503895414275693
