,Trade Qty,Avg_Cost
0,1.0,0.5064763026199588
1,2.0,0.5031520882584712
2,3.0,0.5044070512820512
3,4.0,0.5044313146233382
4,5.0,0.5089805825242719
5,6.0,0.5170068027210885
6,7.0,0.507343124165554
7,8.0,0.502906976744186
8,9.0,0.5117599351175994
9,10.0,0.5151685393258427
10,11.0,0.5121212121212122
11,12.0,0.5030864197530864
12,13.0,0.5049075553526592
13,14.0,0.5224867724867726
14,15.0,0.5128205128205128
15,16.0,0.5245535714285714
16,17.0,0.5108932461873638
17,18.0,0.5793650793650793
18,19.0,0.5631578947368421
19,20.0,0.508
20,21.0,0.5
21,22.0,0.622994652406417
22,23.0,0.5
23,24.0,0.5265151515151515
24,25.0,0.56
25,26.0,0.5192307692307693
26,27.0,0.5555555555555556
27,28.0,0.5
28,29.0,0.5
29,30.0,1.4
30,31.0,0.5
31,32.0,0.5
32,33.0,0.5
33,38.0,0.5
34,39.0,0.5
35,41.0,0.5
36,42.0,0.6666666666666666
37,45.0,0.5
38,47.0,0.5212765957446809
39,50.0,1.14
40,55.0,0.5
41,103.0,1.1504854368932038
42,126.0,2.0714285714285716
43,365.0,2.46986301369863
