,ask12qty,ask12tomid,ask1qty,ask1tomid,bid12qty,bid12tomid,bid1qty,bid1tomid,twspr1,twspr2
6CM6_20160525,131.2981268682189,1.8460264140417375,31.245334397550465,1.018188254613989,126.17103724527882,1.7836448245018557,29.505049459249076,1.018188254613989,2.036376514489246,4.120621162632223
