,Li,lamb,Co,Al,u,eta
0,1.0,0.9864812668984164,1020.0,1533.0,0.33268101761252444,0.3281835917274575
1,2.0,0.01313248358439552,4.0,30.0,-0.3666666666666667,-0.004815243980945024
2,3.0,0.0003862495171881035,0.0,1.0,-1.0,-0.0003862495171881035
