,Trade Qty,Avg_Cost
0,1.0,0.5088470319634704
1,2.0,0.5030342436064152
2,3.0,0.5087505087505088
3,4.0,0.503030303030303
4,5.0,0.5077961019490255
5,6.0,0.5067114093959731
6,7.0,0.5080256821829856
7,8.0,0.5112847222222222
8,9.0,0.5053832902670112
9,10.0,0.5269340974212035
10,11.0,0.5125874125874126
11,12.0,0.5464743589743589
12,13.0,0.5117103566824238
13,14.0,0.5434782608695652
14,15.0,0.5562841530054645
15,16.0,0.5193965517241379
16,17.0,0.52859477124183
17,18.0,0.5
18,19.0,0.5336842105263158
19,20.0,0.5633928571428571
20,21.0,0.6547619047619048
21,22.0,0.5505050505050506
22,23.0,0.5778985507246377
23,24.0,0.525
24,25.0,0.7033333333333335
25,26.0,0.5416666666666666
26,27.0,0.5
27,28.0,0.5
28,29.0,0.5
29,30.0,0.9333333333333332
30,31.0,0.75
31,32.0,0.6
32,33.0,0.6515151515151515
33,34.0,0.5
34,35.0,0.5
35,36.0,0.5
36,37.0,0.6216216216216216
37,38.0,0.5
38,39.0,0.5
39,40.0,0.5
40,42.0,0.6746031746031745
41,43.0,0.8255813953488372
42,45.0,1.5611111111111111
43,46.0,1.108695652173913
44,47.0,0.5
45,48.0,0.9236111111111112
46,50.0,0.8600000000000001
47,51.0,1.3823529411764706
48,53.0,1.358490566037736
49,57.0,1.236842105263158
50,58.0,0.5
51,59.0,1.3644067796610169
52,61.0,1.1557377049180328
53,62.0,0.5
54,73.0,1.0205479452054795
55,91.0,1.3681318681318682
56,96.0,1.4375
57,99.0,1.106060606060606
58,100.0,1.1933333333333334
59,101.0,1.4405940594059405
60,103.0,1.3932038834951457
61,105.0,0.5
62,122.0,1.4426229508196722
63,126.0,2.857142857142857
64,190.0,2.268421052631579
