,Li,lamb,Co,Al,u,eta
0,1.0,0.9948834565093804,704.0,1045.0,0.3368421052631579,0.33511863798210706
1,2.0,0.00511654349061967,0.0,9.0,-0.5,-0.002558271745309835
