,Trade Qty,Avg_Cost
0,1.0,0.5173301304049417
1,2.0,0.5056594488188977
2,3.0,0.5109383995394357
3,4.0,0.5086405529953917
4,5.0,0.512396694214876
5,6.0,0.5081521739130435
6,7.0,0.5052910052910053
7,8.0,0.5072815533980582
8,9.0,0.5068587105624143
9,10.0,0.5283333333333333
10,11.0,0.5160427807486632
11,12.0,0.5272988505747126
12,13.0,0.5285425101214574
13,14.0,0.5256410256410257
14,15.0,0.5939393939393939
15,16.0,0.5
16,17.0,0.5320855614973262
17,18.0,0.5454545454545454
18,19.0,0.7736842105263158
19,20.0,0.55
20,21.0,0.5
21,22.0,0.7045454545454546
22,23.0,0.5
23,24.0,0.625
24,25.0,0.86
25,26.0,0.5897435897435898
26,27.0,0.5
27,28.0,0.5
28,29.0,0.5
29,30.0,0.5
30,32.0,0.5
31,33.0,0.5
32,34.0,0.5
33,38.0,0.6447368421052632
34,45.0,0.5
35,47.0,0.5
36,48.0,0.5
37,52.0,1.4038461538461537
38,57.0,1.4298245614035088
39,65.0,0.5
40,82.0,1.0975609756097562
41,114.0,1.131578947368421
42,127.0,1.9488188976377954
43,200.0,1.6
