,chgavg,dt_alt,dt_avg,dt_cont,duration,eta1,ndfpr,rvp,rvx,rvxe,spot_avg,M,S1,Volume
6CM6_20160530,1.0678733031674208,70.906571598,65.10859008300001,57.430582778,120.91761832089061,0.3633562178186925,221.0,0.0021382764983019875,0.0018388731431287764,0.001822825765457017,7655.328828828829,961.0,0.94258872651357,2952.0
