,chgavg,dt_alt,dt_avg,dt_cont,duration,eta1,ndfpr,rvp,rvx,rvxe,spot_avg,M,S1,Volume
6CM6_20160413,1.0399480350763235,8.598122581,9.343584904,10.322416408,9.102108007596703,0.3776884899474738,3079.0,0.007630699761621318,0.006725468013671122,0.006632026286122851,7818.7467532467535,16042.0,0.9671373235036861,55259.0
