,chgavg,dt_alt,dt_avg,dt_cont,duration,eta1,ndfpr,rvp,rvx,rvxe,spot_avg,M,S1,Volume
6CM6_20160509,1.0058631921824104,15.956639444,18.750721302000002,23.374666376,20.74321477395991,0.3050790203884666,1535.0,0.005130774262194941,0.0040136097775918134,0.004007781875544046,7702.852213541667,11070.0,0.9907725710150171,39371.0
