,chgavg,dt_alt,dt_avg,dt_cont,duration,eta1,ndfpr,rvp,rvx,rvxe,spot_avg,M,S1,Volume
6CM6_20160606,1.0141376060320453,12.944008336000001,13.564608868,14.514474340000001,14.635381008902014,0.328908869704969,2122.0,0.006047762537950358,0.004936026696341069,0.004905096105989209,7779.9312293923695,12303.0,0.9871889024887801,39036.0
