,Li,lamb,Co,Al,u,eta
0,1.0,0.9916701374427322,868.0,1512.0,0.28703703703703703,0.2846460579696731
1,2.0,0.007913369429404415,3.0,16.0,-0.3125,-0.00247292794668888
2,3.0,0.00041649312786339027,0.0,1.0,-1.0,-0.00041649312786339027
