,chgavg,dt_alt,dt_avg,dt_cont,duration,eta1,ndfpr,rvp,rvx,rvxe,spot_avg,M,S1,Volume
6CM6_20160418,1.0229357798165137,13.613646893,14.67216505,16.306067640000002,15.335783700662864,0.3305231837341929,1962.0,0.005901036855922287,0.004836178430175959,0.004797823735650336,7789.170147733062,10774.0,0.9771965748324646,36580.0
