,ask12qty,ask12tomid,ask1qty,ask1tomid,bid12qty,bid12tomid,bid1qty,bid1tomid,twspr1,twspr2
6CM6_20160316,106.75492096609948,1.7043723743558838,27.462143990033212,0.9708317513890223,106.05050474811922,1.6947598108670647,27.10746048366198,0.9708317513890223,1.9416635091677519,3.942077625186428
