,ask12qty,ask12tomid,ask1qty,ask1tomid,bid12qty,bid12tomid,bid1qty,bid1tomid,twspr1,twspr2
6CM6_20160331,112.23563799613788,1.6110650618664988,29.13017576893134,0.86953754189119,111.19544024541369,1.6193871747831168,28.427755307580178,0.86953754189119,1.7390750910848727,3.7391469010249456
