,Li,lamb,Co,Al,u,eta
0,1.0,0.9855842185128983,1045.0,1552.0,0.33666237113402064,0.3318091199568231
1,2.0,0.013657056145675266,4.0,32.0,-0.375,-0.005121396054628225
2,3.0,0.0007587253414264037,2.0,0.0,inf,inf
