,chgavg,dt_alt,dt_avg,dt_cont,duration,eta1,ndfpr,rvp,rvx,rvxe,spot_avg,M,S1,Volume
6CM6_20160315,1.0182584269662922,19.220417634,20.196717951,21.614064578,21.571053706061743,0.35364459373443297,1424.0,0.005179498561583384,0.004373665780411583,0.004355983502456007,7482.541052631579,9678.0,0.9909760398298931,34477.0
