,chgavg,dt_alt,dt_avg,dt_cont,duration,eta1,ndfpr,rvp,rvx,rvxe,spot_avg,M,S1,Volume
6CM6_20160421,1.0178244972577697,12.4215403,13.155509476,14.192733457000001,14.043902795571297,0.3567469145319853,2188.0,0.006102161363699339,0.00517584543591227,0.005154408071973568,7871.271813613522,14637.0,0.987140902872777,46137.0
