,Li,lamb,Co,Al,u,eta
0,1.0,0.9838709677419355,1017.0,1361.0,0.37362233651726673,0.3675961697992463
1,2.0,0.015715467328370553,5.0,33.0,-0.3484848484848485,-0.0054766022507958
2,3.0,0.00041356492969396195,0.0,1.0,-1.0,-0.00041356492969396195
