,ask12qty,ask12tomid,ask1qty,ask1tomid,bid12qty,bid12tomid,bid1qty,bid1tomid,twspr1,twspr2
6CM6_20160422,131.6694119203645,1.3533314477604057,30.199829654958535,0.5607480001854149,131.5144581075573,1.3595397305621333,28.52962576728913,0.5607480001854149,1.1214960061511103,3.1214961811667203
