,chgavg,dt_alt,dt_avg,dt_cont,duration,eta1,ndfpr,rvp,rvx,rvxe,spot_avg,M,S1,Volume
6CM6_20160505,1.0138808559861192,14.713469597000001,16.606693758000002,19.410460094,17.98985747206102,0.33961982412767455,1729.0,0.0054518514403054065,0.0045119663898489865,0.0044931976933735174,7784.211560693641,12107.0,0.9895833333333334,38646.0
