,ask12qty,ask12tomid,ask1qty,ask1tomid,bid12qty,bid12tomid,bid1qty,bid1tomid,twspr1,twspr2
6CM6_20160408,143.37671383608583,1.363705378397496,34.3330499541792,0.5858015803184906,148.2162900279596,1.3684535005124276,34.67298420644681,0.5858015803184906,1.171603165829575,3.17249781934762
