,ask12qty,ask12tomid,ask1qty,ask1tomid,bid12qty,bid12tomid,bid1qty,bid1tomid,twspr1,twspr2
6CM6_20160413,106.86260069713138,1.5485397144786168,26.10246280352673,0.7973320049510284,107.70598089337038,1.561132185398092,25.10417098943771,0.7973320049510284,1.594664015094971,3.594742709714016
