,Li,lamb,Co,Al,u,eta
0,1.0,0.9946686976389947,535.0,770.0,0.3474025974025974,0.34555048911484554
1,2.0,0.005331302361005331,0.0,7.0,-0.5,-0.0026656511805026656
