,Li,lamb,Co,Al,u,eta
0,1.0,0.9872417982989065,683.0,941.0,0.36291179596174283,0.35828169406915683
1,2.0,0.012150668286755772,1.0,19.0,-0.44736842105263164,-0.005435825286180214
2,3.0,0.0006075334143377885,0.0,1.0,-1.0,-0.0006075334143377885
