,ask12qty,ask12tomid,ask1qty,ask1tomid,bid12qty,bid12tomid,bid1qty,bid1tomid,twspr1,twspr2
6CM6_20160429,131.51244968017315,1.360672512842276,28.804514613461834,0.5583061873253781,137.99466614491874,1.3657526816410157,29.02427580727326,0.5583061873253781,1.1166123811678628,3.116612603206817
