,ask12qty,ask12tomid,ask1qty,ask1tomid,bid12qty,bid12tomid,bid1qty,bid1tomid,twspr1,twspr2
6CM6_20160329,91.89496743155044,1.5010037195349266,24.294828481064773,0.7940120255949886,109.89941265317262,1.5759603163173297,25.576000509972165,0.7940120255949886,1.5880240583039271,3.5880622704609477
