,ask12qty,ask12tomid,ask1qty,ask1tomid,bid12qty,bid12tomid,bid1qty,bid1tomid,twspr1,twspr2
6CM6_20160404,116.74555270970285,1.5082790603509888,32.08042591711853,0.781352245732392,119.0750998571968,1.5434033761551478,31.20147678652714,0.781352245732392,1.5627044956904887,3.562854197849193
