,Trade Qty,Avg_Cost
0,1.0,0.5041279669762642
1,2.0,0.5034887991186192
2,3.0,0.512678936605317
3,4.0,0.5062277580071174
4,5.0,0.5143283582089552
5,6.0,0.5050505050505051
6,7.0,0.5085403726708075
7,8.0,0.5246350364963503
8,9.0,0.5052410901467506
9,10.0,0.5147727272727273
10,11.0,0.5442424242424243
11,12.0,0.5078125
12,13.0,0.5150753768844221
13,14.0,0.5615079365079365
14,15.0,0.5303030303030303
15,16.0,0.5717592592592593
16,17.0,0.5
17,18.0,0.5
18,19.0,0.5
19,20.0,0.5217391304347826
20,21.0,0.5
21,22.0,0.6818181818181819
22,23.0,0.7753623188405797
23,24.0,0.6064814814814814
24,25.0,0.5716666666666667
25,26.0,0.6153846153846153
26,27.0,0.5
27,28.0,0.5
28,29.0,0.5
29,30.0,0.6133333333333333
30,31.0,0.5
31,32.0,0.51953125
32,33.0,0.75
33,34.0,0.5
34,35.0,0.5
35,36.0,1.3055555555555556
36,37.0,0.5
37,38.0,0.5
38,41.0,0.5
39,45.0,0.5
40,46.0,0.5
41,47.0,1.202127659574468
42,50.0,0.9400000000000001
43,52.0,0.5
44,56.0,0.5
45,59.0,2.093220338983051
46,60.0,0.5
47,65.0,0.5
48,69.0,0.5
49,71.0,0.9788732394366197
50,77.0,0.5
51,79.0,0.5
52,94.0,1.4574468085106382
53,337.0,1.1973293768545994
54,339.0,1.7182890855457227
