,ask12qty,ask12tomid,ask1qty,ask1tomid,bid12qty,bid12tomid,bid1qty,bid1tomid,twspr1,twspr2
6CM6_20160317,125.87465958526057,1.4813072175603608,30.229117874270738,0.7268000284053939,127.7448378434717,1.5065074326944494,29.660405213528637,0.7268000284053939,1.4536000623729564,3.453600307363913
