,ask12qty,ask12tomid,ask1qty,ask1tomid,bid12qty,bid12tomid,bid1qty,bid1tomid,twspr1,twspr2
6CM6_20160314,132.24043190213777,1.4370835585994652,31.96682672362844,0.6628979578152826,137.13541206557335,1.5482827429120272,32.47679622768896,0.6628979578152826,1.3257959206798613,3.427649346448615
