,Li,lamb,Co,Al,u,eta
0,1.0,0.9861191440138809,695.0,1009.0,0.344400396432111,0.33961982412767455
1,2.0,0.013880855986119144,4.0,20.0,-0.30000000000000004,-0.0041642567958357435
