,ask12qty,ask12tomid,ask1qty,ask1tomid,bid12qty,bid12tomid,bid1qty,bid1tomid,twspr1,twspr2
6CM6_20160524,138.51419980554294,2.004151101332457,32.32871319965542,1.1282167690887488,130.93425081114802,2.0558770824947517,30.372197317977946,1.1282167690887488,2.2564335423380606,4.599090576844375
