,chgavg,dt_alt,dt_avg,dt_cont,duration,eta1,ndfpr,rvp,rvx,rvxe,spot_avg,M,S1,Volume
6CM6_20160503,1.0106827682303763,11.46642117,13.374428072,16.26475267,14.567547897572684,0.33251692902678237,2153.0,0.005978500716345808,0.004889704541749851,0.004875443904168868,7888.3649025069635,14998.0,0.9903878245777985,54591.0
