,chgavg,dt_alt,dt_avg,dt_cont,duration,eta1,ndfpr,rvp,rvx,rvxe,spot_avg,M,S1,Volume
6CM6_20160428,1.0112137203166227,17.077934711,18.996342552,22.203340192000002,20.676774273836056,0.30024304415278513,1516.0,0.004967810346926824,0.0038665692051158616,0.0038496077757340344,7968.307844429795,9762.0,0.9803941695750359,30603.0
