,ask12qty,ask12tomid,ask1qty,ask1tomid,bid12qty,bid12tomid,bid1qty,bid1tomid,twspr1,twspr2
6CM6_20160415,122.96440962803285,1.3493034352504414,33.30812722517695,0.5983451605943717,125.40793833023366,1.3477274472428948,34.44700767031308,0.5983451605943717,1.1966903253430012,3.196785474043987
