,Li,lamb,Co,Al,u,eta
0,1.0,0.9939393939393939,702.0,937.0,0.37459978655282816,0.37232948481614436
1,2.0,0.006060606060606061,2.0,8.0,-0.25,-0.0015151515151515152
