,chgavg,dt_alt,dt_avg,dt_cont,duration,eta1,ndfpr,rvp,rvx,rvxe,spot_avg,M,S1,Volume
6CM6_20160412,1.0165425971877584,10.895426806000001,11.906073979,13.292927720000002,12.75696985525328,0.3675961697992463,2418.0,0.006463241952971808,0.005561109133692203,0.005541800669133089,7797.373294749897,14818.0,0.9816688166202729,58602.0
