,ask12qty,ask12tomid,ask1qty,ask1tomid,bid12qty,bid12tomid,bid1qty,bid1tomid,twspr1,twspr2
6CM6_20160419,117.54467383699381,1.5514573759614532,31.06011927641374,0.815443328976533,125.58257479622478,1.5570297141870315,32.28110272489342,0.815443328976533,1.6308866626128244,3.630910245711154
