,ask12qty,ask12tomid,ask1qty,ask1tomid,bid12qty,bid12tomid,bid1qty,bid1tomid,twspr1,twspr2
6CM6_20160330,94.56203752987095,1.460485384728972,28.052299337267943,0.7643874012126847,102.59468513237776,1.5207095990169033,26.387320850884404,0.7643874012126847,1.5287748081246078,3.5288056582007203
