,ask12qty,ask12tomid,ask1qty,ask1tomid,bid12qty,bid12tomid,bid1qty,bid1tomid,twspr1,twspr2
6CM6_20160510,129.8905514914612,1.4746981634779341,28.95178876407966,0.7188614150060966,129.82071576788064,1.5592370195719087,28.294171471060846,0.7188614150060966,1.4377228348866766,3.5218710665515713
