,Li,lamb,Co,Al,u,eta
0,1.0,0.986878453038674,628.0,800.0,0.3925,0.38734979281767956
1,2.0,0.013121546961325966,6.0,13.0,-0.038461538461538436,-0.0005046748831279215
