,Li,lamb,Co,Al,u,eta
0,1.0,0.9660027472527473,1249.0,1563.0,0.39955214331413946,0.3859684681121821
1,2.0,0.031936813186813184,22.0,71.0,-0.1901408450704225,-0.006072492648196872
2,3.0,0.001717032967032967,2.0,3.0,0.0,0.0
3,4.0,0.00034340659340659343,0.0,1.0,-1.5,-0.0005151098901098901
