,chgavg,dt_alt,dt_avg,dt_cont,duration,eta1,ndfpr,rvp,rvx,rvxe,spot_avg,M,S1,Volume
6CM6_20160518,1.015174506828528,10.543709587,10.919172631,11.49011935,11.739564515770905,0.3318091199568231,2636.0,0.006811223711998933,0.005578723176016352,0.005548611298943165,7712.965111869548,16003.0,0.9818101988333438,57500.0
