,ask12qty,ask12tomid,ask1qty,ask1tomid,bid12qty,bid12tomid,bid1qty,bid1tomid,twspr1,twspr2
6CM6_20160608,135.2123370409564,1.5391935828526997,29.39907472491589,0.7600463225718151,133.44514396560518,1.840096671503066,29.81477278637582,0.7600463225718151,1.5200926495603275,4.274749594316165
