,chgavg,dt_alt,dt_avg,dt_cont,duration,eta1,ndfpr,rvp,rvx,rvxe,spot_avg,M,S1,Volume
6CM6_20160512,1.006060606060606,16.731635495000003,17.448521638000003,18.434977011,19.28526313592972,0.37232948481614436,1650.0,0.0052551561227712216,0.00454145549286903,0.004534864711866627,7799.631738340399,11949.0,0.9927044025157232,39866.0
