,chgavg,dt_alt,dt_avg,dt_cont,duration,eta1,ndfpr,rvp,rvx,rvxe,spot_avg,M,S1,Volume
6CM6_20160519,1.0056925996204933,12.385695731,13.654072676,15.452721864,15.111783965789135,0.35308058707353907,2108.0,0.006075015558822536,0.0051095724697863935,0.005105041917094789,7621.97012802276,13605.0,0.9914617989106433,49414.0
