,chgavg,dt_alt,dt_avg,dt_cont,duration,eta1,ndfpr,rvp,rvx,rvxe,spot_avg,M,S1,Volume
6CM6_20160411,1.0181159420289856,15.993776941,17.381996339,19.479997879000003,18.55632008520552,0.3289765702965578,1656.0,0.005394837334293648,0.004402394015396209,0.004375985118959146,7745.477972238986,9792.0,0.9842423002148777,35355.0
