,chgavg,dt_alt,dt_avg,dt_cont,duration,eta1,ndfpr,rvp,rvx,rvxe,spot_avg,M,S1,Volume
6CM6_20160401,1.0318315377081293,12.952538128,14.096098209,15.56960978,14.23013240924694,0.39108849898732945,2042.0,0.006238627077790564,0.005564969093753764,0.005517489889060615,7648.548213411649,12392.0,0.977831715210356,44072.0
