,Trade Qty,Avg_Cost
0,1.0,0.5345679012345679
1,2.0,0.5262008733624454
2,3.0,0.5185185185185185
3,4.0,0.5
4,5.0,0.5340909090909091
5,6.0,0.5416666666666666
6,7.0,0.5166666666666667
7,8.0,0.6071428571428571
8,9.0,0.5
9,10.0,0.5
10,11.0,0.5
11,12.0,0.5
12,13.0,0.5721153846153846
13,14.0,0.625
14,15.0,0.5
15,16.0,0.5
16,19.0,0.5
17,20.0,0.5
18,21.0,0.5
19,26.0,0.5
20,31.0,0.5
21,42.0,0.5
22,47.0,1.4893617021276595
