,Li,lamb,Co,Al,u,eta
0,1.0,0.9943074003795066,870.0,1225.0,0.3551020408163265,0.35308058707353907
1,2.0,0.0056925996204933585,0.0,12.0,-0.5,-0.0028462998102466793
