,Li,lamb,Co,Al,u,eta
0,1.0,0.9826325411334552,904.0,1245.0,0.36305220883534134,0.3567469145319853
1,2.0,0.016910420475319928,5.0,32.0,-0.34375,-0.005812957038391226
2,3.0,0.0004570383912248629,0.0,1.0,-1.0,-0.0004570383912248629
