,Li,lamb,Co,Al,u,eta
0,1.0,0.9863336475023563,837.0,1255.0,0.33346613545816733,0.328908869704969
1,2.0,0.013195098963242224,8.0,20.0,-0.09999999999999998,-0.001319509896324222
2,3.0,0.000471253534401508,0.0,1.0,-1.0,-0.000471253534401508
