,Li,lamb,Co,Al,u,eta
0,1.0,0.9938118811881188,551.0,1054.0,0.26138519924098674,0.25976771657241626
1,2.0,0.006188118811881188,0.0,10.0,-0.5,-0.003094059405940594
