,ask12qty,ask12tomid,ask1qty,ask1tomid,bid12qty,bid12tomid,bid1qty,bid1tomid,twspr1,twspr2
6CU6_062016,119.73839679082026,2.042435472235213,24.07196648052307,1.2551381873147556,130.16474337867126,2.2034815614924157,26.75777188282894,1.2551381873147556,2.510276377866263,4.691488573533392
