,ask12qty,ask12tomid,ask1qty,ask1tomid,bid12qty,bid12tomid,bid1qty,bid1tomid,twspr1,twspr2
6CU6_061016,142.2357079803425,1.3642580563328897,30.77660059437538,0.5559662166167314,142.81760141100597,1.3692281763940795,29.93127635714904,0.5559662166167314,1.1119324381312639,3.111932644902272
