,ask12qty,ask12tomid,ask1qty,ask1tomid,bid12qty,bid12tomid,bid1qty,bid1tomid,twspr1,twspr2
6CU6_062416,30.40628827137145,1.4473824531963488,9.008546014076822,0.7210946962451945,28.394847375917593,1.4424804316275899,8.454957862604608,0.7210946962451945,1.4421893944658475,3.4615884684367533
