,Li,lamb,Co,Al,u,eta
0,1.0,0.9904341427520236,469.0,876.0,0.2676940639269406,0.2651333407252848
1,2.0,0.008094186902133923,3.0,8.0,-0.125,-0.0010117733627667404
2,3.0,0.0007358351729212656,0.0,1.0,-1.0,-0.0007358351729212656
3,4.0,0.0007358351729212656,0.0,1.0,-1.5,-0.0011037527593818985
