,Li,lamb,Co,Al,u,eta
0,1.0,0.9924194567277321,551.0,1019.0,0.2703631010794897,0.26831360189253206
1,2.0,0.007580543272267846,0.0,12.0,-0.5,-0.003790271636133923
