,Li,lamb,Co,Al,u,eta
0,1.0,0.9757383966244726,744.0,1105.0,0.33665158371040727,0.3284838765106822
1,2.0,0.022151898734177215,9.0,33.0,-0.2272727272727273,-0.005034522439585731
2,3.0,0.0010548523206751054,1.0,1.0,0.5,0.0005274261603375527
3,4.0,0.0005274261603375527,1.0,0.0,inf,inf
4,5.0,0.0005274261603375527,0.0,1.0,-2.0,-0.0010548523206751054
