,chgavg,dt_alt,dt_avg,dt_cont,duration,eta1,ndfpr,rvp,rvx,rvxe,spot_avg,M,S1,Volume
6CU6_061616,1.01,10.086009676,11.062313027,12.402732614000001,12.090235816006508,0.36662310812919335,2600.0,0.006730327958829978,0.005777442776864514,0.0057631661797108704,7691.638985005767,16464.0,0.9898393769773668,53344.0
