,chgavg,dt_alt,dt_avg,dt_cont,duration,eta1,ndfpr,rvp,rvx,rvxe,spot_avg,M,S1,Volume
6CU6_061716,1.0139906728847434,17.467894789000002,19.155345759000003,21.863259467000002,20.662019371604586,0.31509745715245885,1501.0,0.005095161818465649,0.004065699225102425,0.004044784876754265,7771.916777629827,11166.0,0.9929122555176745,34033.0
