,chgavg,dt_alt,dt_avg,dt_cont,duration,eta1,ndfpr,rvp,rvx,rvxe,spot_avg,M,S1,Volume
6CU6_062116,1.0081190798376185,17.17046845,19.477535301,24.077661379000002,21.40014617541821,0.2538560043346446,1478.0,0.004982907367035074,0.0035620839589253087,0.0035505164692968523,7808.746450304259,8730.0,0.9880761293281357,27439.0
