,chgavg,dt_alt,dt_avg,dt_cont,duration,eta1,ndfpr,rvp,rvx,rvxe,spot_avg,M,S1,Volume
6CU6_070716,1.010752688172043,13.062242022000001,14.738526338000002,17.632160777000003,16.053475352394692,0.2913929649392298,1953.0,0.0058209204562411345,0.004466990662854111,0.0044437149613707925,7717.849539406346,12404.0,0.9867389019163904,42562.0
