,chgavg,dt_alt,dt_avg,dt_cont,duration,eta1,ndfpr,rvp,rvx,rvxe,spot_avg,M,S1,Volume
6CU6_061416,1.0113895216400912,20.092207798,21.822244352000002,24.445413348000002,23.787946818237423,0.3354897494305239,1317.0,0.004741078481609774,0.003896357560076014,0.0038835756548876994,7784.251896813354,9236.0,0.9894828147023745,29560.0
