,chgavg,dt_alt,dt_avg,dt_cont,duration,eta1,ndfpr,rvp,rvx,rvxe,spot_avg,M,S1,Volume
6CU6_062016,1.0117733627667402,19.350722153,21.183814273000003,24.653411259000002,22.897120201678767,0.2651333407252848,1359.0,0.004812812608738218,0.0035400586324552097,0.0035046618590267474,7815.974264705882,8723.0,0.9905790441176471,28016.0
