,Li,lamb,Co,Al,u,eta
0,1.0,0.9837758112094396,757.0,1243.0,0.3045052292839903,0.29956487895637396
1,2.0,0.015240904621435595,6.0,25.0,-0.26,-0.0039626352015732546
2,3.0,0.0009832841691248771,1.0,1.0,0.5,0.0004916420845624386
