,Li,lamb,Co,Al,u,eta
0,1.0,0.9886104783599089,526.0,775.0,0.3393548387096774,0.3354897494305239
1,2.0,0.011389521640091117,2.0,13.0,-0.34615384615384615,-0.003942526721570002
