,chgavg,dt_alt,dt_avg,dt_cont,duration,eta1,ndfpr,rvp,rvx,rvxe,spot_avg,M,S1,Volume
6CU6_062416,1.0496158770806658,8.642122861,9.214379912,9.996773181,8.79690834364476,0.361849421271265,3124.0,0.007860581792659825,0.006814040185852412,0.00668703552020949,7720.63072,12264.0,0.9465792707906595,32874.0
