,Li,lamb,Co,Al,u,eta
0,1.0,0.986873508353222,669.0,984.0,0.3399390243902439,0.33547681762617154
1,2.0,0.012529832935560859,2.0,19.0,-0.39473684210526316,-0.004945986685089813
2,3.0,0.0005966587112171838,0.0,1.0,-1.0,-0.0005966587112171838
