,Li,lamb,Co,Al,u,eta
0,1.0,0.987862440997977,623.0,841.0,0.3703923900118906,0.365896730524221
1,2.0,0.012137559002022926,5.0,13.0,-0.11538461538461542,-0.0014004875771564918
