,Li,lamb,Co,Al,u,eta
0,1.0,0.9833641404805915,211.0,320.0,0.3296875,0.32420286506469503
1,2.0,0.0166358595194085,0.0,9.0,-0.5,-0.00831792975970425
