,chgavg,dt_alt,dt_avg,dt_cont,duration,eta1,ndfpr,rvp,rvx,rvxe,spot_avg,M,S1,Volume
6CU6_070816,1.0117868929750118,13.001924520000001,13.574242678000001,14.562085189000001,14.741069587799366,0.2960020585255649,2121.0,0.006114992718843323,0.004723586803892768,0.004704985699526054,7666.76343072573,12848.0,0.986085999528339,39025.0
