,chgavg,dt_alt,dt_avg,dt_cont,duration,eta1,ndfpr,rvp,rvx,rvxe,spot_avg,M,S1,Volume
6CU6_061516,1.0297922383379068,11.235955505000002,11.287507144000001,11.365819554000002,11.255110587546037,0.3612106327018214,2551.0,0.006921815794142332,0.005969744197727469,0.005883222836067499,7751.354231974921,15503.0,0.9806597671410091,45174.0
