,ask12qty,ask12tomid,ask1qty,ask1tomid,bid12qty,bid12tomid,bid1qty,bid1tomid,twspr1,twspr2
6CU6_063016,107.53724458726717,2.6461857333043106,23.589408030582206,1.681677423475871,114.29286743292009,2.5865553168554603,25.99207563456396,1.681677423475871,3.363354851973349,6.458303382582154
