,chgavg,dt_alt,dt_avg,dt_cont,duration,eta1,ndfpr,rvp,rvx,rvxe,spot_avg,M,S1,Volume
6CU6_062816,1.012137559002023,18.505321874,19.403461351,20.652998254,21.080578663978404,0.365896730524221,1483.0,0.0051213002123528415,0.004397165690437363,0.004381012550572824,7655.102425876011,8735.0,0.9869251060901479,29389.0
