,Li,lamb,Co,Al,u,eta
0,1.0,0.9879807692307693,169.0,241.0,0.3506224066390041,0.3464081950207469
1,2.0,0.01201923076923077,0.0,5.0,-0.5,-0.006009615384615385
