,chgavg,dt_alt,dt_avg,dt_cont,duration,eta1,ndfpr,rvp,rvx,rvxe,spot_avg,M,S1,Volume
6CU6_061016,1.0100117785630154,15.637050083,16.955396320000002,18.662807078,18.50235556183438,0.39137819222263615,1698.0,0.005329016852305063,0.004723937653084045,0.004714768821726437,7852.571512654503,11422.0,0.9877085162423178,37761.0
