,Li,lamb,Co,Al,u,eta
0,1.0,0.9903846153846154,1095.0,1479.0,0.37018255578093306,0.36662310812919335
1,2.0,0.009230769230769232,3.0,21.0,-0.3571428571428572,-0.0032967032967032976
2,3.0,0.0003846153846153846,1.0,0.0,inf,inf
