,Li,lamb,Co,Al,u,eta
0,1.0,0.9606274007682458,1289.0,1711.0,0.3766803039158387,0.361849421271265
1,2.0,0.0323303457106274,30.0,71.0,-0.07746478873239437,-0.002504463400119024
2,3.0,0.004801536491677336,5.0,10.0,-0.25,-0.001200384122919334
3,4.0,0.0016005121638924455,1.0,4.0,-1.0,-0.0016005121638924455
4,5.0,0.0003201024327784891,0.0,1.0,-2.0,-0.0006402048655569782
5,6.0,0.0003201024327784891,1.0,0.0,inf,inf
