,chgavg,dt_alt,dt_avg,dt_cont,duration,eta1,ndfpr,rvp,rvx,rvxe,spot_avg,M,S1,Volume
6CU6_070116,1.0148809523809523,18.938545714,21.414988957000002,25.194897279000003,22.977078110170872,0.3288690476190476,1344.0,0.004842470159236545,0.0039560496465787225,0.00392729433652828,7754.577695167286,6646.0,0.9864335242689177,22123.0
