,chgavg,dt_alt,dt_avg,dt_cont,duration,eta1,ndfpr,rvp,rvx,rvxe,spot_avg,M,S1,Volume
6CU6_070416,1.0120192307692308,31.010590024000003,34.60305194,40.036882067,75.17093525720718,0.3464081950207469,416.0,0.0026669507709898943,0.0022240421039721233,0.002219852282579501,7784.53237410072,2224.0,0.9865047233468286,7430.0
