,Li,lamb,Co,Al,u,eta
0,1.0,0.9918809201623816,496.0,969.0,0.25593395252837975,0.2538560043346446
1,2.0,0.008119079837618403,0.0,12.0,-0.5,-0.0040595399188092015
