,ask12qty,ask12tomid,ask1qty,ask1tomid,bid12qty,bid12tomid,bid1qty,bid1tomid,twspr1,twspr2
6CU6_062816,97.9774925212329,1.5403296509479416,21.484148574406305,0.727921438502707,96.16295912211118,1.4900710045787213,21.40639655533212,0.727921438502707,1.4558428808192418,3.539358957362627
