,Li,lamb,Co,Al,u,eta
0,1.0,0.8986848514369216,1704.0,1985.0,0.4292191435768262,0.3857327422792228
1,2.0,0.09230394544568923,85.0,294.0,-0.2108843537414966,-0.019465457883104532
2,3.0,0.008280565026790063,9.0,25.0,-0.45999999999999996,-0.0038090599123234287
3,4.0,0.00024354603019970775,0.0,1.0,-1.5,-0.00036531904529956164
4,5.0,0.0004870920603994155,2.0,0.0,inf,inf
