,Li,lamb,Co,Al,u,eta
0,1.0,0.9139150943396226,1101.0,1223.0,0.4501226492232216,0.4113738834292414
1,2.0,0.0805817610062893,43.0,162.0,-0.23456790123456783,-0.01890189455703082
2,3.0,0.005110062893081761,6.0,7.0,0.28571428571428564,0.0014600179694519314
3,4.0,0.00039308176100628933,0.0,1.0,-1.5,-0.000589622641509434
