,ask12qty,ask12tomid,ask1qty,ask1tomid,bid12qty,bid12tomid,bid1qty,bid1tomid,twspr1,twspr2
6CU6_081916,63.792750339223325,1.5460826267833876,16.025392814434426,0.7794114728070474,65.80121565399726,1.5586943037156198,16.131482646460356,0.7794114728070474,1.5588229456141294,3.5588237459082412
