,ask12qty,ask12tomid,ask1qty,ask1tomid,bid12qty,bid12tomid,bid1qty,bid1tomid,twspr1,twspr2
6CU6_091516,62.166435769195914,5.04094208753724,17.786557463558108,4.193467943143767,52.401427589701,5.115396983404303,12.99131087786753,4.193467943143767,8.386935886287594,10.924560129942368
