,chgavg,dt_alt,dt_avg,dt_cont,duration,eta1,ndfpr,rvp,rvx,rvxe,spot_avg,M,S1,Volume
6CU6_080916,0.5382666666666667,7.319696272000001,7.6762161330000005,8.198571014,6.9992101624563645,0.35272230118443315,3750.0,0.004465502734468592,0.0038038205164934356,0.003750609221502571,7618.116902159424,12902.0,0.8617285869734184,43412.0
