,Li,lamb,Co,Al,u,eta
0,1.0,0.9093198992443325,1428.0,1459.0,0.4893762851267992,0.4449995942840668
1,2.0,0.08690176322418136,70.0,206.0,-0.16019417475728148,-0.013921156244650406
2,3.0,0.003778337531486146,4.0,8.0,-0.25,-0.0009445843828715365
