,Li,lamb,Co,Al,u,eta
0,1.0,0.9258666666666666,1501.0,1970.0,0.38096446700507614,0.35272230118443315
1,2.0,0.07173333333333333,23.0,246.0,-0.4065040650406504,-0.029159891598915987
2,3.0,0.0024,2.0,7.0,-0.5714285714285714,-0.0013714285714285712
