,Li,lamb,Co,Al,u,eta
0,1.0,0.9089108910891089,909.0,1385.0,0.32815884476534296,0.29826714801444043
1,2.0,0.08831683168316831,29.0,194.0,-0.35051546391752575,-0.03095641522915178
2,3.0,0.002376237623762376,0.0,6.0,-1.0,-0.002376237623762376
3,5.0,0.00039603960396039607,1.0,0.0,inf,inf
