,ask12qty,ask12tomid,ask1qty,ask1tomid,bid12qty,bid12tomid,bid1qty,bid1tomid,twspr1,twspr2
6CU6_082216,68.91572063196949,2.2241076970347597,17.74995486112397,1.264704777255278,70.47994695330033,1.9945104953223425,19.988411213618736,1.264704777255278,2.529409554510556,5.408107904929198
