,ask12qty,ask12tomid,ask1qty,ask1tomid,bid12qty,bid12tomid,bid1qty,bid1tomid,twspr1,twspr2
6CU6_080316,68.70111618389909,1.8267425931190893,20.921360240305898,1.084940733249295,68.6413199222506,2.76918788295648,21.210468862390215,1.084940733249295,2.16988146649859,5.715001787450494
