,Li,lamb,Co,Al,u,eta
0,1.0,0.9066346442509757,1290.0,1730.0,0.37283236994219654,0.3380227430877915
1,2.0,0.08826178324827379,41.0,252.0,-0.3373015873015873,-0.029770839587711397
2,3.0,0.004803362353647553,5.0,11.0,-0.3181818181818181,-0.0015283425670696757
3,5.0,0.0003002101471029721,1.0,0.0,inf,inf
