,ask12qty,ask12tomid,ask1qty,ask1tomid,bid12qty,bid12tomid,bid1qty,bid1tomid,twspr1,twspr2
6CU6_082516,77.35490050358882,1.5184433554264425,21.112567691688202,0.758698370550084,74.57075690738765,1.5288320569955405,19.583075899532396,0.758698370550084,1.517396741100168,3.517397003746978
