,Trade Qty,Avg_Cost
0,1.0,0.2809611829944547
1,2.0,0.27705439814814814
2,3.0,0.3032407407407407
3,4.0,0.2861764705882353
4,5.0,0.28987341772151903
5,6.0,0.2900262467191601
6,7.0,0.3039083557951482
7,8.0,0.31350806451612906
8,9.0,0.31281281281281287
9,10.0,0.36603053435114496
10,11.0,0.3074675324675325
11,12.0,0.34176029962546817
12,13.0,0.3715345568137446
13,14.0,0.3920265780730896
14,15.0,0.36481481481481487
15,16.0,0.35795454545454547
16,17.0,0.3323529411764706
17,18.0,0.3409090909090909
18,19.0,0.32142857142857145
19,20.0,0.47812499999999997
20,21.0,0.3082010582010582
21,22.0,0.30194805194805197
22,23.0,0.4474637681159421
23,24.0,0.4916666666666667
24,25.0,0.45
25,26.0,0.425
26,27.0,0.4166666666666667
27,28.0,0.5
28,29.0,0.3448275862068966
29,30.0,0.39444444444444443
30,31.0,0.3125
31,32.0,0.25
32,33.0,0.5
33,34.0,0.5147058823529411
34,35.0,0.25
35,37.0,0.7094594594594594
36,38.0,0.25
37,40.0,0.6166666666666667
38,44.0,0.9204545454545454
39,50.0,0.5
40,51.0,0.375
41,52.0,0.5865384615384616
42,55.0,0.4772727272727273
43,56.0,0.25
44,59.0,0.25
45,60.0,0.5
46,61.0,0.25
47,71.0,0.7288732394366197
48,77.0,0.9545454545454546
49,87.0,1.6379310344827587
50,89.0,0.5758426966292135
51,168.0,1.2946428571428572
52,232.0,1.0366379310344827
53,268.0,1.583955223880597
