,Li,lamb,Co,Al,u,eta
0,1.0,0.9236864053377815,2083.0,2346.0,0.44394714407502134,0.4100679416706306
1,2.0,0.07402001668056714,52.0,303.0,-0.3283828382838284,-0.02430690316738096
2,3.0,0.0022935779816513763,1.0,10.0,-0.8500000000000001,-0.00194954128440367
