,chgavg,dt_alt,dt_avg,dt_cont,duration,eta1,ndfpr,rvp,rvx,rvxe,spot_avg,M,S1,Volume
6CU6_072816,0.5459905660377359,11.849077467,11.304647069000001,10.654538225000001,9.884845881231685,0.4113738834292414,2544.0,0.0037695113505243033,0.003461570472869166,0.003419152027351206,7594.033398821218,7968.0,0.8482637141419225,25189.0
