,ask12qty,ask12tomid,ask1qty,ask1tomid,bid12qty,bid12tomid,bid1qty,bid1tomid,twspr1,twspr2
6CU6_071816,99.25634297538178,3.2653936031060486,44.127313612492465,2.2528321603523067,31.821633130355522,3.7568454848182204,16.031886117707433,2.2528321603523067,4.505664320704613,9.053940295546445
