,ask12qty,ask12tomid,ask1qty,ask1tomid,bid12qty,bid12tomid,bid1qty,bid1tomid,twspr1,twspr2
6CU6_072216,67.64533042278916,1.5465392521676584,31.843854784052304,0.8840941054948769,86.90425137105636,1.5544419363338613,31.065799147704453,0.8840941054948769,1.7681882109897538,3.896271115154085
