,chgavg,dt_alt,dt_avg,dt_cont,duration,eta1,ndfpr,rvp,rvx,rvxe,spot_avg,M,S1,Volume
6CU6_071516,0.5573573573573574,8.617656432,8.643570131,8.68298993,6.632097505195044,0.37856890503949325,3330.0,0.004522369639883178,0.004067779921689818,0.003935079621537192,7727.7132993095165,10644.0,0.8773371104815864,32296.0
