,ask12qty,ask12tomid,ask1qty,ask1tomid,bid12qty,bid12tomid,bid1qty,bid1tomid,twspr1,twspr2
6CU6_082316,60.48048211997657,3.1738052846740543,15.959017534538582,2.424326686516059,59.94153741860191,3.294810708929869,15.576014687019876,2.424326686516059,4.848653373032118,7.217114653427053
