,ask12qty,ask12tomid,ask1qty,ask1tomid,bid12qty,bid12tomid,bid1qty,bid1tomid,twspr1,twspr2
6CU6_081716,64.20037354881873,3.691090459801775,17.21678425084954,2.8295197859742207,63.84490031348378,4.172847993838685,17.28577511188517,2.8295197859742207,5.659039571948441,9.40696730991118
