,Li,lamb,Co,Al,u,eta
0,1.0,0.926923076923077,1848.0,2730.0,0.3384615384615385,0.3137278106508876
1,2.0,0.07064777327935223,29.0,320.0,-0.40937500000000004,-0.028921432186234823
2,3.0,0.002226720647773279,3.0,8.0,-0.4375,-0.0009741902834008097
3,4.0,0.00020242914979757084,1.0,0.0,inf,inf
