,chgavg,dt_alt,dt_avg,dt_cont,duration,eta1,ndfpr,rvp,rvx,rvxe,spot_avg,M,S1,Volume
6CU6_071416,0.539612097304405,9.044448689000001,9.466397193,10.059398825,8.568637411915269,0.35214622404974427,3042.0,0.0039682252348551324,0.0034048025946470293,0.0033302192767650216,7748.012487676635,9157.0,0.8834792122538293,28117.0
