,Li,lamb,Co,Al,u,eta
0,1.0,0.9480649188514357,1650.0,2146.0,0.38443616029822925,0.36447043711669824
1,2.0,0.050187265917602995,37.0,164.0,-0.27439024390243905,-0.013770896135927652
2,3.0,0.0012484394506866417,0.0,5.0,-1.0,-0.0012484394506866417
3,4.0,0.0004993757802746567,1.0,1.0,0.5,0.00024968789013732833
