,Li,lamb,Co,Al,u,eta
0,1.0,0.9222746461385647,1692.0,2021.0,0.4186046511627907,0.3860684565231201
1,2.0,0.07648373479016637,30.0,278.0,-0.3920863309352518,-0.029988226950101206
2,3.0,0.0009932952570151478,2.0,2.0,0.5,0.0004966476285075739
3,6.0,0.00024832381425378696,0.0,1.0,-2.5,-0.0006208095356344674
