,chgavg,dt_alt,dt_avg,dt_cont,duration,eta1,ndfpr,rvp,rvx,rvxe,spot_avg,M,S1,Volume
6CU6_081116,0.5422143579373104,7.298827993000001,7.279865459000001,7.253996646,6.485378304821676,0.31813707768695876,3956.0,0.004592019214534493,0.0037495422546830314,0.0036629065443434033,7696.108036391205,12988.0,0.8374533582089553,41825.0
