,ask12qty,ask12tomid,ask1qty,ask1tomid,bid12qty,bid12tomid,bid1qty,bid1tomid,twspr1,twspr2
6CU6_091416,49.74893757440678,4.815051792987937,11.113497672674885,3.82994786007143,50.08363568310402,4.576262696363677,11.908713575748546,3.82994786007143,7.65989572014286,10.173807973647639
