,ask12qty,ask12tomid,ask1qty,ask1tomid,bid12qty,bid12tomid,bid1qty,bid1tomid,twspr1,twspr2
6CU6_071416,61.71104418471643,2.953887797186848,16.213437452953624,1.314798463630782,59.55617427431044,2.145192666688173,15.65030740234762,1.314798463630782,2.6295969300168487,6.589314767650914
