,ask12qty,ask12tomid,ask1qty,ask1tomid,bid12qty,bid12tomid,bid1qty,bid1tomid,twspr1,twspr2
6CU6_071516,64.33458139519915,1.5815068965496566,17.077308137076084,0.8209307033131366,68.16695219796947,1.5664369704725136,18.761467863733525,0.8209307033131366,1.6418614095615611,3.659125695927569
