,ask12qty,ask12tomid,ask1qty,ask1tomid,bid12qty,bid12tomid,bid1qty,bid1tomid,twspr1,twspr2
6CU6_081616,61.17719015708188,2.9834853101058068,16.77048010962885,2.254023484027308,63.58247584054136,3.7652284248074066,17.565663644793165,2.254023484027308,4.508046968054616,7.293685785640439
