,ask12qty,ask12tomid,ask1qty,ask1tomid,bid12qty,bid12tomid,bid1qty,bid1tomid,twspr1,twspr2
6CU6_072116,68.87782287862811,3.2113675661444145,20.87888485173415,2.3266831933354557,59.355713294597265,3.6022102611392848,9.525345009457169,2.3266831933354557,4.653366386670911,7.586003824086494
