,ask12qty,ask12tomid,ask1qty,ask1tomid,bid12qty,bid12tomid,bid1qty,bid1tomid,twspr1,twspr2
6CU6_081016,80.40649627015762,4.139541756346639,21.294242319741777,2.4677169499857556,71.53427587068359,3.5234724102865704,20.627126625697617,2.4677169499857556,4.935433899971511,8.578398593648098
