,ask12qty,ask12tomid,ask1qty,ask1tomid,bid12qty,bid12tomid,bid1qty,bid1tomid,twspr1,twspr2
6CU6_071916,61.37506991071223,2.516380571211092,17.239068187106394,1.696258072776103,58.84095927627487,2.6614089178150584,16.852891395472003,1.696258072776103,3.392516145552206,6.263126838980145
