,chgavg,dt_alt,dt_avg,dt_cont,duration,eta1,ndfpr,rvp,rvx,rvxe,spot_avg,M,S1,Volume
6CU6_080316,0.5461180452718426,6.1517826300000005,6.0855715870000004,5.997325168000001,5.34163061668731,0.3724114177350541,4727.0,0.005096157331196814,0.0044666132150292135,0.004398142727615402,7641.220917935702,13094.0,0.8108667330829948,37393.0
