,chgavg,dt_alt,dt_avg,dt_cont,duration,eta1,ndfpr,rvp,rvx,rvxe,spot_avg,M,S1,Volume
6CU6_091516,0.5476530855372885,6.540861413,6.861300890000001,7.261234020000001,5.673348898737093,0.4013840660338227,4197.0,0.004976468560043106,0.004543706368557521,0.004458782896310134,7592.79192472606,14043.0,0.936965811965812,37349.0
