,ask12qty,ask12tomid,ask1qty,ask1tomid,bid12qty,bid12tomid,bid1qty,bid1tomid,twspr1,twspr2
6CU6_082916,65.6965919118344,2.916866739737205,17.188382737505883,2.161202684985697,66.28037082172857,2.9612945185101864,16.873327691910458,2.161202684985697,4.322405369971394,6.414456667989143
