,Trade Qty,Avg_Cost
0,1.0,0.2638907711071961
1,2.0,0.2648470839260313
2,3.0,0.291843370087645
3,4.0,0.2692307692307692
4,5.0,0.2781326781326781
5,6.0,0.2721518987341772
6,7.0,0.2776942355889725
7,8.0,0.27107988165680474
8,9.0,0.2820686540198735
9,10.0,0.3344017094017093
10,11.0,0.2910958904109589
11,12.0,0.30662393162393164
12,13.0,0.3317576278470133
13,14.0,0.2901785714285714
14,15.0,0.3148809523809524
15,16.0,0.28125
16,17.0,0.3333333333333333
17,18.0,0.2916666666666667
18,19.0,0.33805668016194335
19,20.0,0.33999999999999997
20,21.0,0.2916666666666667
21,22.0,0.3409090909090909
22,23.0,0.391304347826087
23,24.0,0.25
24,25.0,0.25
25,26.0,0.3918269230769231
26,27.0,0.375
27,28.0,0.25
28,29.0,0.39870689655172414
29,30.0,0.5
30,31.0,0.3064516129032258
31,32.0,0.25
32,33.0,0.5
33,35.0,0.7571428571428571
34,37.0,0.4527027027027027
35,38.0,0.5175438596491228
36,42.0,0.5952380952380952
37,43.0,0.375
38,45.0,0.6888888888888889
39,47.0,0.25
40,50.0,0.62
41,57.0,0.25
42,64.0,0.59375
43,65.0,0.7807692307692308
44,73.0,0.6404109589041096
45,83.0,0.6536144578313253
46,129.0,0.25
47,131.0,1.099236641221374
48,500.0,2.825
