,Li,lamb,Co,Al,u,eta
0,1.0,0.9109371694520838,1937.0,2369.0,0.4088222878851836,0.3724114177350541
1,2.0,0.08588957055214724,58.0,347.0,-0.3328530259365994,-0.028588603454677248
2,3.0,0.0031732599957689867,2.0,13.0,-0.7692307692307692,-0.002440969227514605
