,chgavg,dt_alt,dt_avg,dt_cont,duration,eta1,ndfpr,rvp,rvx,rvxe,spot_avg,M,S1,Volume
6CU6_071816,0.5472292191435768,8.7037276,9.064245177,9.466526864,7.902791841627339,0.4449995942840668,3176.0,0.004155684209499458,0.003949465068012374,0.003920462855134577,7703.883380547686,9214.0,0.8463973799126637,30289.0
