,ask12qty,ask12tomid,ask1qty,ask1tomid,bid12qty,bid12tomid,bid1qty,bid1tomid,twspr1,twspr2
6CU6_080416,78.50447800848828,3.5686314782427737,24.556201555370702,2.7989727268674605,77.7250092144557,3.643629169407065,24.938754950757858,2.7989727268674605,5.597945453734921,8.203892699618873
