,Li,lamb,Co,Al,u,eta
0,1.0,0.9232241599319438,1845.0,2495.0,0.3697394789579158,0.34135241985459647
1,2.0,0.06911952360697575,49.0,276.0,-0.322463768115942,-0.022288542032684208
2,3.0,0.005954912803062527,1.0,27.0,-0.9444444444444446,-0.005624084314003499
3,4.0,0.0010633772862611655,1.0,4.0,-1.0,-0.0010633772862611655
4,5.0,0.0004253509145044662,1.0,1.0,0.5,0.0002126754572522331
5,7.0,0.0002126754572522331,1.0,0.0,inf,inf
