,chgavg,dt_alt,dt_avg,dt_cont,duration,eta1,ndfpr,rvp,rvx,rvxe,spot_avg,M,S1,Volume
6CU6_072716,0.603225806451613,5.6339049,5.629412623,5.626311902,2.903885493448722,0.3968434595966811,5115.0,0.006973466272508653,0.006541739566229571,0.006212598909699122,7573.629593432369,13634.0,0.7448647849859613,42761.0
