,ask12qty,ask12tomid,ask1qty,ask1tomid,bid12qty,bid12tomid,bid1qty,bid1tomid,twspr1,twspr2
6CU6_083116,68.97804541996216,2.087664561075167,17.88197230059883,1.331744429576272,66.3821183210985,2.1423566901172713,18.197043550997886,1.331744429576272,2.663488859152544,4.989076361858185
