,ask12qty,ask12tomid,ask1qty,ask1tomid,bid12qty,bid12tomid,bid1qty,bid1tomid,twspr1,twspr2
6CU6_082416,62.353062535246075,1.9406484434563454,15.803385125206455,1.0367319163405033,64.3436303514473,3.1489044457221826,16.84377983067064,1.0367319163405033,2.0734638326810066,5.996628464782609
