,ask12qty,ask12tomid,ask1qty,ask1tomid,bid12qty,bid12tomid,bid1qty,bid1tomid,twspr1,twspr2
6CU6_071216,60.570931630130005,3.1138611939484173,16.995152745042923,1.374212326173587,60.188841010928925,2.6143788984146066,16.342511121685696,1.374212326173587,2.748424655913986,6.6700738357637945
