,chgavg,dt_alt,dt_avg,dt_cont,duration,eta1,ndfpr,rvp,rvx,rvxe,spot_avg,M,S1,Volume
6CU6_072016,0.5599078341013825,9.642970468000001,9.476649194,9.263124241,7.7550073514708755,0.37421210044407865,3038.0,0.004219413086351687,0.0037372078940273853,0.0036502781317746622,7659.481243830207,8890.0,0.8308665687492939,29199.0
