,Li,lamb,Co,Al,u,eta
0,1.0,0.9467956469165659,2053.0,2644.0,0.3882375189107413,0.3675815928743778
1,2.0,0.05098750503829101,40.0,213.0,-0.312206572769953,-0.01591863420209555
2,3.0,0.0022168480451430876,1.0,10.0,-0.8500000000000001,-0.0018843208383716246
