,Li,lamb,Co,Al,u,eta
0,1.0,0.884652393553043,3297.0,4057.0,0.40633473009613014,0.3594649915632712
1,2.0,0.10271830647101275,187.0,667.0,-0.21964017991004492,-0.022561067313348372
2,3.0,0.009862881885975464,17.0,65.0,-0.6076923076923078,-0.00599359745378509
3,4.0,0.0016839066634592255,2.0,12.0,-1.1666666666666667,-0.001964557774035763
4,5.0,0.001082511426509502,1.0,8.0,-1.6875,-0.0018267380322347846
