,Li,lamb,Co,Al,u,eta
0,1.0,0.9250836120401338,1305.0,1461.0,0.446611909650924,0.41315335856001867
1,2.0,0.07290969899665552,40.0,177.0,-0.2740112994350282,-0.01997808136349035
2,3.0,0.002006688963210702,1.0,5.0,-0.7000000000000002,-0.0014046822742474919
