,ask12qty,ask12tomid,ask1qty,ask1tomid,bid12qty,bid12tomid,bid1qty,bid1tomid,twspr1,twspr2
6CU6_090916,66.08458335162808,1.4616027121860666,15.638706773175842,0.6752391721134114,63.54665235314085,1.4738478048418489,14.490359573482769,0.6752391721134114,1.350478344226823,3.3506644301231456
