,Li,lamb,Co,Al,u,eta
0,1.0,0.9211989364273628,1734.0,2076.0,0.41763005780346824,0.384720365068653
1,2.0,0.07662557408750302,77.0,240.0,-0.1791666666666667,-0.013728748690677627
2,3.0,0.001692047377326565,1.0,6.0,-0.75,-0.0012690355329949238
3,5.0,0.00024172105390379503,1.0,0.0,inf,inf
4,8.0,0.00024172105390379503,1.0,0.0,inf,inf
