,chgavg,dt_alt,dt_avg,dt_cont,duration,eta1,ndfpr,rvp,rvx,rvxe,spot_avg,M,S1,Volume
6CU6_080816,0.5387096774193548,10.038230516,10.320162292000001,10.818471057,9.413189935144112,0.2940699574130659,2790.0,0.003858526042525072,0.003030291329725809,0.0029591144514904697,7602.43407380867,9369.0,0.8458149779735683,32421.0
