,Li,lamb,Co,Al,u,eta
0,1.0,0.907967032967033,324.0,336.0,0.48214285714285715,0.43776981946624804
1,2.0,0.08379120879120878,19.0,42.0,-0.04761904761904767,-0.003990057561486137
2,3.0,0.008241758241758242,1.0,5.0,-0.7000000000000002,-0.00576923076923077
