,ask12qty,ask12tomid,ask1qty,ask1tomid,bid12qty,bid12tomid,bid1qty,bid1tomid,twspr1,twspr2
6CU6_071116,54.91508124141357,3.1435956062468264,14.87338364033532,2.085805478407677,62.67361162235435,2.9596397893636026,13.708542497462282,2.085805478407677,4.171610960570047,6.70307953314089
