,chgavg,dt_alt,dt_avg,dt_cont,duration,eta1,ndfpr,rvp,rvx,rvxe,spot_avg,M,S1,Volume
6CU6_090816,0.5435984687367078,5.889324052,6.120408832000001,6.464556537,5.3363565905395305,0.34135241985459647,4702.0,0.005028810533494272,0.004259114862425236,0.004155102715485655,7747.379226025941,15420.0,0.8676871189518744,42344.0
