,Trade Qty,Avg_Cost
0,1.0,0.2959985315712188
1,2.0,0.28376651043885814
2,3.0,0.2958047945205479
3,4.0,0.28775430359937404
4,5.0,0.2921615201900237
5,6.0,0.2995742092457421
6,7.0,0.3304213771839671
7,8.0,0.32414596273291924
8,9.0,0.3189571150097466
9,10.0,0.412655601659751
10,11.0,0.3744911804613297
11,12.0,0.385752688172043
12,13.0,0.4007364975450081
13,14.0,0.34059233449477355
14,15.0,0.36236559139784946
15,16.0,0.4228515625
16,17.0,0.39264705882352946
17,18.0,0.3611111111111111
18,19.0,0.3456140350877193
19,20.0,0.37763157894736843
20,21.0,0.3
21,22.0,0.3333333333333333
22,23.0,0.375
23,24.0,0.39166666666666666
24,25.0,0.487
25,26.0,0.4423076923076923
26,27.0,0.25
27,28.0,0.3333333333333333
28,29.0,0.375
29,30.0,0.8666666666666667
30,31.0,0.25
31,32.0,0.375
32,33.0,0.25
33,35.0,0.6214285714285714
34,36.0,0.5
35,37.0,0.5
36,38.0,0.35964912280701755
37,39.0,0.375
38,41.0,0.25
39,42.0,0.3333333333333333
40,44.0,0.7613636363636364
41,45.0,0.8222222222222222
42,47.0,0.601063829787234
43,50.0,0.375
44,55.0,0.6704545454545454
45,57.0,0.5964912280701754
46,61.0,0.25
47,69.0,0.8695652173913043
48,76.0,0.8881578947368421
