,chgavg,dt_alt,dt_avg,dt_cont,duration,eta1,ndfpr,rvp,rvx,rvxe,spot_avg,M,S1,Volume
6CU6_081616,0.5538653366583541,7.29298625,7.181985697000001,7.030693911,6.042628985407416,0.3570287659028811,4010.0,0.0047072719602448635,0.004073416884573092,0.003977735418426351,7777.862378459237,12579.0,0.8090444231383829,34479.0
