,chgavg,dt_alt,dt_avg,dt_cont,duration,eta1,ndfpr,rvp,rvx,rvxe,spot_avg,M,S1,Volume
6CU6_083116,0.5286786060019361,6.646259554,6.969524798,7.534536394000001,6.66237924167459,0.29307006709617117,4132.0,0.004576087651771362,0.003572092100766802,0.0035034430656535093,7619.623276070651,16645.0,0.907119255031541,44145.0
