,Trade Qty,Avg_Cost
0,1.0,0.28555211558307536
1,2.0,0.27495621716287216
2,3.0,0.2953972257250945
3,4.0,0.2938348416289593
4,5.0,0.2846264367816092
5,6.0,0.2809076682316119
6,7.0,0.2926716141001855
7,8.0,0.2801258992805755
8,9.0,0.29661835748792276
9,10.0,0.36951219512195127
10,11.0,0.29485645933014354
11,12.0,0.34647147147147145
12,13.0,0.36324786324786323
13,14.0,0.30545112781954886
14,15.0,0.38366666666666666
15,16.0,0.3565340909090909
16,17.0,0.32894736842105265
17,18.0,0.4097222222222222
18,19.0,0.3736842105263158
19,20.0,0.38571428571428573
20,21.0,0.25
21,22.0,0.31313131313131315
22,23.0,0.30124223602484473
23,24.0,0.45833333333333337
24,25.0,0.3611111111111111
25,26.0,0.5104895104895104
26,27.0,0.25
27,28.0,0.2916666666666667
28,29.0,0.3333333333333333
29,30.0,0.5
30,32.0,0.25
31,33.0,0.5
32,34.0,0.5
33,35.0,0.25
34,36.0,0.25
35,37.0,0.375
36,38.0,0.4276315789473684
37,41.0,0.5
38,43.0,0.5
39,45.0,0.5
40,47.0,0.25
41,48.0,0.6354166666666666
42,52.0,0.25
43,60.0,0.6666666666666666
44,86.0,0.8488372093023255
45,113.0,0.9247787610619469
46,355.0,1.869718309859155
