,ask12qty,ask12tomid,ask1qty,ask1tomid,bid12qty,bid12tomid,bid1qty,bid1tomid,twspr1,twspr2
6CU6_072516,61.492622622815155,2.385743116595213,17.272346354421593,1.5994819058454728,62.20204360734925,2.520300354531773,17.29352975058103,1.5994819058454728,3.1989638116909456,5.884109952281861
