,ask12qty,ask12tomid,ask1qty,ask1tomid,bid12qty,bid12tomid,bid1qty,bid1tomid,twspr1,twspr2
6CU6_080816,83.3210378512418,3.3968098227806394,25.589114606972867,2.607111188590561,84.32643192613816,3.2688125737659663,28.850409319757762,2.607111188590561,5.214222377181122,7.7641210571623125
