,Li,lamb,Co,Al,u,eta
0,1.0,0.9278382581648522,1285.0,1697.0,0.37860931054802593,0.351288203223876
1,2.0,0.06967340590979783,16.0,208.0,-0.42307692307692313,-0.029477210192606778
2,3.0,0.002488335925349922,2.0,6.0,-0.5,-0.001244167962674961
