,chgavg,dt_alt,dt_avg,dt_cont,duration,eta1,ndfpr,rvp,rvx,rvxe,spot_avg,M,S1,Volume
6CU6_082516,0.5298542548189938,12.845824531000002,13.495079087,14.562537147,12.86738993331935,0.3105725192028072,2127.0,0.003243908114236309,0.0026049847540216024,0.002556613361364877,7734.4375,8153.0,0.9127821393523062,21329.0
