,chgavg,dt_alt,dt_avg,dt_cont,duration,eta1,ndfpr,rvp,rvx,rvxe,spot_avg,M,S1,Volume
6CU6_081016,0.5398559721877328,6.863904247000001,7.151231774,7.538776301,6.456679284225744,0.3860684565231201,4027.0,0.004618695514397021,0.004101684416550312,0.004058508781488594,7668.643867924528,13787.0,0.8434288213426635,44398.0
