,chgavg,dt_alt,dt_avg,dt_cont,duration,eta1,ndfpr,rvp,rvx,rvxe,spot_avg,M,S1,Volume
6CU6_090916,0.5270911360799001,6.801685717000001,7.190706807000001,7.728711341,6.925770441876253,0.36447043711669824,4005.0,0.004455616940649814,0.0038520449730271786,0.003804118160230436,7675.392910634049,14941.0,0.9035475234270415,44426.0
