,Li,lamb,Co,Al,u,eta
0,1.0,0.9394027254276602,1465.0,1774.0,0.4129086809470124,0.3878875402343636
1,2.0,0.05711800521890403,47.0,150.0,-0.18666666666666665,-0.010662027640862085
2,3.0,0.002029573789504204,4.0,3.0,0.9999999999999999,0.0020295737895042036
3,4.0,0.0011597564511452595,3.0,1.0,4.5,0.005218904030153668
4,5.0,0.00028993911278631486,1.0,0.0,inf,inf
