,Trade Qty,Avg_Cost
0,1.0,0.2819553721140204
1,2.0,0.29253835425383545
2,3.0,0.3097188097188097
3,4.0,0.30162241887905605
4,5.0,0.3176635514018691
5,6.0,0.3291666666666667
6,7.0,0.33598901098901096
7,8.0,0.3108836206896552
8,9.0,0.3257113821138211
9,10.0,0.39760191846522785
10,11.0,0.3315892740353172
11,12.0,0.3715034965034965
12,13.0,0.42128801431127016
13,14.0,0.39424860853432275
14,15.0,0.3742009132420091
15,16.0,0.39107142857142857
16,17.0,0.39037433155080214
17,18.0,0.35978835978835977
18,19.0,0.3940789473684211
19,20.0,0.439
20,21.0,0.35
21,22.0,0.44545454545454544
22,23.0,0.3869565217391304
23,24.0,0.3553921568627451
24,25.0,0.4811111111111111
25,26.0,0.4012820512820513
26,27.0,0.37037037037037035
27,28.0,0.40178571428571425
28,29.0,0.25
29,30.0,0.375
30,31.0,0.5
31,32.0,0.3125
32,33.0,0.4318181818181818
33,34.0,0.6029411764705883
34,35.0,0.4442857142857143
35,36.0,0.5208333333333334
36,37.0,0.3896396396396396
37,38.0,0.6842105263157895
38,39.0,0.25
39,41.0,0.9603658536585366
40,42.0,0.45634920634920634
41,43.0,0.5
42,44.0,0.25
43,46.0,0.5
44,48.0,0.9375
45,49.0,0.4744897959183674
46,50.0,0.6575
47,52.0,0.25
48,53.0,0.5872641509433962
49,56.0,0.5982142857142857
50,57.0,0.6447368421052632
51,58.0,0.5991379310344828
52,60.0,0.5833333333333334
53,62.0,0.7661290322580645
54,64.0,0.7890625
55,66.0,0.25
56,87.0,0.9885057471264368
57,93.0,0.25
58,102.0,1.1666666666666667
59,109.0,0.25
60,129.0,1.065891472868217
61,131.0,1.2423664122137406
62,150.0,1.48
63,179.0,1.4329608938547487
64,219.0,1.2488584474885844
65,278.0,1.54136690647482
