,ask12qty,ask12tomid,ask1qty,ask1tomid,bid12qty,bid12tomid,bid1qty,bid1tomid,twspr1,twspr2
6CU6_072616,69.24472273793842,2.7973334962249523,18.219322909167857,1.8056362438153426,65.67129938985856,2.5501336852321357,18.362675612489152,1.8056362438153426,3.611272487630747,6.279779325120371
