,ask12qty,ask12tomid,ask1qty,ask1tomid,bid12qty,bid12tomid,bid1qty,bid1tomid,twspr1,twspr2
6CU6_071116,54.91508124141357,1.5717978004159445,14.87338364033532,1.042902736471672,62.67361162235435,1.4798198919735568,13.708542497462282,1.042902736471672,2.085805478407677,3.3515397646952363
