,chgavg,dt_alt,dt_avg,dt_cont,duration,eta1,ndfpr,rvp,rvx,rvxe,spot_avg,M,S1,Volume
6CU6_071116,0.5413343002175489,6.5957447170000005,6.958783219000001,7.426622278000001,6.193958102212633,0.384720365068653,4137.0,0.00474113294288222,0.0042316786522286235,0.004158816124715509,7627.395118414693,15151.0,0.9097609561752988,43816.0
