,chgavg,dt_alt,dt_avg,dt_cont,duration,eta1,ndfpr,rvp,rvx,rvxe,spot_avg,M,S1,Volume
6CU6_071216,0.5329080893012468,8.420397729000001,8.349724294000001,8.263706889,7.75097550562638,0.3878875402343636,3449.0,0.004209053107967802,0.003762911919727643,0.003707253791657321,7680.330724637681,11509.0,0.9080590238365494,35477.0
