,chgavg,dt_alt,dt_avg,dt_cont,duration,eta1,ndfpr,rvp,rvx,rvxe,spot_avg,M,S1,Volume
6CU6_090516,0.5501373626373627,21.022459679,19.776147307000002,18.39644435,33.78482658906107,0.43776981946624804,728.0,0.0020015723133911113,0.001891627938596893,0.0018728767207179596,7735.891632373114,2345.0,0.8659837814767393,7201.0
