,ask12qty,ask12tomid,ask1qty,ask1tomid,bid12qty,bid12tomid,bid1qty,bid1tomid,twspr1,twspr2
6CZ6_20161206,59.815017340323955,1.9730691647911107,13.839148429549702,1.0066321229591526,59.59908262585016,1.8071996160338137,13.454806277266716,1.0066321229591526,2.013264245918336,4.519378921877273
