,Trade Qty,Avg_Cost
0,1.0,0.27280529671407555
1,2.0,0.2675883507853403
2,3.0,0.291118800461361
3,4.0,0.28726415094339625
4,5.0,0.28173828125
5,6.0,0.2848932676518883
6,7.0,0.2924056755885198
7,8.0,0.28306159420289856
8,9.0,0.28939636752136755
9,10.0,0.3491031390134529
10,11.0,0.30406891495601174
11,12.0,0.3322717622080679
12,13.0,0.32996351474612345
13,14.0,0.31893687707641194
14,15.0,0.33974358974358976
15,16.0,0.3308189655172414
16,17.0,0.35990712074303405
17,18.0,0.28362573099415206
18,19.0,0.37693498452012386
19,20.0,0.3607142857142857
20,21.0,0.3584656084656085
21,22.0,0.3
22,23.0,0.3181818181818182
23,24.0,0.3385416666666667
24,25.0,0.5114285714285713
25,26.0,0.4395604395604396
26,27.0,0.25
27,28.0,0.25
28,29.0,0.40301724137931033
29,30.0,0.3833333333333333
30,31.0,0.4166666666666667
31,32.0,0.2857142857142857
32,33.0,0.553030303030303
33,34.0,0.25
34,35.0,0.25
35,36.0,0.625
36,38.0,0.25
37,39.0,0.3125
38,40.0,0.7
39,44.0,0.4431818181818182
40,45.0,0.25
41,47.0,0.25
42,49.0,0.25
43,50.0,0.67
44,52.0,0.25
45,53.0,0.6839622641509434
46,54.0,1.037037037037037
47,56.0,0.25
48,70.0,0.7857142857142857
49,143.0,1.2325174825174825
50,167.0,1.0748502994011977
51,169.0,1.0576923076923077
52,262.0,1.5629770992366412
