,chgavg,dt_alt,dt_avg,dt_cont,duration,eta1,ndfpr,rvp,rvx,rvxe,spot_avg,M,S1,Volume
6CZ6_20161125,0.5163083765752409,11.485680556,11.340224556,11.16824006,21.787359946909795,0.38223747677122577,1349.0,0.0026040170056277692,0.002291478211688552,0.0022768029565076106,7404.511111111111,6201.0,0.9666129032258064,17211.0
