,Trade Qty,Avg_Cost
0,1.0,0.25747986191024164
1,2.0,0.2565134099616858
2,3.0,0.2655412647374062
3,4.0,0.2659335727109515
4,5.0,0.2656357388316152
5,6.0,0.2657407407407407
6,7.0,0.2724489795918367
7,8.0,0.2676282051282051
8,9.0,0.26572327044025157
9,10.0,0.3059782608695652
10,11.0,0.27438016528925624
11,12.0,0.2810846560846561
12,13.0,0.27609890109890106
13,14.0,0.28281853281853286
14,15.0,0.27307692307692305
15,16.0,0.29086538461538464
16,17.0,0.2867647058823529
17,18.0,0.25
18,19.0,0.25
19,20.0,0.375
20,21.0,0.3288690476190476
21,22.0,0.38961038961038963
22,23.0,0.25
23,24.0,0.3
24,25.0,0.41000000000000003
25,26.0,0.5269230769230769
26,27.0,0.3333333333333333
27,28.0,0.375
28,30.0,0.25
29,32.0,0.265625
30,34.0,0.25
31,35.0,0.5928571428571429
32,36.0,0.4097222222222222
33,37.0,0.25
34,40.0,0.5
35,41.0,0.5365853658536585
36,42.0,0.5
37,45.0,0.5972222222222222
38,46.0,0.3586956521739131
39,47.0,0.5
40,50.0,0.81
