,ask12qty,ask12tomid,ask1qty,ask1tomid,bid12qty,bid12tomid,bid1qty,bid1tomid,twspr1,twspr2
6CZ6_20161207,66.44092644917572,1.4463357477673255,14.554006717691529,0.6452006878361357,66.7896932070176,1.4484712857117197,14.278287669673288,0.6452006878361357,1.2904013756722714,3.2904512505447117
