,chgavg,dt_alt,dt_avg,dt_cont,duration,eta1,ndfpr,rvp,rvx,rvxe,spot_avg,M,S1,Volume
6CZ6_20161006,0.5143987341772152,9.262039234000001,9.111532511,8.936305409000001,9.41048381583631,0.4223493948073547,3160.0,0.0038767389425296093,0.00357408671133943,0.0035630137043868013,7567.805757671623,14233.0,0.9600140548137737,40384.0
