,ask12qty,ask12tomid,ask1qty,ask1tomid,bid12qty,bid12tomid,bid1qty,bid1tomid,twspr1,twspr2
6CZ6_20161118,62.321617613254595,1.4328472446063163,14.560723327703116,0.6424884908951883,63.41329374183531,1.4292793317678343,14.647934473821339,0.6424884908951883,1.2849769817903767,3.28576637494141
