,Li,lamb,Co,Al,u,eta
0,1.0,0.9696606786427145,1092.0,1336.0,0.4086826347305389,0.396283480942307
1,2.0,0.029141716566866267,19.0,54.0,-0.14814814814814814,-0.004317291343239446
2,3.0,0.0011976047904191617,1.0,2.0,-0.25,-0.0002994011976047904
