,ask12qty,ask12tomid,ask1qty,ask1tomid,bid12qty,bid12tomid,bid1qty,bid1tomid,twspr1,twspr2
6CZ6_20161010,55.87433923284926,2.375462214944395,12.282466483427008,1.5936882134317816,55.494386423106064,2.374575067006406,12.97826532702491,1.5936882134317816,3.1873764268635942,5.233555825304101
