,chgavg,dt_alt,dt_avg,dt_cont,duration,eta1,ndfpr,rvp,rvx,rvxe,spot_avg,M,S1,Volume
6CZ6_20161201,0.5144944076694818,5.887840486,6.572977742000001,7.594562598,6.7779569230594765,0.3341537828742929,4381.0,0.004612629077563253,0.0038147435426611146,0.0037708279828695484,7494.5329758101325,18857.0,0.9533835383962664,55624.0
