,Trade Qty,Avg_Cost
0,1.0,0.25795454545454544
1,2.0,0.2577300836667879
2,3.0,0.2682366000634317
3,4.0,0.26292492917847027
4,5.0,0.26503957783641163
5,6.0,0.275977366255144
6,7.0,0.2715159458278725
7,8.0,0.27469512195121953
8,9.0,0.27075530586766544
9,10.0,0.31999999999999995
10,11.0,0.28700724054706356
11,12.0,0.3087248322147651
12,13.0,0.3013911620294599
13,14.0,0.28174603174603174
14,15.0,0.2864864864864865
15,16.0,0.3115530303030303
16,17.0,0.32225063938618925
17,18.0,0.2795138888888889
18,19.0,0.3145933014354067
19,20.0,0.2921052631578947
20,21.0,0.31216931216931215
21,22.0,0.3068181818181818
22,23.0,0.40062111801242234
23,24.0,0.2767857142857143
24,25.0,0.4913333333333334
25,26.0,0.40865384615384615
26,27.0,0.25
27,28.0,0.36904761904761907
28,29.0,0.3275862068965517
29,30.0,0.25
30,31.0,0.3125
31,32.0,0.2777777777777778
32,33.0,0.25
33,34.0,0.5294117647058824
34,36.0,0.25
35,38.0,0.4166666666666667
36,39.0,0.5576923076923077
37,43.0,0.25
38,44.0,1.0
39,46.0,0.5
40,48.0,0.4270833333333333
41,50.0,0.6666666666666666
42,52.0,0.7379807692307693
43,58.0,0.5
44,60.0,0.25
45,65.0,0.7730769230769231
46,67.0,1.1380597014925373
47,69.0,1.0253623188405796
48,74.0,0.25
49,77.0,0.6396103896103896
50,97.0,0.8195876288659794
51,107.0,1.078271028037383
52,150.0,0.9066666666666666
53,164.0,1.2195121951219512
54,165.0,1.2287878787878788
55,329.0,1.8563829787234043
