,Li,lamb,Co,Al,u,eta
0,1.0,0.9625,1629.0,2066.0,0.39424007744433687,0.37945607454017427
1,2.0,0.03463541666666667,34.0,99.0,-0.15656565656565657,-0.005422716750841752
2,3.0,0.002864583333333333,5.0,6.0,0.25000000000000006,0.0007161458333333334
