,Li,lamb,Co,Al,u,eta
0,1.0,0.9530032671525509,1700.0,2091.0,0.4065040650406504,0.3873997020945329
1,2.0,0.03669263634078914,32.0,114.0,-0.2192982456140351,-0.008046630776488848
2,3.0,0.0062829856747926615,4.0,21.0,-0.7142857142857144,-0.004487846910566188
3,4.0,0.0025131942699170647,2.0,8.0,-1.0,-0.0025131942699170647
4,5.0,0.00025131942699170643,0.0,1.0,-2.0,-0.0005026388539834129
5,6.0,0.00025131942699170643,1.0,0.0,inf,inf
6,12.0,0.0005026388539834129,0.0,2.0,-5.5,-0.002764513696908771
7,14.0,0.00025131942699170643,0.0,1.0,-6.5,-0.0016335762754460918
8,18.0,0.00025131942699170643,0.0,1.0,-8.5,-0.0021362151294295048
