,Trade Qty,Avg_Cost
0,1.0,0.2581707959936742
1,2.0,0.2556179775280899
2,3.0,0.25957109959700636
3,4.0,0.25951248513674197
4,5.0,0.2609574468085107
5,6.0,0.2645051194539249
6,7.0,0.2819283190307926
7,8.0,0.2595029239766082
8,9.0,0.27311939268461005
9,10.0,0.3016826923076923
10,11.0,0.2740511915269197
11,12.0,0.2873931623931624
12,13.0,0.28218623481781374
13,14.0,0.29945054945054944
14,15.0,0.2743827160493827
15,16.0,0.2767857142857143
16,17.0,0.27886710239651413
17,18.0,0.25
18,19.0,0.2777777777777778
19,20.0,0.3390625
20,21.0,0.25
21,22.0,0.2777777777777778
22,23.0,0.34782608695652173
23,24.0,0.34375
24,25.0,0.25
25,26.0,0.3125
26,27.0,0.3125
27,28.0,0.3125
28,29.0,0.25
29,30.0,0.7166666666666667
30,31.0,0.4055299539170507
31,32.0,0.25
32,34.0,0.25
33,35.0,0.25
34,37.0,0.25
35,38.0,0.5
36,39.0,0.40384615384615385
37,40.0,0.5125
38,43.0,0.6686046511627907
39,44.0,0.4715909090909091
40,46.0,0.25
41,47.0,0.4627659574468085
42,48.0,0.734375
43,50.0,0.25
44,52.0,0.5961538461538461
45,53.0,0.25
46,54.0,0.6203703703703703
47,73.0,0.6267123287671232
48,77.0,0.5422077922077922
49,80.0,0.9
50,81.0,0.6820987654320987
51,82.0,0.9390243902439024
52,87.0,0.6293103448275862
53,93.0,0.7983870967741935
54,101.0,0.25
55,112.0,0.25
56,131.0,0.25
57,164.0,0.9786585365853658
58,175.0,1.21
