,ask12qty,ask12tomid,ask1qty,ask1tomid,bid12qty,bid12tomid,bid1qty,bid1tomid,twspr1,twspr2
6CZ6_20161108,46.510452052746615,2.522868790396492,14.629757843656511,1.813261466181821,46.59548225202995,2.5962850108423927,13.248572004255788,1.813261466181821,3.626522932363642,6.423854837950274
