,chgavg,dt_alt,dt_avg,dt_cont,duration,eta1,ndfpr,rvp,rvx,rvxe,spot_avg,M,S1,Volume
6CZ6_20160923,0.5238890315951709,7.098391475000001,7.397521571,7.80395423,7.253067433466852,0.3708301910967593,3893.0,0.004393212474407933,0.0038240313969074586,0.003783421682323552,7606.755264509502,14588.0,0.9343115743280307,41120.0
