,ask12qty,ask12tomid,ask1qty,ask1tomid,bid12qty,bid12tomid,bid1qty,bid1tomid,twspr1,twspr2
6CZ6_20161004,50.83111850432611,3.3581930190352924,12.31747823643418,2.1291074142117763,50.08127092725769,2.956411419705746,11.820122006296113,2.1291074142117763,4.2582148284236165,7.037937832924871
