,chgavg,dt_alt,dt_avg,dt_cont,duration,eta1,ndfpr,rvp,rvx,rvxe,spot_avg,M,S1,Volume
6CZ6_20161027,0.5129783693843594,9.429709817,9.579924938000001,9.799443926,9.929673674536014,0.3523348151673744,3005.0,0.00382110099304235,0.003238146102023591,0.0032076080430250204,7474.5750166334,16883.0,0.9689591848824122,40835.0
