,ask12qty,ask12tomid,ask1qty,ask1tomid,bid12qty,bid12tomid,bid1qty,bid1tomid,twspr1,twspr2
6CZ6_20161003,60.40095824749142,4.331155521730232,14.729766288238373,2.1387821313724706,64.18695736603627,2.993876548473387,15.578842080841184,2.1387821313724706,4.277564262744972,8.250086724467616
