,chgavg,dt_alt,dt_avg,dt_cont,duration,eta1,ndfpr,rvp,rvx,rvxe,spot_avg,M,S1,Volume
6CZ6_20161202,0.5205148833467418,11.786188087000001,11.574782421,11.305682329000001,11.530227598394388,0.39432144208480735,2486.0,0.0035216216568862337,0.003152667330866754,0.003127396102101432,7526.288701246482,10182.0,0.9601257120408564,30119.0
