,ask12qty,ask12tomid,ask1qty,ask1tomid,bid12qty,bid12tomid,bid1qty,bid1tomid,twspr1,twspr2
6CZ6_20160921,47.27330581540697,2.4153272723377324,12.009215646537015,1.4978082065196,45.957544488410704,2.2226700152478904,12.074295635218286,1.4978082065196,2.9956164130392624,5.36666934815833
