,chgavg,dt_alt,dt_avg,dt_cont,duration,eta1,ndfpr,rvp,rvx,rvxe,spot_avg,M,S1,Volume
6CZ6_20160926,0.5242481712273097,7.6603554250000006,7.802407471,7.997907240000001,7.6562932059720765,0.3634691842417081,3691.0,0.00428691097409853,0.0036915224983393538,0.0036550494803870817,7587.326381365114,12692.0,0.924434638720353,36388.0
