,Trade Qty,Avg_Cost
0,1.0,0.2863958140966451
1,2.0,0.2983226837060703
2,3.0,0.3130701068543133
3,4.0,0.31725449515905946
4,5.0,0.3184883720930232
5,6.0,0.3305555555555555
6,7.0,0.34172435494021397
7,8.0,0.32676174496644295
8,9.0,0.3549382716049382
9,10.0,0.4317610062893082
10,11.0,0.3772727272727273
11,12.0,0.42572463768115937
12,13.0,0.4053586862575627
13,14.0,0.32954545454545453
14,15.0,0.33194444444444443
15,16.0,0.4090909090909091
16,17.0,0.4818339100346021
17,18.0,0.3888888888888889
18,19.0,0.5
19,20.0,0.5700000000000001
20,21.0,0.9365079365079364
21,22.0,0.809090909090909
22,23.0,0.411231884057971
23,24.0,0.8472222222222222
24,25.0,0.740909090909091
25,26.0,0.5641025641025641
26,28.0,0.25
27,29.0,0.25
28,30.0,0.7166666666666667
29,31.0,0.25
30,32.0,0.25
31,33.0,1.6893939393939394
32,34.0,0.375
33,35.0,0.7071428571428571
34,36.0,0.9027777777777778
35,40.0,0.825
36,46.0,1.141304347826087
37,50.0,0.7050000000000001
38,55.0,1.040909090909091
39,57.0,0.5504385964912281
40,100.0,1.39
41,101.0,1.5222772277227723
42,106.0,0.5
