,Li,lamb,Co,Al,u,eta
0,1.0,0.9464760638297872,1303.0,1543.0,0.42222942320155543,0.3996300425049296
1,2.0,0.04853723404255319,45.0,101.0,-0.054455445544554504,-0.0026431167052875524
2,3.0,0.004654255319148936,5.0,9.0,-0.16666666666666663,-0.0007757092198581558
3,4.0,0.0003324468085106383,0.0,1.0,-1.5,-0.0004986702127659574
