,chgavg,dt_alt,dt_avg,dt_cont,duration,eta1,ndfpr,rvp,rvx,rvxe,spot_avg,M,S1,Volume
6CZ6_20161206,0.5117265469061876,13.704309084,14.352135573000002,15.210926992000001,15.035235528495008,0.3801501710993245,2004.0,0.003084437330778514,0.0027071044096054204,0.002689481391232882,7525.085536159601,8912.0,0.9608349231287173,26191.0
