,ask12qty,ask12tomid,ask1qty,ask1tomid,bid12qty,bid12tomid,bid1qty,bid1tomid,twspr1,twspr2
6CZ6_20161103,55.580441826065524,2.4421570168130264,12.824611476289837,1.2565876449101354,69.61699182910242,2.3629153526319704,13.813423138570556,1.2565876449101354,2.513175289820271,5.706906737611973
