,Li,lamb,Co,Al,u,eta
0,1.0,0.9601961349870205,1486.0,1842.0,0.4033659066232356,0.38731038452516625
1,2.0,0.03691952696856071,20.0,108.0,-0.3148148148148149,-0.011622814045658004
2,3.0,0.0017306028266512836,1.0,5.0,-0.7000000000000002,-0.0012114219786558988
3,4.0,0.00028843380444188056,0.0,1.0,-1.5,-0.00043265070666282084
4,5.0,0.00028843380444188056,1.0,0.0,inf,inf
5,7.0,0.0005768676088837611,1.0,1.0,0.5,0.00028843380444188056
