,chgavg,dt_alt,dt_avg,dt_cont,duration,eta1,ndfpr,rvp,rvx,rvxe,spot_avg,M,S1,Volume
6CZ6_20161003,0.5245112781954887,8.220738712000001,8.661152134,9.233969607,8.393936056244545,0.38163009564728145,3325.0,0.00407452174048995,0.0035994283409462344,0.003559696285024907,7624.002705953097,12267.0,0.9294856118040271,32814.0
