,Li,lamb,Co,Al,u,eta
0,1.0,0.9703264094955489,1611.0,1658.0,0.48582629674306393,0.4714100861572163
1,2.0,0.027893175074183978,18.0,76.0,-0.26315789473684215,-0.007340309230048417
2,3.0,0.001483679525222552,3.0,2.0,1.25,0.00185459940652819
3,4.0,0.0002967359050445104,0.0,1.0,-1.5,-0.00044510385756676556
