,Li,lamb,Co,Al,u,eta
0,1.0,0.954020035961983,1624.0,2089.0,0.3887027285782671,0.3708301910967593
1,2.0,0.044438736193167225,34.0,139.0,-0.2553956834532374,-0.01134946140185206
2,3.0,0.0012843565373747753,1.0,4.0,-0.625,-0.0008027228358592345
3,4.0,0.00025687130747495504,0.0,1.0,-1.5,-0.00038530696121243254
