,chgavg,dt_alt,dt_avg,dt_cont,duration,eta1,ndfpr,rvp,rvx,rvxe,spot_avg,M,S1,Volume
6CZ6_20161021,0.5147466599445425,7.195699794,7.256465136,7.342179323000001,7.496303226025208,0.3697925543556851,3967.0,0.004380948507523374,0.0037907323647717378,0.0037675777872276128,7503.273689516129,18588.0,0.9482517482517483,50543.0
