,Li,lamb,Co,Al,u,eta
0,1.0,0.961213121518465,1889.0,2770.0,0.3409747292418773,0.3277493838534983
1,2.0,0.03466061481328657,27.0,140.0,-0.30714285714285716,-0.010645760264080876
2,3.0,0.0028883845677738808,5.0,9.0,-0.16666666666666663,-0.00048139742796231337
3,4.0,0.0010315659170621002,1.0,4.0,-1.0,-0.0010315659170621002
4,5.0,0.00020631318341242006,0.0,1.0,-2.0,-0.0004126263668248401
