,Li,lamb,Co,Al,u,eta
0,1.0,0.9752252252252253,910.0,1254.0,0.3628389154704944,0.3538496630601894
1,2.0,0.023873873873873873,10.0,43.0,-0.2674418604651163,-0.006384873245338362
2,3.0,0.00045045045045045046,0.0,1.0,-1.0,-0.00045045045045045046
3,4.0,0.00045045045045045046,0.0,1.0,-1.5,-0.0006756756756756757
