,ask12qty,ask12tomid,ask1qty,ask1tomid,bid12qty,bid12tomid,bid1qty,bid1tomid,twspr1,twspr2
6CZ6_20161109,22.783893148817906,4.754093532944347,6.631772790273414,3.80556417562392,25.686348771483036,4.521171041626699,7.229137462744812,3.80556417562392,7.61112835124784,10.239050352607016
