,ask12qty,ask12tomid,ask1qty,ask1tomid,bid12qty,bid12tomid,bid1qty,bid1tomid,twspr1,twspr2
6CZ6_20161215,33.10899392855308,5.048306764414214,9.209013346643752,3.340430080380693,41.09223435621057,4.075636757173344,17.179306845390663,3.340430080380693,6.680860160761386,12.980833373298134
