,chgavg,dt_alt,dt_avg,dt_cont,duration,eta1,ndfpr,rvp,rvx,rvxe,spot_avg,M,S1,Volume
6CZ6_20161017,0.5157684630738523,10.469612099,11.472630632000001,12.728473744,11.790370521141728,0.396283480942307,2505.0,0.0034418716756840174,0.0030839140461734562,0.0030641685925273123,7615.249002394254,10960.0,0.9510904279587553,29391.0
