,Li,lamb,Co,Al,u,eta
0,1.0,0.9726089933805068,1735.0,2525.0,0.3435643564356436,0.3341537828742929
1,2.0,0.02624971467701438,22.0,93.0,-0.26344086021505375,-0.00691524741491239
2,3.0,0.0006847751654873316,3.0,0.0,inf,inf
3,4.0,0.00045651677699155445,2.0,0.0,inf,inf
