,Li,lamb,Co,Al,u,eta
0,1.0,0.960045019696117,1380.0,2031.0,0.3397341211225997,0.3261600510045892
1,2.0,0.03742262239729882,31.0,102.0,-0.196078431372549,-0.007337769097509572
2,3.0,0.0019696117051209903,2.0,5.0,-0.3999999999999999,-0.000787844682048396
3,4.0,0.0002813731007315701,1.0,0.0,inf,inf
4,5.0,0.0002813731007315701,1.0,0.0,inf,inf
