,Li,lamb,Co,Al,u,eta
0,1.0,0.9621882542236525,1077.0,1314.0,0.4098173515981735,0.39432144208480735
1,2.0,0.03499597747385358,19.0,68.0,-0.22058823529411764,-0.007719700913350054
2,3.0,0.002413515687851971,2.0,4.0,-0.25,-0.0006033789219629927
3,4.0,0.00040225261464199515,0.0,1.0,-1.5,-0.0006033789219629927
