,chgavg,dt_alt,dt_avg,dt_cont,duration,eta1,ndfpr,rvp,rvx,rvxe,spot_avg,M,S1,Volume
6CZ6_20161214,0.5698879785988965,4.79935122,4.814354845,4.833130899,2.9096008853710704,0.3848156829735145,5981.0,0.0069613599872729035,0.006445908059693986,0.006107106197628247,7579.34553660983,19477.0,0.8858595194085028,52792.0
