,Li,lamb,Co,Al,u,eta
0,1.0,0.9667419421063437,2119.0,2589.0,0.4092313634607957,0.39562112308291664
1,2.0,0.0326421679326627,44.0,115.0,-0.11739130434782608,-0.0038319066703560553
2,3.0,0.0006158899609936358,1.0,2.0,-0.25,-0.00015397249024840895
