,ask12qty,ask12tomid,ask1qty,ask1tomid,bid12qty,bid12tomid,bid1qty,bid1tomid,twspr1,twspr2
6CZ6_20161019,52.68151398100127,2.916445953258955,13.410613552018765,1.516569481029551,53.1378134755312,2.6159843931935534,12.685493031642306,1.516569481029551,3.033138962059133,6.652266849843399
