,Trade Qty,Avg_Cost
0,1.0,0.2597396925227114
1,2.0,0.2595070422535211
2,3.0,0.2680572851805728
3,4.0,0.2798964218455744
4,5.0,0.27702265372168283
5,6.0,0.2722222222222222
6,7.0,0.27859988616960735
7,8.0,0.283115671641791
8,9.0,0.27722772277227725
9,10.0,0.31353591160221
10,11.0,0.28698752228163993
11,12.0,0.3041666666666667
12,13.0,0.2999135695764909
13,14.0,0.2995391705069124
14,15.0,0.3346846846846847
15,16.0,0.28289473684210525
16,17.0,0.39705882352941174
17,18.0,0.34920634920634924
18,19.0,0.3
19,20.0,0.3611111111111111
20,21.0,0.35952380952380947
21,22.0,0.25
22,23.0,0.3949275362318841
23,24.0,0.25
24,25.0,0.3333333333333333
25,26.0,0.3621794871794872
26,27.0,0.25
27,28.0,0.3333333333333333
28,29.0,0.37586206896551727
29,31.0,0.25
30,32.0,0.25
31,33.0,0.25
32,38.0,0.5394736842105263
33,39.0,0.25
34,47.0,0.7180851063829787
35,52.0,0.5769230769230769
36,54.0,1.0462962962962963
37,55.0,0.65
38,60.0,0.6083333333333333
39,61.0,0.6680327868852459
40,70.0,0.6714285714285714
41,78.0,0.7435897435897436
42,79.0,0.6424050632911392
43,88.0,0.7045454545454546
44,109.0,0.9678899082568807
