,Trade Qty,Avg_Cost
0,1.0,0.2601437699680511
1,2.0,0.26718547341115434
2,3.0,0.28241057188425617
3,4.0,0.2818543799772469
4,5.0,0.2864893617021277
5,6.0,0.29426377597109304
6,7.0,0.30636695572797806
7,8.0,0.29347826086956524
8,9.0,0.3053763440860215
9,10.0,0.3678191489361702
10,11.0,0.3334928229665072
11,12.0,0.36979166666666663
12,13.0,0.3325443786982248
13,14.0,0.31954887218045114
14,15.0,0.2921875
15,16.0,0.33774038461538464
16,17.0,0.34375
17,18.0,0.43137254901960786
18,19.0,0.25
19,20.0,0.3318181818181818
20,21.0,0.2526455026455026
21,22.0,0.3772727272727273
22,23.0,0.25
23,24.0,0.875
24,25.0,0.41
25,26.0,0.25
26,27.0,0.25
27,28.0,0.7678571428571429
28,30.0,0.25
29,31.0,0.38306451612903225
30,32.0,0.25
31,33.0,0.5265151515151515
32,34.0,0.45588235294117646
33,36.0,0.7083333333333333
34,37.0,0.4527027027027027
35,40.0,0.85
36,41.0,0.6524390243902439
37,43.0,0.9709302325581395
38,44.0,0.7954545454545454
39,47.0,0.25
40,48.0,0.8541666666666666
41,49.0,0.25
42,50.0,0.8700000000000001
43,52.0,0.25
44,53.0,0.7924528301886793
45,56.0,1.3214285714285714
46,63.0,0.6190476190476191
47,69.0,0.8260869565217391
48,72.0,0.25
