,Li,lamb,Co,Al,u,eta
0,1.0,0.6340425531914894,312.0,283.0,0.5512367491166078,0.3495075558228705
1,2.0,0.2393617021276596,104.0,121.0,0.359504132231405,0.08605152101283631
2,3.0,0.0851063829787234,26.0,54.0,-0.2777777777777779,-0.02364066193853429
3,4.0,0.027659574468085105,12.0,14.0,0.2142857142857142,0.0059270516717325195
4,5.0,0.009574468085106383,7.0,2.0,6.75,0.06462765957446809
5,6.0,0.0010638297872340426,0.0,1.0,-2.5,-0.0026595744680851063
6,7.0,0.0031914893617021275,0.0,3.0,-3.0,-0.009574468085106383
