,chgavg,dt_alt,dt_avg,dt_cont,duration,eta1,ndfpr,rvp,rvx,rvxe,spot_avg,M,S1,Volume
6CZ6_20161005,0.5229304874531295,7.682984115000001,8.289475847,9.079967774,8.030694530862357,0.38731038452516625,3467.0,0.004188931593574073,0.003727265103103243,0.003686785211747888,7581.631776239908,14152.0,0.9221853134497138,37080.0
