,Li,lamb,Co,Al,u,eta
0,1.0,0.9771069182389938,1643.0,2240.0,0.36674107142857143,0.3583452380952381
1,2.0,0.021635220125786163,11.0,75.0,-0.3533333333333333,-0.007644444444444443
2,3.0,0.0010062893081761006,1.0,3.0,-0.5,-0.0005031446540880503
3,5.0,0.00025157232704402514,1.0,0.0,inf,inf
