,Trade Qty,Avg_Cost
0,1.0,0.25658551187387746
1,2.0,0.2573055968301139
2,3.0,0.271760343481655
3,4.0,0.2688814531548757
4,5.0,0.2690095846645367
5,6.0,0.27234848484848484
6,7.0,0.2742587601078167
7,8.0,0.26916666666666667
8,9.0,0.27016460905349793
9,10.0,0.3132352941176471
10,11.0,0.265495867768595
11,12.0,0.2985294117647059
12,13.0,0.3332682545880515
13,14.0,0.29120879120879123
14,15.0,0.2926666666666667
15,16.0,0.3355263157894737
16,17.0,0.3508403361344538
17,18.0,0.27592592592592596
18,19.0,0.30357142857142855
19,20.0,0.34375
20,21.0,0.3
21,22.0,0.30113636363636365
22,23.0,0.375
23,24.0,0.25
24,25.0,0.3
25,26.0,0.25
26,27.0,0.37962962962962965
27,28.0,0.25
28,29.0,0.375
29,30.0,0.25
30,31.0,0.25
31,32.0,0.25
32,33.0,0.3333333333333333
33,34.0,0.4705882352941176
34,35.0,0.4928571428571429
35,36.0,0.25
36,37.0,0.25
37,38.0,0.5263157894736843
38,40.0,0.7374999999999999
39,41.0,0.7134146341463414
40,43.0,0.5232558139534884
41,44.0,0.5
42,50.0,0.25
43,58.0,0.6724137931034483
44,64.0,0.7421875
45,65.0,0.6653846153846155
46,81.0,0.8302469135802469
47,84.0,0.25
48,105.0,1.026190476190476
49,329.0,1.8351063829787233
50,336.0,1.6220238095238095
