,Li,lamb,Co,Al,u,eta
0,1.0,0.9286850860697237,3156.0,3264.0,0.4834558823529412,0.44897826771385535
1,2.0,0.06581802401272964,120.0,334.0,-0.14071856287425155,-0.009261817750294294
2,3.0,0.004773614928395776,10.0,23.0,-0.34782608695652184,-0.0016603878011811398
3,4.0,0.0004339649934905251,2.0,1.0,2.5,0.0010849124837263129
4,5.0,0.0002893099956603501,0.0,2.0,-2.0,-0.0005786199913207002
