,chgavg,dt_alt,dt_avg,dt_cont,duration,eta1,ndfpr,rvp,rvx,rvxe,spot_avg,M,S1,Volume
6CZ6_20161124,0.5275387263339071,26.022909763,24.778679451000002,23.615068714000003,44.93022120221571,0.49425961302037036,581.0,0.0018112599790933894,0.0018027369759004187,0.001800832630988757,7412.973367697595,2290.0,0.9707295762341633,5713.0
