,Li,lamb,Co,Al,u,eta
0,1.0,0.9727968262964013,1507.0,1925.0,0.3914285714285714,0.38078047200744847
1,2.0,0.02550297534712383,17.0,73.0,-0.26712328767123283,-0.006812438620122118
2,3.0,0.0011334655709832814,2.0,2.0,0.5,0.0005667327854916407
3,4.0,0.0005667327854916407,2.0,0.0,inf,inf
