,chgavg,dt_alt,dt_avg,dt_cont,duration,eta1,ndfpr,rvp,rvx,rvxe,spot_avg,M,S1,Volume
6CZ6_20161212,0.5142204164550533,13.921695117,14.621940652000001,15.609821021,15.161309158772761,0.3601316766899696,1969.0,0.0030349443997934144,0.0025942999529158534,0.002575706645843212,7615.9383248730965,8454.0,0.9660475570803265,25082.0
