,Li,lamb,Co,Al,u,eta
0,1.0,0.956388538475401,2200.0,3106.0,0.3541532517707663,0.33870811085735386
1,2.0,0.04234997296810236,41.0,194.0,-0.28865979381443296,-0.012224734465019238
2,3.0,0.001261488556496666,0.0,7.0,-1.0,-0.001261488556496666
