,ask12qty,ask12tomid,ask1qty,ask1tomid,bid12qty,bid12tomid,bid1qty,bid1tomid,twspr1,twspr2
6CZ6_20161107,52.527610200375904,3.434328981303787,12.431328753930456,2.544181755464566,52.84188150006472,3.6112564825215787,13.26524641176474,2.544181755464566,5.088363510929163,8.157144926843756
