,chgavg,dt_alt,dt_avg,dt_cont,duration,eta1,ndfpr,rvp,rvx,rvxe,spot_avg,M,S1,Volume
6CZ6_20161007,0.5271616541353383,5.22163935,5.413283291,5.631218649,5.201237331111867,0.4358248226118739,5320.0,0.005228067121206156,0.004913742399127248,0.004881037379631458,7548.28030445405,20690.0,0.9373066511987626,54387.0
