,chgavg,dt_alt,dt_avg,dt_cont,duration,eta1,ndfpr,rvp,rvx,rvxe,spot_avg,M,S1,Volume
6CZ6_20161207,0.5294215425531915,9.354234147000001,9.573946225,9.845260510000001,9.066323206907926,0.3996300425049296,3008.0,0.003962278734501917,0.0035859543623379957,0.0035423305615772858,7543.656198072449,11339.0,0.9240472829922372,33705.0
