,Li,lamb,Co,Al,u,eta
0,1.0,0.9710108394252583,1665.0,2186.0,0.38083257090576395,0.3697925543556851
1,2.0,0.028485001260398286,18.0,95.0,-0.31052631578947365,-0.008845342496649993
2,3.0,0.0005041593143433325,0.0,2.0,-1.0,-0.0005041593143433325
