,Li,lamb,Co,Al,u,eta
0,1.0,0.9624553039332538,1383.0,1846.0,0.3745937161430119,0.36052970892190955
1,2.0,0.03456495828367104,15.0,101.0,-0.35148514851485146,-0.01214906949574576
2,3.0,0.0023837902264600714,2.0,6.0,-0.5,-0.0011918951132300357
3,4.0,0.0005959475566150178,1.0,1.0,0.5,0.0002979737783075089
