,ask12qty,ask12tomid,ask1qty,ask1tomid,bid12qty,bid12tomid,bid1qty,bid1tomid,twspr1,twspr2
6CZ6_20161214,39.28274459362207,4.515858600195051,9.257108898924896,3.577645649194538,42.697440853847965,4.322652387417003,10.961534573264968,3.577645649194538,7.155291298389076,10.076503069442053
