,Trade Qty,Avg_Cost
0,1.0,0.2646481038606081
1,2.0,0.26582112970711297
2,3.0,0.27011793270898365
3,4.0,0.2646889400921659
4,5.0,0.2743107769423559
5,6.0,0.27923387096774194
6,7.0,0.2905439755973564
7,8.0,0.27562111801242234
8,9.0,0.2859603789836348
9,10.0,0.3187763713080169
10,11.0,0.3078512396694215
11,12.0,0.3084577114427861
12,13.0,0.3154789995280793
13,14.0,0.2604166666666667
14,15.0,0.3211538461538461
15,16.0,0.28860294117647056
16,17.0,0.3055555555555556
17,18.0,0.3383838383838384
18,19.0,0.25
19,20.0,0.3764705882352941
20,21.0,0.33779761904761907
21,22.0,0.25
22,23.0,0.35
23,24.0,0.25
24,25.0,0.4925
25,26.0,0.3333333333333333
26,27.0,0.375
27,28.0,0.25
28,29.0,0.25
29,30.0,0.25
30,31.0,0.25
31,32.0,0.390625
32,35.0,0.25
33,37.0,0.25
34,38.0,0.4868421052631579
35,42.0,0.5357142857142857
36,43.0,0.8488372093023255
37,44.0,0.25
38,47.0,0.6595744680851063
39,50.0,0.79
40,52.0,0.6923076923076923
41,53.0,0.25
42,56.0,0.6383928571428572
43,57.0,0.7017543859649122
44,58.0,0.5
45,76.0,0.7960526315789473
46,78.0,0.25
