,Trade Qty,Avg_Cost
0,1.0,0.258473399083206
1,2.0,0.2579764903442485
2,3.0,0.26423058369512786
3,4.0,0.25890170511534605
4,5.0,0.26704545454545453
5,6.0,0.27474747474747474
6,7.0,0.2697151114781173
7,8.0,0.2581081081081081
8,9.0,0.28526398739164693
9,10.0,0.3174242424242424
10,11.0,0.2922077922077922
11,12.0,0.32541666666666663
12,13.0,0.3069972196478221
13,14.0,0.2869897959183673
14,15.0,0.28935185185185186
15,16.0,0.29483695652173914
16,17.0,0.3305626598465473
17,18.0,0.31111111111111106
18,19.0,0.25
19,20.0,0.3083333333333333
20,21.0,0.2777777777777778
21,22.0,0.25
22,23.0,0.25
23,24.0,0.25
24,25.0,0.745
25,26.0,0.32142857142857145
26,27.0,0.562962962962963
27,28.0,0.25
28,29.0,0.3
29,30.0,0.30666666666666664
30,31.0,0.75
31,32.0,0.25
32,33.0,0.25
33,35.0,0.375
34,36.0,0.25
35,39.0,0.6730769230769231
36,42.0,0.6428571428571429
37,44.0,0.6022727272727273
38,49.0,0.6989795918367347
39,50.0,0.72
40,51.0,1.2549019607843137
41,52.0,0.38461538461538464
42,53.0,0.25
43,54.0,0.8981481481481481
44,55.0,0.25
45,63.0,0.3134920634920635
46,66.0,0.7121212121212122
47,70.0,0.8071428571428572
48,74.0,0.44594594594594594
49,75.0,0.8533333333333334
50,119.0,0.9180672268907563
51,200.0,1.0475
