,chgavg,dt_alt,dt_avg,dt_cont,duration,eta1,ndfpr,rvp,rvx,rvxe,spot_avg,M,S1,Volume
6CZ6_20161031,0.516439721022916,9.000953512,9.546166785,10.366609131,9.776809929684784,0.3355501067073259,3011.0,0.0038580029614811036,0.003189895441721941,0.0031605032782886645,7460.730743691899,14603.0,0.9558249434970207,36781.0
