,Li,lamb,Co,Al,u,eta
0,1.0,0.9708643573972159,1309.0,1689.0,0.38750740082889285,0.3762171236924084
1,2.0,0.028164454516024603,24.0,63.0,-0.11904761904761907,-0.0033529112519076914
2,3.0,0.0009711880867594691,2.0,1.0,2.0,0.0019423761735189381
