,ask12qty,ask12tomid,ask1qty,ask1tomid,bid12qty,bid12tomid,bid1qty,bid1tomid,twspr1,twspr2
6CZ6_20161115,37.22893162189496,1.8048638082240376,10.454236154672861,0.9574907278956546,34.005105994708344,1.8016629805062943,9.508807058731847,0.9574907278956546,1.9149814557913092,5.293495613146666
