,Li,lamb,Co,Al,u,eta
0,1.0,0.9688658265381764,576.0,730.0,0.39452054794520547,0.38223747677122577
1,2.0,0.03039288361749444,5.0,36.0,-0.36111111111111116,-0.010975207972984105
2,4.0,0.0007412898443291327,1.0,0.0,inf,inf
