,chgavg,dt_alt,dt_avg,dt_cont,duration,eta1,ndfpr,rvp,rvx,rvxe,spot_avg,M,S1,Volume
6CZ6_20161114,0.5160419790104948,8.144866134,8.63503704,9.257156439000001,8.847753829344429,0.3965816078447263,3335.0,0.004102913275433232,0.0036754692771599437,0.0036540427133959965,7374.518285371702,15262.0,0.9663193761876679,35938.0
