,Trade Qty,Avg_Cost
0,1.0,0.25742615333554597
1,2.0,0.25691980127750175
2,3.0,0.2627811860940696
3,4.0,0.2583904109589041
4,5.0,0.2622077922077922
5,6.0,0.2665544332210999
6,7.0,0.26705004035512503
7,8.0,0.2615625
8,9.0,0.264367816091954
9,10.0,0.298744769874477
10,11.0,0.2733201581027668
11,12.0,0.2665989159891599
12,13.0,0.29049047282992235
13,14.0,0.2720779220779221
14,15.0,0.29572649572649573
15,16.0,0.2769396551724138
16,17.0,0.28256302521008403
17,18.0,0.2899305555555556
18,19.0,0.3092105263157895
19,20.0,0.32
20,21.0,0.2690476190476191
21,22.0,0.3264462809917355
22,23.0,0.4157608695652174
23,24.0,0.25
24,25.0,0.3685714285714286
25,26.0,0.3434065934065934
26,27.0,0.4
27,28.0,0.25
28,29.0,0.25
29,30.0,0.4666666666666666
30,31.0,0.25
31,32.0,0.25
32,33.0,0.5833333333333334
33,34.0,0.5588235294117647
34,35.0,0.25
35,36.0,0.4444444444444444
36,37.0,0.49324324324324326
37,39.0,0.7115384615384616
38,40.0,0.5
39,43.0,0.25
40,44.0,0.5795454545454546
41,57.0,0.6008771929824561
42,59.0,0.6652542372881356
43,60.0,0.6166666666666667
44,61.0,0.6516393442622951
45,66.0,0.8636363636363636
46,70.0,1.3428571428571427
47,85.0,0.6029411764705882
48,92.0,0.8586956521739131
49,100.0,0.8674999999999999
50,115.0,0.758695652173913
51,118.0,0.25
52,143.0,1.333916083916084
