,ask12qty,ask12tomid,ask1qty,ask1tomid,bid12qty,bid12tomid,bid1qty,bid1tomid,twspr1,twspr2
6CZ6_20161014,60.74092133262496,1.4563667449892086,14.43788062123195,0.678116522669409,61.10535855002335,1.4603283987108568,14.39692382768571,0.678116522669409,1.3562330453388527,3.3562742677312856
