,chgavg,dt_alt,dt_avg,dt_cont,duration,eta1,ndfpr,rvp,rvx,rvxe,spot_avg,M,S1,Volume
6CZ6_20160929,0.5423332734136257,5.19077328,5.176769585000001,5.162257233,4.615868003911409,0.4281126617364867,5563.0,0.005492106878230654,0.005127320890892642,0.005081980734017726,7627.405553558591,18596.0,0.893788652863673,51624.0
