,Trade Qty,Avg_Cost
0,1.0,0.2603271717434696
1,2.0,0.2626867594023699
2,3.0,0.2741642441860465
3,4.0,0.2739332603938731
4,5.0,0.2766871165644172
5,6.0,0.2856853203568532
6,7.0,0.29400510204081637
7,8.0,0.29518072289156627
8,9.0,0.29009009009009
9,10.0,0.3496987951807229
10,11.0,0.3074866310160428
11,12.0,0.3371212121212122
12,13.0,0.3301706571574121
13,14.0,0.34754797441364604
14,15.0,0.3041095890410959
15,16.0,0.34698275862068967
16,17.0,0.36245674740484435
17,18.0,0.34259259259259256
18,19.0,0.3083524027459954
19,20.0,0.4033333333333334
20,21.0,0.28125
21,22.0,0.3574380165289256
22,23.0,0.25
23,24.0,0.43518518518518523
24,25.0,0.69125
25,26.0,0.45673076923076916
26,27.0,0.5370370370370371
27,28.0,0.375
28,29.0,0.6566091954022989
29,30.0,0.5222222222222223
30,31.0,0.25
31,32.0,0.3940972222222222
32,33.0,0.5277777777777778
33,35.0,0.5785714285714286
34,36.0,0.4861111111111111
35,37.0,0.6824324324324325
36,38.0,0.25
37,39.0,0.25
38,40.0,0.4625
39,42.0,0.6785714285714286
40,44.0,0.25
41,45.0,0.5962962962962962
42,47.0,0.7712765957446809
43,48.0,0.25
44,49.0,0.2602040816326531
45,50.0,0.735
46,52.0,0.375
47,59.0,0.8813559322033898
48,60.0,0.375
49,61.0,0.930327868852459
50,65.0,0.8307692307692308
51,66.0,0.6666666666666666
52,67.0,0.25
53,69.0,0.25
54,72.0,1.0138888888888888
55,75.0,0.39666666666666667
56,83.0,1.0783132530120483
57,86.0,0.9069767441860465
58,90.0,1.211111111111111
59,94.0,1.2234042553191489
60,102.0,0.9558823529411765
61,105.0,0.25
62,135.0,1.4314814814814816
63,150.0,1.3666666666666667
64,353.0,2.0474504249291785
65,506.0,2.6600790513833994
