,ask12qty,ask12tomid,ask1qty,ask1tomid,bid12qty,bid12tomid,bid1qty,bid1tomid,twspr1,twspr2
6CZ6_20161121,52.88594354146894,3.911152194559176,11.970920597662898,2.744911944630416,57.58813325650962,4.876216020276582,13.731301693937503,2.744911944630416,5.489823889260832,10.067269680532613
