,chgavg,dt_alt,dt_avg,dt_cont,duration,eta1,ndfpr,rvp,rvx,rvxe,spot_avg,M,S1,Volume
6CZ6_20161012,0.5251028806584362,7.8179596060000005,7.897668229000001,7.993958082000001,7.656645509867567,0.40621403559517394,3645.0,0.004310352537752701,0.003920365188387556,0.0038851272903101513,7545.8896050466265,14825.0,0.9350421585160202,38667.0
