,Trade Qty,Avg_Cost
0,1.0,0.25928819444444445
1,2.0,0.2579787234042553
2,3.0,0.26408450704225356
3,4.0,0.2601540616246499
4,5.0,0.2590673575129534
5,6.0,0.2624716553287982
6,7.0,0.2677356656948494
7,8.0,0.27416666666666667
8,9.0,0.2583774250440917
9,10.0,0.2976470588235295
10,11.0,0.267825311942959
11,12.0,0.265625
12,13.0,0.2727272727272727
13,14.0,0.30468749999999994
14,15.0,0.29545454545454547
15,16.0,0.25
16,17.0,0.27941176470588236
17,18.0,0.25
18,19.0,0.2916666666666667
19,20.0,0.25
20,21.0,0.8738095238095237
21,22.0,0.30991735537190085
22,24.0,0.25
23,25.0,0.25
24,26.0,0.25
25,27.0,0.25
26,28.0,0.25
27,30.0,0.39444444444444443
28,32.0,0.25
29,33.0,0.25
30,34.0,0.5
31,35.0,0.7357142857142858
32,42.0,0.5595238095238095
33,44.0,0.625
34,46.0,0.6086956521739131
35,47.0,0.7872340425531915
36,50.0,0.455
37,51.0,0.6617647058823529
38,55.0,0.36818181818181817
39,71.0,2.806338028169014
40,99.0,0.952020202020202
41,100.0,1.16
