,ask12qty,ask12tomid,ask1qty,ask1tomid,bid12qty,bid12tomid,bid1qty,bid1tomid,twspr1,twspr2
6CZ6_20161117,56.50725484629985,1.6509068113239316,14.053499026561006,0.7663268323625532,59.811697039287324,1.6160924950980735,15.684048894368003,0.7663268323625532,1.5326536647251372,4.015401799805564
