,ask12qty,ask12tomid,ask1qty,ask1tomid,bid12qty,bid12tomid,bid1qty,bid1tomid,twspr1,twspr2
6CZ6_20161026,57.985291120328526,3.3678078569554826,11.969076780779874,1.8818174787247963,63.41238536089308,2.9787007670868357,12.80551211581916,1.8818174787247963,3.7636349574496237,7.58214197855906
