,ask12qty,ask12tomid,ask1qty,ask1tomid,bid12qty,bid12tomid,bid1qty,bid1tomid,twspr1,twspr2
6CZ6_20161025,55.97314494101457,3.149565265470956,11.452851578116684,1.4675880970172939,53.112474774931194,2.801722135260397,10.611622685448474,1.4675880970172939,2.9351761940345877,7.761567129921866
