,ask12qty,ask12tomid,ask1qty,ask1tomid,bid12qty,bid12tomid,bid1qty,bid1tomid,twspr1,twspr2
6CZ6_20161124,19.48873732485749,4.691544054080818,4.876820848433261,4.12955843885407,19.817375546780468,5.141968700190192,5.088641654871304,4.12955843885407,8.25911687770814,12.12661488232263
