,Trade Qty,Avg_Cost
0,1.0,0.2666243275552899
1,2.0,0.26734646038443505
2,3.0,0.27483443708609273
3,4.0,0.2731308411214953
4,5.0,0.2848195329087049
5,6.0,0.27902023429179973
6,7.0,0.2789902998236332
7,8.0,0.2719298245614035
8,9.0,0.26442307692307687
9,10.0,0.31377952755905514
10,11.0,0.2836593785960875
11,12.0,0.31323529411764706
12,13.0,0.30697115384615375
13,14.0,0.36064425770308123
14,15.0,0.2743589743589744
15,16.0,0.31101190476190477
16,17.0,0.30276816608996543
17,18.0,0.30709876543209874
18,19.0,0.33082706766917297
19,20.0,0.3954545454545455
20,21.0,0.5142857142857142
21,22.0,0.32196969696969696
22,23.0,0.3876811594202898
23,24.0,0.35
24,25.0,0.3233333333333333
25,26.0,0.4807692307692307
26,27.0,0.41203703703703703
27,28.0,0.25
28,29.0,0.25
29,31.0,0.3333333333333333
30,32.0,0.34765625
31,33.0,0.25
32,34.0,0.28921568627450983
33,35.0,0.4785714285714286
34,36.0,0.375
35,40.0,0.725
36,42.0,0.6309523809523809
37,44.0,0.7159090909090909
38,46.0,0.7282608695652174
39,48.0,0.25
40,49.0,0.6564625850340137
41,50.0,0.735
42,52.0,0.25
43,53.0,0.25943396226415094
44,55.0,0.6613636363636364
45,59.0,0.6313559322033898
46,61.0,0.6598360655737705
47,64.0,0.609375
48,69.0,0.5
49,74.0,0.7094594594594594
50,83.0,0.6355421686746988
51,87.0,0.8390804597701149
52,98.0,0.25
53,107.0,0.9883177570093458
54,116.0,0.7629310344827587
55,177.0,1.0847457627118644
56,192.0,1.2942708333333333
