,chgavg,dt_alt,dt_avg,dt_cont,duration,eta1,ndfpr,rvp,rvx,rvxe,spot_avg,M,S1,Volume
6CZ6_20161108,0.5212188895979579,8.778894209,9.183319950000001,9.819368061,9.041601713252259,0.3189433175563528,3134.0,0.003990363499695974,0.0032519852014079803,0.003187015757616287,7500.7961722488035,14402.0,0.9522222222222222,36748.0
