,Li,lamb,Co,Al,u,eta
0,1.0,0.9681169046828296,1193.0,1721.0,0.34660081348053456,0.3355501067073259
1,2.0,0.030886748588508803,13.0,80.0,-0.3375,-0.010424277648621721
2,3.0,0.0009963467286615742,0.0,3.0,-1.0,-0.0009963467286615742
