,Li,lamb,Co,Al,u,eta
0,1.0,0.9724683544303797,1428.0,1644.0,0.4343065693430657,0.4223493948073547
1,2.0,0.026582278481012658,13.0,71.0,-0.31690140845070425,-0.008423961490461759
2,3.0,0.0006329113924050633,0.0,2.0,-1.0,-0.0006329113924050633
3,4.0,0.00031645569620253165,0.0,1.0,-1.5,-0.0004746835443037975
