,chgavg,dt_alt,dt_avg,dt_cont,duration,eta1,ndfpr,rvp,rvx,rvxe,spot_avg,M,S1,Volume
6CZ6_20161122,0.5164461923489453,10.596885307,10.295375691,9.954127115,10.502207068464173,0.4539748627844139,2797.0,0.00372892710538554,0.003560734619023899,0.003553160246823125,7447.634024303074,13412.0,0.9722595078299776,42492.0
