,ask12qty,ask12tomid,ask1qty,ask1tomid,bid12qty,bid12tomid,bid1qty,bid1tomid,twspr1,twspr2
6CZ6_20160926,59.58438543856856,2.133572821776644,14.071551996166967,1.2940962701170706,57.69611527960202,2.7012590049969325,13.747019493514228,1.2940962701170706,2.5881925402341723,5.633057707592043
