,Trade Qty,Avg_Cost
0,1.0,0.27144640042038887
1,2.0,0.26896787423103213
2,3.0,0.27163805436337624
3,4.0,0.275355871886121
4,5.0,0.281592039800995
5,6.0,0.28394039735099336
6,7.0,0.3
7,8.0,0.2816310975609756
8,9.0,0.27314814814814814
9,10.0,0.3164444444444444
10,11.0,0.28166496424923393
11,12.0,0.2855805243445693
12,13.0,0.2990506329113924
13,14.0,0.3157894736842105
14,15.0,0.3070707070707071
15,16.0,0.3076923076923077
16,17.0,0.420343137254902
17,18.0,0.31349206349206354
18,19.0,0.25
19,20.0,0.3869047619047619
20,21.0,0.33630952380952384
21,22.0,0.4025974025974026
22,23.0,0.36594202898550726
23,24.0,0.7083333333333334
24,25.0,0.48368421052631577
25,26.0,0.3653846153846154
26,27.0,0.25
27,28.0,0.25
28,29.0,0.25
29,30.0,0.3666666666666667
30,31.0,0.25
31,32.0,0.25
32,33.0,0.75
33,34.0,0.25
34,35.0,0.25
35,38.0,0.6842105263157895
36,39.0,0.5096153846153846
37,40.0,0.25
38,41.0,0.5
39,44.0,0.25
40,53.0,0.7830188679245284
41,69.0,2.4456521739130435
42,70.0,3.5142857142857142
43,73.0,0.25
44,74.0,0.5337837837837838
45,78.0,1.0128205128205128
46,82.0,1.3475609756097562
47,131.0,0.25
48,162.0,1.1141975308641976
49,202.0,0.8663366336633663
