,ask12qty,ask12tomid,ask1qty,ask1tomid,bid12qty,bid12tomid,bid1qty,bid1tomid,twspr1,twspr2
6CZ6_20161123,48.16147745687927,4.074021484553652,11.797708675114293,2.68353910388975,47.53824013615373,3.8456875055227,11.141155148015915,2.68353910388975,5.3670782077795,9.492619510634485
