,Li,lamb,Co,Al,u,eta
0,1.0,0.9366013071895425,3210.0,3954.0,0.40591805766312594,0.38018338341912383
1,2.0,0.05764705882352941,62.0,379.0,-0.33641160949868076,-0.019393139841688656
2,3.0,0.0035294117647058825,7.0,20.0,-0.4750000000000001,-0.0016764705882352945
3,4.0,0.000784313725490196,2.0,4.0,-0.5,-0.000392156862745098
4,5.0,0.000784313725490196,1.0,5.0,-1.5,-0.001176470588235294
5,6.0,0.000392156862745098,0.0,3.0,-2.5,-0.000980392156862745
6,7.0,0.00013071895424836603,0.0,1.0,-3.0,-0.0003921568627450981
7,10.0,0.00013071895424836603,0.0,1.0,-4.5,-0.0005882352941176471
