,Li,lamb,Co,Al,u,eta
0,1.0,0.9559848005066498,1279.0,1740.0,0.3675287356321839,0.35135188501379455
1,2.0,0.043381887270424316,17.0,119.0,-0.3571428571428572,-0.015493531168008686
2,3.0,0.0006333122229259025,0.0,2.0,-1.0,-0.0006333122229259025
