,ask12qty,ask12tomid,ask1qty,ask1tomid,bid12qty,bid12tomid,bid1qty,bid1tomid,twspr1,twspr2
6CZ6_20161101,54.99500359841265,1.992972254279764,12.413392154363091,1.1904856372923953,54.70334682960054,2.698112875377021,12.205264092508664,1.1904856372923953,2.3809712745847906,5.978230083910777
