,chgavg,dt_alt,dt_avg,dt_cont,duration,eta1,ndfpr,rvp,rvx,rvxe,spot_avg,M,S1,Volume
6CZ6_20161116,0.516398158803222,8.118427249,8.284833242000001,8.504630911000001,8.450023367278844,0.3694793000850867,3476.0,0.004158774072481374,0.003601849334155067,0.0035749945305023037,7444.717572620075,14350.0,0.9578976718248989,41263.0
