,Li,lamb,Co,Al,u,eta
0,1.0,0.9649073554183043,1479.0,1957.0,0.3778742973939704,0.3646136889789658
1,2.0,0.032846715328467155,13.0,104.0,-0.375,-0.012317518248175183
2,3.0,0.0022459292532285235,1.0,7.0,-0.7857142857142858,-0.0017646586989652686
