,chgavg,dt_alt,dt_avg,dt_cont,duration,eta1,ndfpr,rvp,rvx,rvxe,spot_avg,M,S1,Volume
6CZ6_20161019,0.5370588235294118,3.70955993,3.762554058,3.8341825720000005,3.347564681380796,0.38018338341912383,7650.0,0.0064302894236363635,0.005700142392083557,0.005607148836788417,7649.754541889949,29450.0,0.833616298811545,78426.0
