,chgavg,dt_alt,dt_avg,dt_cont,duration,eta1,ndfpr,rvp,rvx,rvxe,spot_avg,M,S1,Volume
6CZ6_20161026,0.5360643377733099,7.3342325950000005,7.235603904,7.109654483000001,5.756296424508742,0.3873997020945329,3979.0,0.005008524272363702,0.004541217307230413,0.004408637818604643,7489.643592964824,18382.0,0.9348240030466243,43435.0
