,chgavg,dt_alt,dt_avg,dt_cont,duration,eta1,ndfpr,rvp,rvx,rvxe,spot_avg,M,S1,Volume
6CZ6_20161018,0.5122967076556922,11.039261328,11.413418934000001,11.853634128000001,11.959803986120694,0.43498306532816644,2521.0,0.0034108402535389265,0.003188867428209062,0.0031813580660407007,7629.904440919905,11580.0,0.9488685437899465,30781.0
