,Trade Qty,Avg_Cost
0,1.0,0.26384800642226386
1,2.0,0.2633723359799415
2,3.0,0.27428160919540223
3,4.0,0.27784005979073245
4,5.0,0.2738738738738739
5,6.0,0.2832434860736747
6,7.0,0.29462059137869606
7,8.0,0.2796242774566474
8,9.0,0.27542735042735045
9,10.0,0.31871921182266005
10,11.0,0.2931562819203269
11,12.0,0.29216269841269843
12,13.0,0.3221594918842625
13,14.0,0.3051948051948052
14,15.0,0.318421052631579
15,16.0,0.28125
16,17.0,0.342156862745098
17,18.0,0.25
18,19.0,0.2951635846372688
19,20.0,0.43249999999999994
20,21.0,0.39761904761904765
21,22.0,0.28181818181818186
22,23.0,0.25
23,24.0,0.375
24,25.0,0.25
25,26.0,0.4102564102564103
26,27.0,0.25
27,28.0,0.25
28,29.0,0.25
29,30.0,0.6666666666666666
30,33.0,0.49242424242424243
31,36.0,0.6180555555555556
32,37.0,0.25
33,38.0,0.6842105263157895
34,39.0,0.391025641025641
35,42.0,0.7857142857142857
36,50.0,0.71
37,51.0,0.8235294117647058
38,61.0,0.25
39,62.0,0.5
40,100.0,1.22
