,ask12qty,ask12tomid,ask1qty,ask1tomid,bid12qty,bid12tomid,bid1qty,bid1tomid,twspr1,twspr2
6CZ6_20161128,55.09272927223281,3.1057999539135164,12.341081706563983,1.7644162577037543,60.10639156495354,2.5097029060779654,14.121440980959317,1.7644162577037543,3.5288325154075397,6.8887120603053615
