,ask12qty,ask12tomid,ask1qty,ask1tomid,bid12qty,bid12tomid,bid1qty,bid1tomid,twspr1,twspr2
w6CH7_20161223,50.876988661115746,1.4633221837938715,12.960781520942266,0.7095602819698852,52.252666178350864,1.460949857116373,13.52954924167523,0.7095602819698852,1.4191205639398052,3.419130114990994
