,Li,lamb,Co,Al,u,eta
0,1.0,0.9635693819074908,1110.0,1243.0,0.4465004022526146,0.43023411661999783
1,2.0,0.03479328694228408,28.0,57.0,-0.00877192982456143,-0.0003052042714235455
2,3.0,0.001637331150225133,1.0,3.0,-0.5,-0.0008186655751125665
