,chgavg,dt_alt,dt_avg,dt_cont,duration,eta1,ndfpr,rvp,rvx,rvxe,spot_avg,M,S1,Volume
w6CH7_20161222,0.5190339746213671,10.822974942,11.788154195,12.901713382,11.868370585277725,0.43023411661999783,2443.0,0.003519364071284628,0.0032818958296830015,0.0032646123325824118,7423.056464811784,8610.0,0.9423858752468347,30006.0
