,Li,lamb,Co,Al,u,eta
0,1.0,0.9737354085603113,892.0,1109.0,0.40216411181244366,0.39160143572398454
1,2.0,0.023832684824902722,16.0,33.0,-0.015151515151515138,-0.0003611012852257985
2,3.0,0.0014591439688715954,0.0,3.0,-1.0,-0.0014591439688715954
3,4.0,0.0009727626459143969,2.0,0.0,inf,inf
