,ask12qty,ask12tomid,ask1qty,ask1tomid,bid12qty,bid12tomid,bid1qty,bid1tomid,twspr1,twspr2
w6CH7_20161221,62.5060664143326,2.706800628540564,14.696226585312113,1.5274978716072598,63.73688345765716,3.4196841041679797,14.175241803186017,1.5274978716072598,3.0549957432145196,7.202792157935581
