,chgavg,dt_alt,dt_avg,dt_cont,duration,eta1,ndfpr,rvp,rvx,rvxe,spot_avg,M,S1,Volume
w6CH7_20161221,0.5229705619982159,12.05953599,12.844288136000001,13.978312292,12.6226631301716,0.3420143457045247,2242.0,0.0033895120655733518,0.002850372751703054,0.002803330766573298,7473.599643334819,8075.0,0.929172857850421,26778.0
