,ask12qty,ask12tomid,ask1qty,ask1tomid,bid12qty,bid12tomid,bid1qty,bid1tomid,twspr1,twspr2
w6CH7_20161219,63.80844003628526,3.1617700963911797,15.142587563569624,2.394703242758009,59.49536947748993,3.169962986140793,12.995151069458677,2.394703242758009,4.789406485516018,7.1459985961892345
