,Li,lamb,Co,Al,u,eta
0,1.0,0.9704075935231714,752.0,985.0,0.3817258883248731,0.37042970067483494
1,2.0,0.027359017308766054,12.0,37.0,-0.17567567567567566,-0.004806313851539982
2,3.0,0.002233389168062535,1.0,3.0,-0.5,-0.0011166945840312675
