,ask12qty,ask12tomid,ask1qty,ask1tomid,bid12qty,bid12tomid,bid1qty,bid1tomid,twspr1,twspr2
w6CH7_20161222,60.19631788699981,3.3015414526443903,13.45380636837671,2.329123510199326,63.11425189607512,3.0954993104135253,17.197322863653675,2.329123510199326,4.658247020398652,8.396868803271989
