,Li,lamb,Co,Al,u,eta
0,1.0,0.9442530535546508,1461.0,1553.0,0.47037990985189954,0.4441576662084175
1,2.0,0.048230504227998745,53.0,101.0,0.024752475247524774,0.0011938243620791779
2,3.0,0.004384591293454432,7.0,7.0,0.5,0.002192295646727216
3,4.0,0.0015659254619480112,3.0,2.0,1.5,0.002348888192922017
4,5.0,0.00031318509238960227,0.0,1.0,-2.0,-0.0006263701847792045
5,6.0,0.00031318509238960227,0.0,1.0,-2.5,-0.0007829627309740056
6,7.0,0.0006263701847792045,0.0,2.0,-3.0,-0.0018791105543376136
7,9.0,0.00031318509238960227,0.0,1.0,-4.0,-0.001252740369558409
