,ask12qty,ask12tomid,ask1qty,ask1tomid,bid12qty,bid12tomid,bid1qty,bid1tomid,twspr1,twspr2
w6CH7_20161227,54.5749060915604,2.2238304191001346,12.247057021659117,0.9908575905710677,66.13080595870052,1.7101636403358251,15.9210574429289,0.9908575905710677,1.9817151811421354,4.964920047631285
