,chgavg,dt_alt,dt_avg,dt_cont,duration,eta1,ndfpr,rvp,rvx,rvxe,spot_avg,M,S1,Volume
x6CH7_010317,0.5169741697416974,10.598792107000001,10.625475678,10.665386427000001,10.807410293120288,0.3892374769689925,2710.0,0.003673752064663103,0.003263799643576894,0.003241396548875528,7451.982847657691,10355.0,0.9606953162723322,28956.0
