,chgavg,dt_alt,dt_avg,dt_cont,duration,eta1,ndfpr,rvp,rvx,rvxe,spot_avg,M,S1,Volume
x6CH7_011217,0.5148230793751992,9.045611478000001,9.174854131,9.331510296000001,9.46783893738433,0.42580849365914863,3137.0,0.003835472884142429,0.003553863655459371,0.0035394931374088806,7626.023900573614,12991.0,0.962278675904542,33990.0
