,ask12qty,ask12tomid,ask1qty,ask1tomid,bid12qty,bid12tomid,bid1qty,bid1tomid,twspr1,twspr2
x6CH7_012017,40.83267502985262,1.4238190976378813,8.329589540209763,0.6355118587080315,40.5005346867019,1.4170589314828963,8.387044304517179,0.6355118587080315,1.271023717416063,3.275685130835051
