,ask12qty,ask12tomid,ask1qty,ask1tomid,bid12qty,bid12tomid,bid1qty,bid1tomid,twspr1,twspr2
x6CH7_011117,33.95631847511503,5.843575364749039,8.367681171417084,1.689442516280542,33.888596243962056,2.5622757219143217,8.905409474345873,1.689442516280542,3.378885032561084,10.345757093006286
