,Li,lamb,Co,Al,u,eta
0,1.0,0.9703337453646477,1572.0,1567.0,0.5015954052329291,0.4867149482173663
1,2.0,0.027194066749072928,26.0,62.0,-0.08064516129032251,-0.0021930698991187826
2,3.0,0.001854140914709518,4.0,2.0,2.0,0.003708281829419036
3,4.0,0.00030902348578491963,1.0,0.0,inf,inf
4,6.0,0.00030902348578491963,0.0,1.0,-2.5,-0.000772558714462299
