,ask12qty,ask12tomid,ask1qty,ask1tomid,bid12qty,bid12tomid,bid1qty,bid1tomid,twspr1,twspr2
x6CH7_011617,31.183717499683716,3.8377630026204597,6.446635838879181,2.844390994734395,29.83146292169431,4.750342479012173,5.8912433964238256,2.844390994734395,5.68878198946879,10.62247217691849
