,ask12qty,ask12tomid,ask1qty,ask1tomid,bid12qty,bid12tomid,bid1qty,bid1tomid,twspr1,twspr2
x6CH7_011217,53.280080363149395,4.0116926167337335,10.709476666154353,1.8904211496277015,51.87470115290894,2.902558932424934,9.780452149517217,1.8904211496277015,3.780842299255403,7.8608170323815845
