,chgavg,dt_alt,dt_avg,dt_cont,duration,eta1,ndfpr,rvp,rvx,rvxe,spot_avg,M,S1,Volume
x6CH7_011017,0.5194214876033058,11.781675931,11.885091437000002,12.018210058000001,11.964852350527451,0.3960371674314153,2420.0,0.003435345466053799,0.003084400616161326,0.003057407931458208,7573.880008261049,8977.0,0.964126559714795,24877.0
