,chgavg,dt_alt,dt_avg,dt_cont,duration,eta1,ndfpr,rvp,rvx,rvxe,spot_avg,M,S1,Volume
x6CH7_012717,0.526183644189383,10.221466974,10.326808301,10.469559289000001,9.96856369481758,0.38904481951927533,2788.0,0.0037385413144680095,0.0033336612828556685,0.003297744468515625,7624.722301900323,10073.0,0.9384370966140403,27289.0
