,ask12qty,ask12tomid,ask1qty,ask1tomid,bid12qty,bid12tomid,bid1qty,bid1tomid,twspr1,twspr2
x6CH7_010517,52.80382709918797,3.826015394090678,11.873789698304815,2.2208698268242983,52.00964741734018,3.026837530439937,11.220649615378127,2.2208698268242983,4.44173965364866,8.119241849155566
