,ask12qty,ask12tomid,ask1qty,ask1tomid,bid12qty,bid12tomid,bid1qty,bid1tomid,twspr1,twspr2
x6CH7_011717,46.40777691690777,1.9865956462061864,9.44199512673805,1.1617893767399787,46.59874707376074,2.8783434075828316,10.545434007144193,1.1617893767399787,2.3235787534799575,6.341637654111756
