,Li,lamb,Co,Al,u,eta
0,1.0,0.9595648232094288,2540.0,2751.0,0.46165030897855325,0.4429833971195836
1,2.0,0.03699002719854941,61.0,143.0,-0.07342657342657344,-0.0027160509481452366
2,3.0,0.002357207615593835,4.0,9.0,-0.33333333333333337,-0.0007857358718646117
3,4.0,0.0007252946509519493,3.0,1.0,4.5,0.0032638259292837716
4,5.0,0.00018132366273798732,1.0,0.0,inf,inf
5,6.0,0.00018132366273798732,1.0,0.0,inf,inf
