,chgavg,dt_alt,dt_avg,dt_cont,duration,eta1,ndfpr,rvp,rvx,rvxe,spot_avg,M,S1,Volume
x6CH7_012517,0.5176991150442478,7.173520413,7.079207531000001,6.967173485,6.382470755763364,0.4030686066895472,4068.0,0.004395546660347043,0.003973807922729424,0.003946547910987803,7641.153723273532,14643.0,0.9519191367299549,42043.0
