,ask12qty,ask12tomid,ask1qty,ask1tomid,bid12qty,bid12tomid,bid1qty,bid1tomid,twspr1,twspr2
x6CH7_011017,52.63674387407945,3.7111818222836153,11.334160718743563,1.819456652234312,52.78326982932336,2.918882954799051,10.743053969878165,1.819456652234312,3.638913304468624,7.913576932956454
