,ask12qty,ask12tomid,ask1qty,ask1tomid,bid12qty,bid12tomid,bid1qty,bid1tomid,twspr1,twspr2
x6CH7_012417,39.6457210723669,2.4583697813980296,8.604221381886894,1.6929312374037264,42.470506031345884,2.4354192029398463,10.458664652030551,1.6929312374037264,3.385862474807453,5.563278412696052
