,ask12qty,ask12tomid,ask1qty,ask1tomid,bid12qty,bid12tomid,bid1qty,bid1tomid,twspr1,twspr2
x6CH7_010417,43.38561775605942,1.9728562175515594,9.456287513605616,1.1799997226020826,44.188970707497575,2.132891559117759,9.202136978265003,1.1799997226020826,2.3599994452042283,5.574458905608202
