,Li,lamb,Co,Al,u,eta
0,1.0,0.9481573312295729,4110.0,4302.0,0.4776847977684798,0.4529203430211
1,2.0,0.04913783387805703,123.0,313.0,-0.10702875399361023,-0.005259161133913452
2,3.0,0.002254029076975093,7.0,13.0,-0.1923076923076923,-0.0004334671301875178
3,4.0,0.00045080581539501857,1.0,3.0,-0.8333333333333335,-0.0003756715128291822
