,Li,lamb,Co,Al,u,eta
0,1.0,0.9396782841823056,359.0,342.0,0.5248538011695907,0.49319371932960193
1,2.0,0.057640750670241284,13.0,29.0,-0.051724137931034475,-0.002981418138115928
2,4.0,0.0013404825737265416,0.0,1.0,-1.5,-0.0020107238605898124
3,5.0,0.0013404825737265416,1.0,0.0,inf,inf
