,ask12qty,ask12tomid,ask1qty,ask1tomid,bid12qty,bid12tomid,bid1qty,bid1tomid,twspr1,twspr2
x6CH7_012717,53.320399290489995,1.4224908261764544,12.24166120086707,0.6343178068078893,56.50067078031281,1.4390777311708272,11.771841180198829,0.6343178068078893,1.2686356136157786,3.2688504976086414
