,Li,lamb,Co,Al,u,eta
0,1.0,0.9682656826568266,1169.0,1454.0,0.40199449793672626,0.3892374769689925
1,2.0,0.02952029520295203,16.0,64.0,-0.25,-0.007380073800738007
2,3.0,0.002214022140221402,2.0,4.0,-0.25,-0.0005535055350553505
