,Li,lamb,Co,Al,u,eta
0,1.0,0.9515781922525107,1193.0,1459.0,0.40884167237834135,0.38904481951927533
1,2.0,0.04483500717360115,29.0,96.0,-0.19791666666666674,-0.008873595169775232
2,3.0,0.0032281205164992827,3.0,6.0,-0.25,-0.0008070301291248207
3,4.0,0.0003586800573888092,0.0,1.0,-1.5,-0.0005380200860832139
