,ask12qty,ask12tomid,ask1qty,ask1tomid,bid12qty,bid12tomid,bid1qty,bid1tomid,twspr1,twspr2
x6CH7_010617,57.399528608846055,1.4511944640893757,12.314368999347268,0.6493380485112482,59.736167152690086,1.4551036752448225,12.667239437396686,0.6493380485112482,1.298676097022531,3.2986794015400296
