,chgavg,dt_alt,dt_avg,dt_cont,duration,eta1,ndfpr,rvp,rvx,rvxe,spot_avg,M,S1,Volume
x6CH7_011317,0.5252590673575129,9.810945886,9.325824437000001,8.782107558,9.015135698596406,0.4426790174078354,3088.0,0.00393582066029297,0.0037213518781893332,0.0037033500757054382,7615.8972159274845,11643.0,0.9547289751739542,29464.0
