,Li,lamb,Co,Al,u,eta
0,1.0,0.9515352197471403,1600.0,1560.0,0.5128205128205128,0.4879667793575078
1,2.0,0.043648404575556896,36.0,109.0,-0.16972477064220182,-0.007408215455484426
2,3.0,0.0039133052378085495,8.0,5.0,1.4000000000000001,0.00547862733293197
3,4.0,0.00030102347983142685,0.0,1.0,-1.5,-0.0004515352197471403
4,5.0,0.00030102347983142685,0.0,1.0,-2.0,-0.0006020469596628537
5,6.0,0.00030102347983142685,0.0,1.0,-2.5,-0.0007525586995785671
