,chgavg,dt_alt,dt_avg,dt_cont,duration,eta1,ndfpr,rvp,rvx,rvxe,spot_avg,M,S1,Volume
x6CH7_011917,0.5229686342306742,7.086874444,7.10673282,7.132242077000001,7.002628944033869,0.43622604575432433,4049.0,0.004527193960329112,0.004251782883462478,0.004228632035242127,7512.471728395061,14842.0,0.9590324102149451,37853.0
