,Li,lamb,Co,Al,u,eta
0,1.0,0.9605194805194806,1694.0,2003.0,0.42286570144782826,0.40617074388417373
1,2.0,0.0374025974025974,39.0,105.0,-0.12857142857142856,-0.0048089053803339514
2,3.0,0.0015584415584415584,4.0,2.0,2.0,0.003116883116883117
3,4.0,0.0005194805194805195,1.0,1.0,0.5,0.00025974025974025974
