,chgavg,dt_alt,dt_avg,dt_cont,duration,eta1,ndfpr,rvp,rvx,rvxe,spot_avg,M,S1,Volume
x6CH7_010617,0.5275436484045756,8.913015516,8.663546122000001,8.414321213000001,8.234083562587369,0.4879667793575078,3322.0,0.0041430249060278755,0.004097450499986595,0.004092867356912614,7570.373909118267,11670.0,0.9521686953540203,35967.0
