,Li,lamb,Co,Al,u,eta
0,1.0,0.9643734643734644,1702.0,2222.0,0.382988298829883,0.3693437525570739
1,2.0,0.033169533169533166,24.0,111.0,-0.28378378378378377,-0.009412975629191845
2,3.0,0.0007371007371007371,1.0,2.0,-0.25,-0.00018427518427518427
3,4.0,0.0017199017199017199,2.0,5.0,-0.7,-0.0012039312039312038
