,chgavg,dt_alt,dt_avg,dt_cont,duration,eta1,ndfpr,rvp,rvx,rvxe,spot_avg,M,S1,Volume
x6CH7_012017,0.5359543010752689,6.759059091,6.450009478,6.129276729000001,5.6076960332863415,0.4684251103002916,4464.0,0.0050683664536765455,0.004932075377321422,0.0049057237589155405,7498.6359462486,15639.0,0.9577311676684999,39065.0
