,chgavg,dt_alt,dt_avg,dt_cont,duration,eta1,ndfpr,rvp,rvx,rvxe,spot_avg,M,S1,Volume
x6CH7_012517,0.5175510204081633,7.849908566000001,7.829841409,7.787272791,7.960145015266612,0.3961460089423148,3675.0,0.0041738287913961605,0.003741587257319768,0.0037151578497415213,7642.710146898803,13325.0,0.9490431519699812,37970.0
