,chgavg,dt_alt,dt_avg,dt_cont,duration,eta1,ndfpr,rvp,rvx,rvxe,spot_avg,M,S1,Volume
x6CH7_012617,0.5273388116308471,9.238495037,9.101286755,8.955699109000001,8.7121507239814,0.4526428250851994,3164.0,0.003992836675788433,0.0038159380803174043,0.0037990443560075027,7636.56887835703,11153.0,0.9400950587391266,29672.0
