,chgavg,dt_alt,dt_avg,dt_cont,duration,eta1,ndfpr,rvp,rvx,rvxe,spot_avg,M,S1,Volume
x6CH7_010917,0.5174568965517241,12.574721937000001,12.41313699,12.230293793000001,12.620847417400157,0.43463575941037114,2320.0,0.003348759159742395,0.0031325007136056345,0.0031222066166144273,7565.094140456699,8722.0,0.9581470014906548,23799.0
