,Li,lamb,Co,Al,u,eta
0,1.0,0.9876543209876543,84.0,155.0,0.2709677419354839,0.26762246117084826
1,2.0,0.012345679012345678,0.0,3.0,-0.5,-0.006172839506172839
