,Li,lamb,Co,Al,u,eta
0,1.0,1.0,122.0,242.0,0.25206611570247933,0.25206611570247933
