,ask12qty,ask12tomid,ask1qty,ask1tomid,bid12qty,bid12tomid,bid1qty,bid1tomid,twspr1,twspr2
6MM4_20140505,408.69024372085994,1.5974140666376038,131.36438920519782,0.8587500135807902,438.39594327600264,1.5184050240430296,150.2369917018903,0.8587500135807902,1.7175000271615803,3.8034253160249865
