,chgavg,dt_alt,dt_avg,dt_cont,duration,eta1,ndfpr,rvp,rvxe,spot_avg,M
6MM4_20140422,25.421940928270043,110.21305025100001,121.484430379,184.416405405,128.04227810818512,0.09311615155604104,237.0,0.005211257431382611,0.00224889943083512,76312.07983193277,1653
