,chgavg,dt_alt,dt_avg,dt_cont,duration,eta1,ndfpr,rvp,rvx,rvxe,spot_avg,M,S1
6MM4_20140609,25.17543859649123,79.594064356,100.960859649,153.432268292,111.33411361798345,0.19663018933472295,285.0,0.005545647998157661,0.003557696197374134,0.003477702250981115,76903.4965034965,2362.0,0.9958663451601791
