,ask12qty,ask12tomid,ask1qty,ask1tomid,bid12qty,bid12tomid,bid1qty,bid1tomid,twspr1,twspr2
6MM4_20140519,368.00384627581036,1.7719134325413342,116.92045780968785,1.082948893954007,381.6508740783595,1.729187174419087,130.70403052270834,1.082948893954007,2.165897787908014,4.256994490846049
