,Li,lamb,Co,Al,u,eta
0,1.0,0.9957627118644068,67.0,167.0,0.20059880239520955,0.1997488074698061
1,2.0,0.00423728813559322,0.0,1.0,-0.5,-0.00211864406779661
