,chgavg,dt_alt,dt_avg,dt_cont,duration,eta1,ndfpr,rvp,rvx,rvxe,spot_avg,M,S1,Volume
6MM4_20140320,25.440528634361232,108.57118656700001,126.76513215800001,152.662369565,134.4584125793451,0.3401415031370979,227.0,0.005183863553251369,0.004312551178419468,0.004275612842603595,74862.60964912281,3182.0,0.9842417979850168,26373.0
