,chgavg,dt_alt,dt_avg,dt_cont,duration,eta1,ndfpr,rvp,rvx,rvxe,spot_avg,M,S1
6MM4_20140530,25.176056338028168,171.846431192,200.560492957,266.90021875,223.44841270210105,0.14710485133020343,142.0,0.003876086378373094,0.002121860557432866,0.0021024319233787845,77665.90909090909,1678.0,0.9942196531791907
