,chgavg,dt_alt,dt_avg,dt_cont,duration,eta1,ndfpr,rvp,rvxe,spot_avg,M
6MM4_20140317,25.555555555555557,151.326157894,159.861727777,167.872,168.77240627966904,0.44106280193236713,180.0,0.004595231657318395,0.004315912427842835,75379.69613259668,1787
