,chgavg,dt_alt,dt_avg,dt_cont,duration,eta1,ndfpr,rvp,rvx,rvxe,spot_avg,M,S1,Volume
6MM4_20140319,25.083194675540767,41.427235159000006,47.833575707,65.44969135800001,47.44382634327681,0.18359751291706805,601.0,0.008192452788443846,0.0050040601864727455,0.00496434941926627,75185.21594684385,3933.0,0.9914912673533364,25518.0
