,chgavg,dt_alt,dt_avg,dt_cont,duration,eta1,ndfpr,rvp,rvx,rvxe,spot_avg,M,S1
6MM4_20140403,25.0,102.12360000000001,116.071548387,176.755255319,130.64473568033887,0.1175,248.0,0.005197476732899742,0.0025226987028968495,0.0025195703267468107,75748.49397590362,2326.0,0.9885945548197204
