,Li,lamb,Co,Al,u,eta
0,1.0,1.0,70.0,180.0,0.19444444444444442,0.19444444444444442
