,Li,lamb,Co,Al,u,eta
0,1.0,1.0,133.0,171.0,0.3888888888888889,0.3888888888888889
