,Li,lamb,Co,Al,u,eta
0,1.0,0.9942857142857143,42.0,131.0,0.16030534351145037,0.15938931297709924
1,2.0,0.005714285714285714,0.0,1.0,-0.5,-0.002857142857142857
