,Li,lamb,Co,Al,u,eta
0,1.0,0.9929824561403509,80.0,202.0,0.19801980198019803,0.19663018933472295
1,2.0,0.007017543859649123,2.0,0.0,inf,inf
