,chgavg,dt_alt,dt_avg,dt_cont,duration,eta1,ndfpr,rvp,rvx,rvxe,spot_avg,M,S1,Volume
6MM4_20140522,25.0,111.299932835,148.04125000000002,271.469170731,184.09189082019938,0.15298507462686567,176.0,0.004282111017780076,0.002371411913350818,0.0023686312338001957,77452.82485875706,1862.0,0.9964173757277206,14907.0
