,ask12qty,ask12tomid,ask1qty,ask1tomid,bid12qty,bid12tomid,bid1qty,bid1tomid,twspr1,twspr2
6MM4_20140429,409.107306182952,1.6356185890215844,150.26902217116822,1.009442657440394,446.68056398217885,1.6614152848102994,148.2073403842321,1.009442657440394,2.018885314880788,4.110445419498438
