,Li,lamb,Co,Al,u,eta
0,1.0,1.0,43.0,122.0,0.17622950819672134,0.17622950819672134
