,chgavg,dt_alt,dt_avg,dt_cont,duration,eta1,ndfpr,rvp,rvxe,spot_avg,M
6MM4_20140430,25.127551020408163,115.90813986,145.34600510200002,216.615980769,162.8127864221084,0.18216441506179937,196.0,0.004631745348440695,0.0027957056468996357,76141.87817258883,2162
