,Li,lamb,Co,Al,u,eta
0,1.0,0.9834710743801653,35.0,83.0,0.21084337349397592,0.20735835905605898
1,2.0,0.01652892561983471,0.0,2.0,-0.5,-0.008264462809917356
