,Li,lamb,Co,Al,u,eta
0,1.0,1.0,70.0,213.0,0.16431924882629112,0.16431924882629112
