,chgavg,dt_alt,dt_avg,dt_cont,duration,eta1,ndfpr,rvp,rvx,rvxe,spot_avg,M,S1
6MM4_20140429,25.0,126.66713761400001,194.86506122400002,398.072243243,220.40772685504066,0.16972477064220182,147.0,0.003986294192776406,0.0023252831449060893,0.002322506617010803,76037.83783783784,2284.0,0.996077032810271
