,chgavg,dt_alt,dt_avg,dt_cont,duration,eta1,ndfpr,rvp,rvxe,spot_avg,M
6MM4_20140506,25.161290322580644,154.878965217,185.665535483,279.265974358,205.06580638679722,0.16994906621392186,155.0,0.00410283799430063,0.0023919866849999557,76591.66666666667,2536
