,ask12qty,ask12tomid,ask1qty,ask1tomid,bid12qty,bid12tomid,bid1qty,bid1tomid,twspr1,twspr2
6MM4_20140610,420.6947442913239,1.816257081961628,141.06294469096778,1.1276252769565538,430.33287143279745,1.7939635310210489,157.87559580134823,1.1276252769565538,2.2552505539131076,4.259732016563683
