,ask12qty,ask12tomid,ask1qty,ask1tomid,bid12qty,bid12tomid,bid1qty,bid1tomid,twspr1,twspr2
6MM4_20140612,354.09496973712913,2.3454812654762773,118.44409091539396,1.323172280086875,373.245902663821,2.015515116033094,130.68919376681185,1.323172280086875,2.64634456017375,4.940262061133896
