,Li,lamb,Co,Al,u,eta
0,1.0,1.0,46.0,178.0,0.1292134831460674,0.1292134831460674
