,Li,lamb,Co,Al,u,eta
0,1.0,1.0,40.0,97.0,0.20618556701030927,0.20618556701030927
