,Li,lamb,Co,Al,u,eta
0,1.0,0.9954337899543378,109.0,326.0,0.16717791411042948,0.1664145446396056
1,2.0,0.0045662100456621,1.0,1.0,0.5,0.00228310502283105
