,ask12qty,ask12tomid,ask1qty,ask1tomid,bid12qty,bid12tomid,bid1qty,bid1tomid,twspr1,twspr2
6MM4_20140502,407.2853136849848,1.231589213409877,138.18543678694306,0.5249380253934769,384.84010732079554,1.2614102993550933,114.82144385971516,0.5249380253934769,1.0498760507869538,3.049876050786954
