,ask12qty,ask12tomid,ask1qty,ask1tomid,bid12qty,bid12tomid,bid1qty,bid1tomid,twspr1,twspr2
6MM4_20140508,492.2572992001752,1.8075047283381032,176.50730925458447,1.1315164262194177,403.86445011208934,1.9807574412522333,119.85657652967227,1.1315164262194177,2.2630328524388355,4.361565353150824
