,chgavg,dt_alt,dt_avg,dt_cont,duration,eta1,ndfpr,rvp,rvx,rvxe,spot_avg,M,S1,Volume
6MM4_20140527,25.35211267605634,176.518039603,201.621380281,262.88507500000003,216.011923871739,0.1917096639241389,142.0,0.003946959165815688,0.0025647740918072867,0.0024439911789475126,77573.07692307692,1480.0,0.9963389121338913,11598.0
