,chgavg,dt_alt,dt_avg,dt_cont,duration,eta1,ndfpr,rvp,rvx,rvxe,spot_avg,M,S1,Volume
6MM4_20140513,25.0,146.97030158700002,177.08360625,291.303424242,202.49770563816793,0.13095238095238093,160.0,0.004096954722153487,0.002100221753182785,0.002096683423824701,77186.49068322981,2153.0,0.9973056197074672,19681.0
