,ask12qty,ask12tomid,ask1qty,ask1tomid,bid12qty,bid12tomid,bid1qty,bid1tomid,twspr1,twspr2
6MM4_20140515,374.8239136227417,1.9637189611710193,110.95448612418647,1.274265848152672,404.32625826834544,2.0235838606573973,128.8431008972486,1.274265848152672,2.548531696305344,4.550120000137042
