,ask12qty,ask12tomid,ask1qty,ask1tomid,bid12qty,bid12tomid,bid1qty,bid1tomid,twspr1,twspr2
6MM4_20140522,453.15876318445294,1.4917860125305182,175.97180560852325,0.894948263837068,400.775305267515,1.7138112776767058,123.69925623333447,0.894948263837068,1.789896527674136,3.8919005197615735
