,chgavg,dt_alt,dt_avg,dt_cont,duration,eta1,ndfpr,rvp,rvx,rvxe,spot_avg,M,S1,Volume
6MM4_20140417,25.203252032520325,223.18347500000002,233.304715447,257.749666666,257.15605860407686,0.2636616239580117,123.0,0.0036808471554046897,0.002681856688806222,0.0026729217394278275,76237.09677419355,1082.0,0.9925317401045557,9244.0
