,chgavg,dt_alt,dt_avg,dt_cont,duration,eta1,ndfpr,rvp,rvx,rvxe,spot_avg,M,S1,Volume
6MM4_20140508,25.07668711656442,71.368358974,88.33342638,132.90492307600002,98.47813156799577,0.19467995471181443,326.0,0.005887030023598445,0.003682744897902548,0.0036734308319331015,77027.59938837921,3278.0,0.9921419518377693,31301.0
