,chgavg,dt_alt,dt_avg,dt_cont,duration,eta1,ndfpr,rvp,rvx,rvxe,spot_avg,M,S1,Volume
6MM4_20140505,25.0,130.013425,141.084305,183.995410256,162.00094641869572,0.12187500000000001,200.0,0.004621509282055698,0.002284923802255695,0.0022816873878241844,76501.49253731343,2214.0,0.995253742241694,21704.0
