,Li,lamb,Co,Al,u,eta
0,1.0,0.9895652173913043,160.0,408.0,0.196078431372549,0.1940323955669224
1,2.0,0.008695652173913044,2.0,3.0,0.16666666666666663,0.0014492753623188404
2,4.0,0.0017391304347826088,0.0,1.0,-1.5,-0.0026086956521739132
