,chgavg,dt_alt,dt_avg,dt_cont,duration,eta1,ndfpr,rvp,rvx,rvxe,spot_avg,M,S1,Volume
6MM4_20140528,25.16891891891892,162.507867924,194.153804054,279.346487804,214.56848851166453,0.18740438551759306,148.0,0.003960457281360003,0.0024831337331410286,0.002424656415930212,77568.28859060403,2088.0,0.9967974379503602,14233.0
