,Li,lamb,Co,Al,u,eta
0,1.0,1.0,95.0,209.0,0.2272727272727273,0.2272727272727273
