,Li,lamb,Co,Al,u,eta
0,1.0,0.9915611814345991,37.0,197.0,0.09390862944162437,0.09311615155604104
1,3.0,0.008438818565400843,0.0,2.0,-1.0,-0.008438818565400843
