,chgavg,dt_alt,dt_avg,dt_cont,duration,eta1,ndfpr,rvp,rvx,rvxe,spot_avg,M,S1
6MM4_20140501,25.471698113207548,190.377376623,267.96493396200003,482.49050000000005,289.3121451527454,0.1831446540880503,106.0,0.0034667473933976895,0.0021295330137896047,0.0020981393005478324,76314.4859813084,884.0,0.9915572232645403
