,Li,lamb,Co,Al,u,eta
0,1.0,1.0,97.0,312.0,0.15544871794871795,0.15544871794871795
