,chgavg,dt_alt,dt_avg,dt_cont,duration,eta1,ndfpr,rvp,rvx,rvxe,spot_avg,M,S1,Volume
6MM4_20140603,25.130208333333332,118.185674242,149.424567708,219.631491525,166.1488608017577,0.21855271464646467,192.0,0.004523593246357935,0.003034478829457686,0.0029907261457385254,77175.64766839378,2017.0,0.9963956748097718,18898.0
