,Li,lamb,Co,Al,u,eta
0,1.0,1.0,46.0,113.0,0.20353982300884954,0.20353982300884954
