,ask12qty,ask12tomid,ask1qty,ask1tomid,bid12qty,bid12tomid,bid1qty,bid1tomid,twspr1,twspr2
6MM4_20140324,343.93544829807604,1.966454886183254,91.78040854545667,1.106467941944762,326.3948901755841,1.8417353998816839,85.94066323481636,1.106467941944762,2.212935883889524,4.476787232050148
