,chgavg,dt_alt,dt_avg,dt_cont,duration,eta1,ndfpr,rvp,rvx,rvxe,spot_avg,M,S1
6MM4_20140407,25.0,100.936864864,121.76516239300001,159.08312941100002,138.46093582948365,0.28716216216216217,234.0,0.00500747549071324,0.0037954482110349515,0.0037948746704708053,76371.27659574468,3439.0,0.9962201748169147
