,chgavg,dt_alt,dt_avg,dt_cont,duration,eta1,ndfpr,rvp,rvx,rvxe,spot_avg,M,S1,Volume
6MM4_20140612,25.41322314049587,216.041364705,234.77459504100003,281.896428571,255.12135421764816,0.20735835905605898,121.0,0.003657733186349862,0.002380138449780682,0.0023555254136079394,77024.18032786885,1249.0,0.9929802169751116,9023.0
