,chgavg,dt_alt,dt_avg,dt_cont,duration,eta1,ndfpr,rvp,rvxe,spot_avg,M
6MM4_20140505,25.0,130.013425,141.084305,183.995410256,162.00094641869572,0.12187500000000001,200.0,0.004621509282055698,0.0022816873878241844,76501.49253731343,2214
