,Li,lamb,Co,Al,u,eta
0,1.0,1.0,50.0,82.0,0.3048780487804878,0.3048780487804878
