,Li,lamb,Co,Al,u,eta
0,1.0,1.0,49.0,136.0,0.18014705882352944,0.18014705882352944
