,Li,lamb,Co,Al,u,eta
0,1.0,0.9957081545064378,62.0,169.0,0.1834319526627219,0.18264469106331108
1,2.0,0.004291845493562232,1.0,0.0,inf,inf
