,Li,lamb,Co,Al,u,eta
0,1.0,1.0,37.0,109.0,0.16972477064220182,0.16972477064220182
