,ask12qty,ask12tomid,ask1qty,ask1tomid,bid12qty,bid12tomid,bid1qty,bid1tomid,twspr1,twspr2
6MM4_20140611,418.12021698447097,1.7992177208329514,133.43517932065404,1.0667124446852376,391.5639790501759,1.8198428091394971,131.74080852760255,1.0667124446852376,2.1334248893704753,4.151617959312214
