,ask12qty,ask12tomid,ask1qty,ask1tomid,bid12qty,bid12tomid,bid1qty,bid1tomid,twspr1,twspr2
6MM4_20140516,462.87454743000865,1.2498375793541034,152.7705196052638,0.5388662356735866,461.7651643738236,1.2619579023267924,146.42099840036468,0.5388662356735866,1.0777324713471732,3.0780919196731604
