,Li,lamb,Co,Al,u,eta
0,1.0,0.9936908517350158,89.0,225.0,0.19777777777777777,0.19652996845425869
1,2.0,0.006309148264984227,2.0,0.0,inf,inf
