,ask12qty,ask12tomid,ask1qty,ask1tomid,bid12qty,bid12tomid,bid1qty,bid1tomid,twspr1,twspr2
6MM4_20140417,376.7923644466008,1.2799329088278326,99.54464332236851,0.5347123491688757,349.2891427312917,1.319381832522492,79.5148302071965,0.5347123491688757,1.0694246983377513,3.0694782982925077
