,chgavg,dt_alt,dt_avg,dt_cont,duration,eta1,ndfpr,rvp,rvxe,spot_avg,M
6MM4_20140325,25.12853470437018,65.24940138400001,74.000357326,99.645949494,82.02703999400121,0.17158711249249842,389.0,0.006565235291608487,0.003845985355017606,75680.44871794872,3901
