,chgavg,dt_alt,dt_avg,dt_cont,duration,eta1,ndfpr,rvp,rvxe,spot_avg,M
6MM4_20140425,25.0,92.79238202200001,123.81509333300001,245.93589130400002,143.99916199683713,0.1292134831460674,225.0,0.004946024099816919,0.0025143465903662856,75818.69469026549,3191
