,Li,lamb,Co,Al,u,eta
0,1.0,0.9931506849315068,60.0,229.0,0.13100436681222705,0.13010707662858165
1,2.0,0.00684931506849315,0.0,2.0,-0.5,-0.003424657534246575
