,ask12qty,ask12tomid,ask1qty,ask1tomid,bid12qty,bid12tomid,bid1qty,bid1tomid,twspr1,twspr2
6MM4_20140606,387.48407684710423,1.2273601386899011,138.4920636001382,0.5335822657065509,409.42491605575594,1.2525271822349215,137.87680126358498,0.5335822657065509,1.0671645314131017,3.067651180319
