,chgavg,dt_alt,dt_avg,dt_cont,duration,eta1,ndfpr,rvp,rvx,rvxe,spot_avg,M,S1,Volume
6MM4_20140321,25.308641975308642,113.72911250000001,118.124341563,126.799670731,128.5750132616305,0.2579224659904065,243.0,0.005282393943449819,0.0038120142419346176,0.0037939392311945944,75128.27868852459,2791.0,0.9972384166922369,21630.0
