,Li,lamb,Co,Al,u,eta
0,1.0,0.9969325153374233,91.0,233.0,0.19527896995708155,0.19467995471181443
1,2.0,0.003067484662576687,0.0,1.0,-0.5,-0.0015337423312883436
