,ask12qty,ask12tomid,ask1qty,ask1tomid,bid12qty,bid12tomid,bid1qty,bid1tomid,twspr1,twspr2
6MM4_20140318,322.91848172941076,1.98846974127281,97.34828225263684,1.3174264329492271,318.69337860270497,2.022331302020279,84.33192564986355,1.3174264329492271,2.6348528658984542,4.824491228928044
