,Li,lamb,Co,Al,u,eta
0,1.0,1.0,28.0,127.0,0.11023622047244097,0.11023622047244097
