,chgavg,dt_alt,dt_avg,dt_cont,duration,eta1,ndfpr,rvp,rvx,rvxe,spot_avg,M,S1,Volume
6MM4_20140328,25.0,115.288698529,149.330080645,244.727224489,174.19299927467213,0.18014705882352944,186.0,0.0044852648096298875,0.002694147965336861,0.002692257990943535,76016.71122994652,2585.0,0.9955170352659892,27148.0
