,ask12qty,ask12tomid,ask1qty,ask1tomid,bid12qty,bid12tomid,bid1qty,bid1tomid,twspr1,twspr2
6MM4_20140528,476.6571465227056,1.2183534604136728,163.97107654216072,0.5140539077185932,459.40723475576397,1.2345949661780586,150.62542863515327,0.5140539077185932,1.0281078154371863,3.028107885049067
