,Li,lamb,Co,Al,u,eta
0,1.0,0.9929577464788732,32.0,108.0,0.14814814814814814,0.14710485133020343
1,2.0,0.007042253521126761,0.0,1.0,-0.5,-0.0035211267605633804
