,chgavg,dt_alt,dt_avg,dt_cont,duration,eta1,ndfpr,rvp,rvx,rvxe,spot_avg,M,S1,Volume
6MM4_20140519,25.0,110.62569465600001,165.064413793,332.60776190400003,186.2089146166083,0.16030534351145037,174.0,0.004262446375539329,0.002416380261606606,0.0024135034595968025,77366.57142857143,1438.0,0.9953216374269006,12252.0
