,chgavg,dt_alt,dt_avg,dt_cont,duration,eta1,ndfpr,rvp,rvx,rvxe,spot_avg,M,S1
6MM4_20140509,25.0,186.83006185500003,195.31545578200002,214.24702040800003,220.40423371984048,0.25257731958762886,147.0,0.0039434002703491984,0.0028043192624937143,0.0028027414394601546,76865.54054054055,2468.0,0.994614607876136
