,Li,lamb,Co,Al,u,eta
0,1.0,1.0,33.0,126.0,0.13095238095238093,0.13095238095238093
