,ask12qty,ask12tomid,ask1qty,ask1tomid,bid12qty,bid12tomid,bid1qty,bid1tomid,twspr1,twspr2
6MM4_20140403,359.5854061971987,2.405542031368171,110.12664446280877,1.0869802942561608,336.76378864699416,1.9410303206510262,96.68023444488637,1.0869802942561608,2.1739605885123217,5.037757155608145
