,Li,lamb,Co,Al,u,eta
0,1.0,0.994535519125683,54.0,127.0,0.2125984251968504,0.21143668516845232
1,2.0,0.00546448087431694,0.0,1.0,-0.5,-0.00273224043715847
