,Li,lamb,Co,Al,u,eta
0,1.0,0.9876543209876543,82.0,157.0,0.2611464968152866,0.2579224659904065
1,2.0,0.012345679012345678,0.0,3.0,-0.5,-0.006172839506172839
