,chgavg,dt_alt,dt_avg,dt_cont,duration,eta1,ndfpr,rvp,rvxe,spot_avg,M
6MM4_20140529,25.0,186.83249275300003,258.105907407,382.571421052,300.00323494332383,0.2753623188405797,108.0,0.0033405441009855216,0.0024790452984850236,77773.62385321101,1368
