,Li,lamb,Co,Al,u,eta
0,1.0,1.0,48.0,150.0,0.16000000000000003,0.16000000000000003
