,Li,lamb,Co,Al,u,eta
0,1.0,0.9775280898876404,29.0,57.0,0.2543859649122807,0.2486694263749261
1,2.0,0.011235955056179775,0.0,1.0,-0.5,-0.0056179775280898875
2,4.0,0.011235955056179775,0.0,1.0,-1.5,-0.016853932584269662
