,Li,lamb,Co,Al,u,eta
0,1.0,0.9811320754716981,28.0,75.0,0.18666666666666665,0.1831446540880503
1,2.0,0.018867924528301886,0.0,2.0,-0.5,-0.009433962264150943
