,Li,lamb,Co,Al,u,eta
0,1.0,1.0,46.0,223.0,0.10313901345291482,0.10313901345291482
