,chgavg,dt_alt,dt_avg,dt_cont,duration,eta1,ndfpr,rvp,rvxe,spot_avg,M
6MM4_20140423,25.627615062761507,96.931354037,120.489359832,170.219363636,126.0978645048786,0.2328571809290302,239.0,0.005267935805380205,0.0035950115463605175,76070.83333333333,3028
