,Li,lamb,Co,Al,u,eta
0,1.0,0.9969230769230769,120.0,203.0,0.2955665024630542,0.2946570670708602
1,2.0,0.003076923076923077,1.0,0.0,inf,inf
