,Li,lamb,Co,Al,u,eta
0,1.0,0.9285714285714286,2.0,23.0,0.04347826086956519,0.04037267080745339
1,2.0,0.07142857142857142,0.0,2.0,-0.5,-0.03571428571428571
