,Li,lamb,Co,Al,u,eta
0,1.0,0.9428571428571428,4.0,28.0,0.0714285714285714,0.06734693877551018
1,2.0,0.05714285714285714,0.0,2.0,-0.5,-0.02857142857142857
