,Li,lamb,Co,Al,u,eta
0,1.0,1.0,120.0,265.0,0.22641509433962265,0.22641509433962265
