,ask12qty,ask12tomid,ask1qty,ask1tomid,bid12qty,bid12tomid,bid1qty,bid1tomid,twspr1,twspr2
6MM4_20140529,411.50972331132255,1.5977466571656136,147.05822259882618,0.7502303136259754,409.6379613142308,1.4277719168149907,136.5355525122018,0.7502303136259754,1.5004606272519507,3.7549116711215644
