,ask12qty,ask12tomid,ask1qty,ask1tomid,bid12qty,bid12tomid,bid1qty,bid1tomid,twspr1,twspr2
6MM4_20140317,305.95701962796994,1.9071323382175618,86.73549450868099,1.2036334058423817,334.10270121198675,2.119173854688532,94.3729368740681,1.2036334058423817,2.4072668116847633,4.7274683494208505
