,chgavg,dt_alt,dt_avg,dt_cont,duration,eta1,ndfpr,rvp,rvx,rvxe,spot_avg,M,S1
6MM4_20140404,25.324675324675326,70.352213438,74.769932467,83.725305343,80.60283177370765,0.26031919887341576,385.0,0.006562670751796253,0.00476965107740176,0.00473531324978904,76375.97150259068,6137.0,0.9962928637627433
