,ask12qty,ask12tomid,ask1qty,ask1tomid,bid12qty,bid12tomid,bid1qty,bid1tomid,twspr1,twspr2
6MM4_20140501,388.5887463204782,1.5509555661058902,114.5873954756702,0.8291459740594204,388.19977471786734,1.5341259978967072,124.08923999079776,0.8291459740594204,1.6582919481188407,3.671743423971206
