,Li,lamb,Co,Al,u,eta
0,1.0,0.9803921568627451,29.0,70.0,0.20714285714285718,0.20308123249299723
1,2.0,0.0196078431372549,0.0,2.0,-0.5,-0.00980392156862745
