,chgavg,dt_alt,dt_avg,dt_cont,duration,eta1,ndfpr,rvp,rvx,rvxe,spot_avg,M,S1
6MM4_20140428,25.087412587412587,80.84601298700001,100.606447552,185.86246296200002,112.1122722342956,0.11698084524171479,286.0,0.0056040908981994765,0.002728297188559563,0.002710675598397481,75836.93379790941,2280.0,0.9926172019195275
