,chgavg,dt_alt,dt_avg,dt_cont,duration,eta1,ndfpr,rvp,rvxe,spot_avg,M
6MM4_20140414,25.375,129.619024844,143.93044500000002,207.08800000000002,153.58593929970166,0.1183018867924528,200.0,0.004761779810840387,0.0023162217891866768,76254.85074626865,1985
