,Li,lamb,Co,Al,u,eta
0,1.0,0.9844559585492227,49.0,140.0,0.175,0.17227979274611396
1,2.0,0.015544041450777202,0.0,3.0,-0.5,-0.007772020725388601
