,Li,lamb,Co,Al,u,eta
0,1.0,1.0,77.0,245.0,0.15714285714285714,0.15714285714285714
