,ask12qty,ask12tomid,ask1qty,ask1tomid,bid12qty,bid12tomid,bid1qty,bid1tomid,twspr1,twspr2
6MM4_20140416,329.26424734779425,2.1640234365311386,97.54565646454026,1.4855012620314882,326.3366693376197,2.342816487752686,87.19619567708351,1.4855012620314882,2.9710025240629765,5.415662897311986
