,Li,lamb,Co,Al,u,eta
0,1.0,0.9929577464788732,39.0,101.0,0.19306930693069307,0.1917096639241389
1,3.0,0.007042253521126761,1.0,0.0,inf,inf
