,ask12qty,ask12tomid,ask1qty,ask1tomid,bid12qty,bid12tomid,bid1qty,bid1tomid,twspr1,twspr2
6MM4_20140401,419.96979170152133,1.8226033325802042,134.67033826849135,1.0854752485430788,415.0871172213107,1.7455021540453142,134.30130938021625,1.0854752485430788,2.1709504970861575,4.363086900160129
