,chgavg,dt_alt,dt_avg,dt_cont,duration,eta1,ndfpr,rvp,rvxe,spot_avg,M
6MM4_20140328,25.0,115.288698529,149.330080645,244.727224489,174.19299927467213,0.18014705882352944,186.0,0.0044852648096298875,0.002692257990943535,76016.71122994652,2585
