,Li,lamb,Co,Al,u,eta
0,1.0,1.0,95.0,118.0,0.4025423728813559,0.4025423728813559
