,chgavg,dt_alt,dt_avg,dt_cont,duration,eta1,ndfpr,rvp,rvxe,spot_avg,M
6MM4_20140602,25.134408602150536,144.126237037,145.98338172,146.43534,171.4307470947194,0.1805057745917961,186.0,0.004442201552656705,0.002669062892637298,77369.51871657754,1995
