,Li,lamb,Co,Al,u,eta
0,1.0,0.8588235294117647,25.0,47.0,0.26595744680851063,0.22841051314142677
1,2.0,0.10588235294117647,2.0,7.0,-0.2142857142857143,-0.022689075630252103
2,3.0,0.011764705882352941,0.0,1.0,-1.0,-0.011764705882352941
3,4.0,0.011764705882352941,0.0,1.0,-1.5,-0.01764705882352941
4,10.0,0.011764705882352941,0.0,1.0,-4.5,-0.052941176470588235
