,Li,lamb,Co,Al,u,eta
0,1.0,1.0,81.0,203.0,0.1995073891625616,0.1995073891625616
