,Li,lamb,Co,Al,u,eta
0,1.0,0.9966442953020134,90.0,206.0,0.2184466019417476,0.21771355965335246
1,2.0,0.003355704697986577,1.0,0.0,inf,inf
