,chgavg,dt_alt,dt_avg,dt_cont,duration,eta1,ndfpr,rvp,rvxe,spot_avg,M
6MM4_20140520,25.0,104.25885714200001,146.062793814,211.36911940200002,167.00816755848388,0.26587301587301587,194.0,0.004515023678930931,0.0032923967255832796,77122.94871794872,2006
