,Li,lamb,Co,Al,u,eta
0,1.0,0.9923664122137404,64.0,195.0,0.16410256410256407,0.16284987277353685
1,2.0,0.003816793893129771,1.0,0.0,inf,inf
2,3.0,0.003816793893129771,0.0,1.0,-1.0,-0.003816793893129771
