,chgavg,dt_alt,dt_avg,dt_cont,duration,eta1,ndfpr,rvp,rvx,rvxe,spot_avg,M,S1,Volume
6MU4_20140711,25.0,182.20255963300002,196.27417482500002,241.91551515100002,226.5757407078203,0.1513761467889908,143.0,0.003900366831567451,0.0021492940762870994,0.0021460961504621884,76647.91666666667,1235.0,0.9966799468791501,7460.0
