,ask12qty,ask12tomid,ask1qty,ask1tomid,bid12qty,bid12tomid,bid1qty,bid1tomid,twspr1,twspr2
6MU4_20140627,469.74111540999206,1.2035327650259777,178.26498642496864,0.5368891867793576,423.950987050771,1.2355614284490821,160.3618159426214,0.5368891867793576,1.0737783735587152,3.073778373558715
