,Li,lamb,Co,Al,u,eta
0,1.0,1.0,43.0,128.0,0.16796875,0.16796875
