,chgavg,dt_alt,dt_avg,dt_cont,duration,eta1,ndfpr,rvp,rvx,rvxe,spot_avg,M,S1,Volume
6MU4_20140618,25.217391304347824,50.440030581,62.589184782000004,93.130734848,61.01947549046584,0.20255754475703328,460.0,0.007114628152426088,0.004554521172927566,0.004528364910323817,76339.58785249457,3101.0,0.9897669130187606,22363.0
