,ask12qty,ask12tomid,ask1qty,ask1tomid,bid12qty,bid12tomid,bid1qty,bid1tomid,twspr1,twspr2
6MU4_20140703,408.95317189999594,1.6972384456202454,156.09649750770583,0.9977412257016646,383.2157058960385,1.8593760647446116,121.87836320267947,0.9977412257016646,1.9954824514033291,5.103355196570702
