,Li,lamb,Co,Al,u,eta
0,1.0,0.9774011299435028,26.0,146.0,0.08904109589041098,0.08702886773469548
1,2.0,0.022598870056497175,0.0,4.0,-0.5,-0.011299435028248588
