,Li,lamb,Co,Al,u,eta
0,1.0,0.9794520547945206,40.0,102.0,0.196078431372549,0.1920494225087295
1,2.0,0.02054794520547945,0.0,3.0,-0.5,-0.010273972602739725
