,Li,lamb,Co,Al,u,eta
0,1.0,1.0,66.0,279.0,0.11827956989247312,0.11827956989247312
