,chgavg,dt_alt,dt_avg,dt_cont,duration,eta1,ndfpr,rvp,rvx,rvxe,spot_avg,M,S1
6MU4_20140618,25.55187637969095,48.274971962,62.91312362000001,99.140610687,66.8200408413772,0.2057649855663101,453.0,0.007208624244013953,0.004699227616374224,0.004624375834049158,76367.1806167401,2928.0,0.9782805429864253
