,chgavg,dt_alt,dt_avg,dt_cont,duration,eta1,ndfpr,rvp,rvxe,spot_avg,M
6MU4_20140619,25.0,144.80003125000002,165.00112790600002,225.32076744100002,188.37293371915405,0.16796875,172.0,0.004284012413755751,0.002483018547196158,76533.67052023122,1621
