,ask12qty,ask12tomid,ask1qty,ask1tomid,bid12qty,bid12tomid,bid1qty,bid1tomid,twspr1,twspr2
6MU4_20140626,437.51508252812164,1.2230740574935035,149.14726224553712,0.50956064747492,458.3429702832095,1.1978347359477888,170.6327211780049,0.50956064747492,1.01912129494984,3.019121329672207
