,Li,lamb,Co,Al,u,eta
0,1.0,0.9957805907172996,58.0,177.0,0.1638418079096045,0.1631504922644163
1,2.0,0.004219409282700422,0.0,1.0,-0.5,-0.002109704641350211
