,Li,lamb,Co,Al,u,eta
0,1.0,0.9932432432432432,49.0,97.0,0.25257731958762886,0.25087071607690165
1,2.0,0.006756756756756757,0.0,1.0,-0.5,-0.0033783783783783786
