,chgavg,dt_alt,dt_avg,dt_cont,duration,eta1,ndfpr,rvp,rvx,rvxe,spot_avg,M,S1
6MU4_20140701,25.0,135.589309523,168.50589221500002,272.52235,194.0114387636218,0.15873015873015872,167.0,0.0042072979380004686,0.0023734868432116526,0.002370543835474407,76788.39285714286,1879.0,0.9983719983719984
