,Li,lamb,Co,Al,u,eta
0,1.0,1.0,6.0,41.0,0.07317073170731708,0.07317073170731708
