,ask12qty,ask12tomid,ask1qty,ask1tomid,bid12qty,bid12tomid,bid1qty,bid1tomid,twspr1,twspr2
6MU4_20140623,352.909089224429,1.8796670697685365,124.10662712996232,1.202385849712367,394.63939122449653,1.9005447574884116,144.5371595717737,1.202385849712367,2.404771699424734,4.40540569854236
