,Li,lamb,Co,Al,u,eta
0,1.0,1.0,68.0,116.0,0.29310344827586204,0.29310344827586204
