,chgavg,dt_alt,dt_avg,dt_cont,duration,eta1,ndfpr,rvp,rvxe,spot_avg,M
6MU4_20140623,25.513698630136986,181.76709523800002,196.405671232,235.46630000000002,208.98727907805196,0.1920494225087295,146.0,0.004070217804795784,0.002522546324017621,76477.72108843537,2103
