,ask12qty,ask12tomid,ask1qty,ask1tomid,bid12qty,bid12tomid,bid1qty,bid1tomid,twspr1,twspr2
6MU4_20140630,400.2378736364292,1.6430683578798428,152.76843562938282,0.9662924659242564,386.23953494769046,1.6786419129271986,143.67585404034708,0.9662924659242564,1.9325849318485129,4.132205373796886
