,Li,lamb,Co,Al,u,eta
0,1.0,0.9910714285714286,64.0,157.0,0.20382165605095542,0.20200181983621476
1,2.0,0.008928571428571428,1.0,1.0,0.5,0.004464285714285714
