,chgavg,dt_alt,dt_avg,dt_cont,duration,eta1,ndfpr,rvp,rvxe,spot_avg,M
6MU4_20140630,25.128205128205128,116.92126315700001,147.58432820500002,259.408547619,163.6333989662144,0.13835965359144167,195.0,0.004588672442284394,0.002413830596942841,76663.64795918367,1928
