,Li,lamb,Co,Al,u,eta
0,1.0,0.9915611814345991,67.0,167.0,0.20059880239520955,0.1989059854973597
1,2.0,0.008438818565400843,1.0,1.0,0.5,0.004219409282700422
