,Li,lamb,Co,Al,u,eta
0,1.0,1.0,29.0,75.0,0.19333333333333336,0.19333333333333336
