,chgavg,dt_alt,dt_avg,dt_cont,duration,eta1,ndfpr,rvp,rvx,rvxe,spot_avg,M,S1
6MU4_20140627,25.0,111.739423841,149.871005235,294.037871794,169.63076927130894,0.1291390728476821,191.0,0.004512380217953745,0.002296671539712695,0.0022932400428645836,76569.27083333333,1770.0,0.9973285841495992
