,chgavg,dt_alt,dt_avg,dt_cont,duration,eta1,ndfpr,rvp,rvx,rvxe,spot_avg,M,S1,Volume
6MU4_20140710,25.091911764705884,85.941179245,105.588246323,177.70962711800001,104.72694932782508,0.13929641761918038,272.0,0.00541656127416051,0.0028743149126513557,0.002858963639488627,76539.10256410256,2844.0,0.9979988564894225,18193.0
