,ask12qty,ask12tomid,ask1qty,ask1tomid,bid12qty,bid12tomid,bid1qty,bid1tomid,twspr1,twspr2
6MU4_20140701,427.8757387430932,1.4850965309138797,161.29057998570238,0.7906002141084698,346.0128638733513,1.4554658858542153,116.12280756656918,0.7906002141084698,1.5812004282169396,3.5841304362293696
