,chgavg,dt_alt,dt_avg,dt_cont,duration,eta1,ndfpr,rvp,rvxe,spot_avg,M
6MU4_20140616,25.0,216.15973333300002,268.965609523,412.690413793,308.5747531897928,0.19333333333333336,105.0,0.003359294998907763,0.002088894520397219,76257.78301886792,1422
